isco_code,occupation,task,vector,difficulty_threshold,time_weight_pct,machine_credit_2026
1330,IT Managers,"Manage backup, security and user help systems.",S_E,0.48,9.2,0.261
1330,IT Managers,"Direct daily operations of department, analyzing workflow, establishing priorities, developing standards and setting deadlines.",S_E,0.55,9.6,0.168
1330,IT Managers,"Meet with department heads, managers, supervisors, vendors, and others, to solicit cooperation and resolve problems.",S_E,0.55,8.3,0.168
1330,IT Managers,Review project plans to plan and coordinate project activity.,S_E,0.55,8.1,0.168
1330,IT Managers,"Assign and review the work of systems analysts, programmers, and other computer-related workers.",S_E,0.45,9.4,0.31
1330,IT Managers,"Develop computer information resources, providing for data security and control, strategic computing, and disaster recovery.",C_G,0.68,7.9,0.293
1330,IT Managers,"Consult with users, management, vendors, and technicians to assess computing needs and system requirements.",C_G,0.6,8.9,0.44
1330,IT Managers,"Evaluate the organization's technology use and needs and recommend improvements, such as hardware and software upgrades.",C_G,0.6,8.6,0.44
1330,IT Managers,"Formulating and directing information and communication technology (ICT) strategies, policies and plans.",S_E,0.6,6.0,0.119
1330,IT Managers,Directing the selection and installation of ICT resources and the provision of user training.,S_E,0.55,6.0,0.168
1330,IT Managers,"Establishing and managing budgets, controlling expenditure and ensuring the efficient use of resources.",S_E,0.55,6.0,0.168
1330,IT Managers,Establishing and directing operational and administrative procedures.,S_E,0.48,6.0,0.261
1330,IT Managers,"Overseeing the selection, training and performance of staff.",S_E,0.48,6.0,0.261
1431,Recreation Managers,Direct or participate in emergency management and contingency planning.,S_E,0.68,14.5,0.067
1431,Recreation Managers,"Planning and organizing the range and mix of entertainment, attractions, cultural activities, and sports and fitness programmes to be offered by the centre.",C_G,0.48,9.5,0.673
1431,Recreation Managers,Ensuring that facilities are kept clean and in good condition.,S_E,0.48,9.5,0.261
1431,Recreation Managers,Keeping abreast of new trends and developments in the creative arts and arranging theatrical productions and performances by bands and orchestras.,C_G,0.48,9.5,0.673
1431,Recreation Managers,"Advising on the facilities available and promoting publicity in relation to events, shows and activities.",C_G,0.6,9.5,0.44
1431,Recreation Managers,Checking and keeping custody of all cash receipts and making regular stock checks.,C_R,0.28,9.5,0.979
1431,Recreation Managers,"Establishing and managing budgets, controlling expenditure and ensuring the efficient use of resources.",S_E,0.45,9.5,0.31
1431,Recreation Managers,Planning and directing daily operations.,S_E,0.45,9.5,0.31
1431,Recreation Managers,"Controlling the selection, supervision and performance of staff.",S_E,0.48,9.5,0.261
1431,Recreation Managers,Ensuring compliance with health and safety regulations.,S_E,0.48,9.5,0.261
2111,Physicists,Collaborate with other astronomers to carry out research projects.,C_G,0.7,14.5,0.261
2111,Physicists,"Conducting research and improving or developing concepts, theories, instrumentation, software and operational methods related to physics and astronomy.",C_G,0.7,9.5,0.261
2111,Physicists,"Conducting experiments, tests and analyses on the structure and properties of matter in fields such as mechanics, thermodynamics, electronics, communications, power generation and distribution…",C_G,0.7,9.5,0.261
2111,Physicists,"Evaluating results of investigations and experiments and expressing conclusions, mainly using mathematical techniques and models.",C_G,0.7,9.5,0.261
2111,Physicists,"Applying principles, techniques and processes to develop or improve industrial, medical, military and other practical applications of the principles and techniques of physics or astronomy.",C_G,0.7,9.5,0.261
2111,Physicists,Ensuring the safe and effective delivery of radiation (ionising and non-ionising) to patients to achieve a diagnostic or therapeutic result as prescribed by a medical practitioner.,C_G,0.7,9.5,0.261
2111,Physicists,Ensuring the accurate measurement and characterization of physical quantities used in medical applications.,C_G,0.7,9.5,0.261
2111,Physicists,"Testing, commissioning and evaluating equipment used in applications such as imaging, medical treatment and dosimetry.",C_G,0.7,9.5,0.261
2111,Physicists,"Observing, analysing and interpreting celestial phenomena and developing methods, numerical models and techniques to extend knowledge of fields such as navigation, satellite communication, space…",C_G,0.7,9.5,0.261
2111,Physicists,"Developing, implementing and maintaining standards and protocols for the measurement of physical phenomena and for the use of nuclear technology in industrial and medical applications.",C_G,0.7,9.5,0.261
XDATA_SCI,Data Scientists,Analyze and interpret statistical data to identify significant differences in relationships among sources of information.,C_G,0.6,11.2,0.44
XDATA_SCI,Data Scientists,"Generate standard or custom reports summarizing business, financial, or economic data for review by executives, managers, clients, and other stakeholders.",C_R,0.58,11.0,0.808
XDATA_SCI,Data Scientists,"Design and validate clinical databases, including designing or testing logic checks.",C_G,0.6,10.6,0.44
XDATA_SCI,Data Scientists,"Develop and test experimental designs, sampling techniques, and analytical methods.",C_G,0.6,10.4,0.44
XDATA_SCI,Data Scientists,"Build exploratory analyses to identify signal, confounding factors, and data-quality anomalies in business datasets.",C_G,0.6,7.1,0.44
XDATA_SCI,Data Scientists,"Develop statistical and machine-learning models for forecasting, classification, and causal inference use cases.",C_G,0.7,7.1,0.261
XDATA_SCI,Data Scientists,"Design A/B test frameworks, define success metrics, and interpret experiment outcomes for decision support.",C_G,0.6,7.1,0.44
XDATA_SCI,Data Scientists,"Query and join multi-source datasets, then engineer features aligned to model objectives and domain constraints.",C_G,0.7,7.1,0.261
XDATA_SCI,Data Scientists,Communicate model findings with uncertainty bounds and actionable recommendations for product stakeholders.,C_G,0.7,7.1,0.261
XDATA_SCI,Data Scientists,Validate model assumptions with out-of-sample tests and monitor post-deployment performance degradation.,C_G,0.7,7.1,0.261
XDATA_SCI,Data Scientists,Automate reporting pipelines and dashboards that track KPI movement and model-impact indicators.,C_G,0.7,7.1,0.261
XDATA_SCI,Data Scientists,"Document data lineage, feature definitions, and reproducibility steps for peer review and governance.",C_R,0.43,7.1,0.933
2523,Computer Specialists,Develop and implement solutions for network problems.,C_G,0.6,12.2,0.44
2523,Computer Specialists,"Maintain networks by performing activities such as file addition, deletion, or backup.",C_R,0.28,13.5,0.979
2523,Computer Specialists,"Coordinate network operations, maintenance, repairs, or upgrades.",S_E,0.55,12.0,0.168
2523,Computer Specialists,"Analyzing, developing, interpreting and evaluating complex system design and architecture specifications, data models and diagrams in the development, configuration and integration of computer syst...",C_G,0.8,8.7,0.137
2523,Computer Specialists,"Monitoring network traffic, and activity, capacity and usage to ensure continued integrity and optimal network performance.",S_E,0.48,10.1,0.261
2523,Computer Specialists,"Assessing and recommending improvements to network operations and integrated hardware, software, communications and operating systems.",C_G,0.6,8.7,0.44
2523,Computer Specialists,Providing specialist skills in supporting and troubleshooting network problems and emergencies.,C_G,0.6,8.7,0.44
2523,Computer Specialists,"Installing, configuring, testing, maintaining and administering new and upgraded networks, software database applications, servers and workstations.",C_G,0.6,8.7,0.44
2523,Computer Specialists,"Preparing and maintaining procedures and documentation for network inventory, and recording diagnosis and resolution of network faults, enhancements and modifications to networks, and maintenance i...",C_G,0.55,8.7,0.54
2523,Computer Specialists,Recommend strategies for network architecture.,C_G,0.7,8.7,0.261
2152,Electronics Engineers,"Design and develop computer hardware and support peripherals, including central processing units (CPUs), support logic, microprocessors, custom integrated circuits, and printers and disk drives.",C_G,0.55,9.3,0.54
2152,Electronics Engineers,Confer with engineering staff and consult specifications to evaluate interface between hardware and software and operational and performance requirements of overall system.,C_G,0.6,9.3,0.44
2152,Electronics Engineers,"Design electronic components, software, products, or systems for commercial, industrial, medical, military, or scientific applications.",C_G,0.7,10.7,0.261
2152,Electronics Engineers,Operate computer-assisted engineering or design software or equipment to perform electronics engineering tasks.,C_G,0.6,9.1,0.44
2152,Electronics Engineers,"Evaluate project work to ensure effectiveness, technical adequacy, or compatibility in the resolution of complex electronics engineering problems.",C_G,0.55,8.8,0.54
2152,Electronics Engineers,"Advising on and designing electronic devices or components, circuits, semi-conductors, and systems.",C_G,0.6,6.6,0.44
2152,Electronics Engineers,"Specifying production or installation methods, materials and quality standards and directing production or installation work of electronic products and systems.",S_E,0.48,6.6,0.261
2152,Electronics Engineers,"Establishing control standards and procedures to ensure efficient functioning and safety of electronic systems, motors and equipment.",C_G,0.52,6.6,0.599
2152,Electronics Engineers,Organising and directing maintenance and repair of existing electronic systems and equipment.,S_E,0.55,6.6,0.168
2152,Electronics Engineers,"Designing electronic circuits and components for use in fields such as aerospace guidance and propulsion control, acoustics, or instruments and controls.",C_G,0.6,6.6,0.44
2152,Electronics Engineers,"Researching and advising on radar, telemetry and remote control systems, microwaves and other electronic equipment.",C_G,0.7,6.6,0.261
2152,Electronics Engineers,Designing and developing signal processing algorithms and implementing these through appropriate choice of hardware and software.,C_G,0.6,6.6,0.44
2152,Electronics Engineers,"Developing apparatus and procedures to test electronic components, circuits and systems.",C_G,0.6,6.6,0.44
2149,Engineers,"Design or develop nuclear equipment, such as reactor cores, radiation shielding, or associated instrumentation or control mechanisms.",C_G,0.78,10.0,0.157
2149,Engineers,"Monitor nuclear facility operations to identify any design, construction, or operation practices that violate safety regulations and laws or could jeopardize safe operations.",C_G,0.6,9.6,0.44
2149,Engineers,"Conduct engineering site audits to collect structural, electrical, and related site information for use in the design of residential or commercial solar power systems.",Phi_U,0.6,9.6,0.027
2149,Engineers,"Design or coordinate design of photovoltaic (PV) or solar thermal systems, including system components, for residential and commercial buildings.",C_G,0.6,9.4,0.44
2149,Engineers,"Troubleshoot new or existing product problems involving designs, materials, or processes.",C_G,0.6,9.4,0.44
2149,Engineers,"Applying knowledge of engineering to the design, development, and evaluation of biological and health systems and products, such as artificial organs, prostheses, and instrumentation.",C_G,0.6,6.5,0.44
2149,Engineers,"Designing devices used in various medical procedures, imaging systems such as magnetic resonance imaging, and devices for automating insulin injections or controlling body functions.",C_G,0.78,6.5,0.157
2149,Engineers,"Designing components of optical instruments such as lenses, microscopes, telescopes, lasers, optical disc systems and other equipment that utilize the properties of light.",C_G,0.6,6.5,0.44
2149,Engineers,"Designing, testing, and coordinating the development of explosive ordnance material to meet military procurement specifications.",C_G,0.6,6.5,0.44
2149,Engineers,Designing and overseeing construction and operation of nuclear reactors and power plants and nuclear fuels reprocessing and reclamation systems.,S_E,0.74,6.5,0.042
2149,Engineers,Assessing damage and providing calculations for marine salvage operations.,C_G,0.6,6.5,0.44
2149,Engineers,"Studying and advising on engineering aspects of particular manufacturing processes, such as those related to glass, ceramics, textiles, leather products, wood, and printing.",C_G,0.6,6.5,0.44
2149,Engineers,Identifying potential hazards and introducing safety procedures and devices.,C_G,0.6,6.5,0.44
2153,Telecom Engineers,"Design electronic components, software, products, or systems for commercial, industrial, medical, military, or scientific applications.",C_G,0.7,15.2,0.261
2153,Telecom Engineers,Operate computer-assisted engineering or design software or equipment to perform electronics engineering tasks.,C_G,0.6,13.0,0.44
2153,Telecom Engineers,"Direct or coordinate activities concerned with manufacture, construction, installation, maintenance, operation, or modification of electronic equipment, products, or systems.",S_E,0.55,12.3,0.168
2153,Telecom Engineers,"Advising on and designing telecommunications devices or components, systems, equipment and distribution centres.",C_G,0.6,11.2,0.44
2153,Telecom Engineers,"Specifying production or installation methods, materials, quality and safety standards and directing production or installation work of telecommunications products and systems.",S_E,0.48,9.6,0.261
2153,Telecom Engineers,"Organizing and directing maintenance and repair of existing telecommunication systems, motors and equipment.",S_E,0.55,9.6,0.168
2153,Telecom Engineers,"Planning and designing communications networks based on wired, fibre optical and wireless communication media.",C_G,0.6,9.6,0.44
2153,Telecom Engineers,Designing and developing signal processing algorithms and implementing these through appropriate choice of hardware and software.,C_G,0.6,9.6,0.44
2153,Telecom Engineers,"Designing telecommunications networks and radio and television distribution systems, including both cable and over the air.",C_G,0.6,9.6,0.44
2151,Electrical Engineers,"Design, implement, maintain, or improve electrical instruments, equipment, facilities, components, products, or systems for commercial, industrial, or domestic purposes.",C_G,0.65,9.1,0.345
2151,Electrical Engineers,Operate computer-assisted engineering or design software or equipment to perform engineering tasks.,C_G,0.6,8.7,0.44
2151,Electrical Engineers,"Confer with engineers, customers, or others to discuss existing or potential engineering projects or products.",C_G,0.6,8.5,0.44
2151,Electrical Engineers,"Prepare technical drawings, specifications of electrical systems, or topographical maps to ensure that installation and operations conform to standards and customer requirements.",C_G,0.48,8.3,0.673
2151,Electrical Engineers,Develop software to control electrical systems.,C_G,0.6,8.1,0.44
2151,Electrical Engineers,Compile data and write reports regarding existing or potential electrical engineering studies or projects.,C_G,0.6,8.1,0.44
2151,Electrical Engineers,"Advising on and designing power stations and systems which generate , transmit and distribute electrical power.",C_G,0.6,6.9,0.44
2151,Electrical Engineers,"Supervising, controlling and monitoring the operation of electrical generation, transmission and distribution systems.",S_E,0.68,7.8,0.067
2151,Electrical Engineers,"Advising on and designing systems for electrical motors, electrical traction and other equipment, or electrical domestic appliances.",C_G,0.6,6.9,0.44
2151,Electrical Engineers,Specifying electrical installation and application in industrial and other buildings and objects.,C_G,0.6,6.9,0.44
2151,Electrical Engineers,"Establishing control standards and procedures to monitor performance and safety of electrical generating and distribution systems, motors and equipment.",C_G,0.52,6.9,0.599
2151,Electrical Engineers,"Determining manufacturing methods for electrical systems, as well as maintenance and repair of existing electrical systems, motors and equipment.",C_G,0.58,6.9,0.48
2151,Electrical Engineers,"Advise on technological aspects of electrical engineering materials, products.",C_G,0.6,6.9,0.44
2162,Landscape Architects,"Confer with clients, engineering personnel, or architects on landscape projects.",C_G,0.42,10.6,0.769
2162,Landscape Architects,"Analyze data on conditions such as site location, drainage, or structure location for environmental reports or landscaping plans.",C_G,0.6,9.9,0.44
2162,Landscape Architects,"Prepare site plans, specifications, or cost estimates for land development.",C_G,0.42,10.6,0.769
2162,Landscape Architects,"Inspect landscape work to ensure compliance with specifications, evaluate quality of materials or work, or advise clients or construction personnel.",Phi_U,0.6,11.0,0.027
2162,Landscape Architects,Collaborate with architects or related professionals on whole building design to maximize the aesthetic features of structures or surrounding land and to improve energy efficiency.,C_G,0.6,9.3,0.44
2162,Landscape Architects,Prepare graphic representations or drawings of proposed plans or designs.,C_G,0.6,9.0,0.44
2162,Landscape Architects,Developing new or improved theories and methods in landscape architecture.,C_G,0.7,6.6,0.261
2162,Landscape Architects,"Inspecting sites and consulting clients, management and other stakeholders to determine type, style and size of proposed buildings, parks, roads and other open spaces.",Phi_U,0.6,6.6,0.027
2162,Landscape Architects,"Compiling and analyzing site and community data about geographical and ecological features, landforms, soils, vegetation, site hydrology, visual characteristics and human-made structures, to formul...",C_G,0.6,6.6,0.44
2162,Landscape Architects,Writing specifications and contract documents for use by builders and civil engineering contractors and calling tenders on behalf of clients.,C_G,0.6,6.6,0.44
2162,Landscape Architects,"Identifying and finding best solutions for problems regarding function and quality of exterior environments and making necessary designs, drawings and plans.",C_G,0.6,6.6,0.44
2162,Landscape Architects,Maintaining technical liaison and consultancy with other relevant specialists.,C_G,0.42,6.6,0.769
2144,Mechanical Engineers,"Research, design, evaluate, install, operate, or maintain mechanical products, equipment, systems or processes to meet requirements.",C_G,0.7,14.8,0.261
2144,Mechanical Engineers,"Specify system components or direct modification of products to ensure conformance with engineering design, performance specifications, or environmental regulations.",C_G,0.7,15.2,0.261
2144,Mechanical Engineers,"Design complete hull and superstructure according to specifications and test data, in conformity with standards of safety, efficiency, and economy.",C_G,0.52,14.4,0.599
2144,Mechanical Engineers,"Advising on and designing machinery and tools for manufacturing, mining, construction, agricultural, and other industrial purposes.",C_G,0.6,11.1,0.44
2144,Mechanical Engineers,"Advising on and designing steam, internal combustion and other non-electric motors and engines used for propulsion of railway locomotives, road vehicles or aircraft, or for driving industrial or…",C_G,0.7,11.1,0.261
2144,Mechanical Engineers,"Advising on and designing: hulls, superstructures and propulsion systems of ships.",C_G,0.6,11.1,0.44
2144,Mechanical Engineers,"Advising on and designing airframes, undercarriages and other equipment for aircraft as well as suspension systems, brakes, vehicle bodies and other components of road vehicles.",C_G,0.6,11.1,0.44
2144,Mechanical Engineers,"Ensuring that equipment, operation and maintenance comply with design specifications and safety standards.",C_G,0.52,11.1,0.599
2161,Architects,Develop final construction plans that include aesthetic representations of the structure or details for its construction.,C_G,0.6,10.4,0.44
2161,Architects,"Prepare scale drawings or architectural designs, using computer-aided design or other tools.",C_G,0.6,10.1,0.44
2161,Architects,"Prepare information regarding design, structure specifications, materials, color, equipment, estimated costs, or construction time.",C_G,0.6,12.0,0.44
2161,Architects,Integrate engineering elements into unified architectural designs.,C_G,0.6,9.9,0.44
2161,Architects,Plan layouts of structural architectural projects.,C_G,0.55,9.7,0.54
2161,Architects,Conduct periodic on-site observations of construction work to monitor compliance with plans.,Phi_U,0.58,11.1,0.031
2161,Architects,Prepare contract documents for building contractors.,C_R,0.58,9.4,0.808
2161,Architects,Developing new or improved architectural theories and methods.,C_G,0.6,6.8,0.44
2161,Architects,"Inspecting sites and consulting clients, management and other stakeholders to determine type, style and size of proposed buildings and alterations to existing buildings.",Phi_U,0.6,6.8,0.027
2161,Architects,Writing specifications and contract documents for use by builders and calling tenders on behalf of clients.,C_G,0.6,6.8,0.44
2161,Architects,"Identifying and finding best solutions for problems regarding function and quality of interior environments of buildings and making necessary designs, drawings and plans.",C_G,0.6,6.8,0.44
2164,Urban Planners,"Design, promote, or administer government plans or policies affecting land use, zoning, public utilities, community facilities, housing, or transportation.",C_G,0.75,10.4,0.192
2164,Urban Planners,Mediate community disputes or assist in developing alternative plans or recommendations for programs or projects.,C_G,0.55,10.0,0.54
2164,Urban Planners,Evaluate proposals for infrastructure projects or other development for environmental impact or sustainability.,C_G,0.6,9.6,0.44
2164,Urban Planners,"Discuss with planning officials the purpose of land use projects, such as transportation, conservation, residential, commercial, industrial, or community use.",S_E,0.55,11.3,0.168
2164,Urban Planners,Review and evaluate environmental impact reports pertaining to private or public planning projects or programs.,C_G,0.55,10.0,0.54
2164,Urban Planners,Develop plans for public or alternative transportation systems for urban or regional locations to reduce carbon output associated with transportation.,C_G,0.6,8.5,0.44
2164,Urban Planners,Planning layout and coordinating development of urban areas.,C_G,0.42,6.7,0.769
2164,Urban Planners,"Compiling and analyzing data on economic, legal, political, cultural, demographic, sociological, physical and environmental factors affecting land use.",C_G,0.7,6.7,0.261
2164,Urban Planners,"Conferring with government authorities, communities and specialists in fields such as architecture, planning, social science the environment and the law.",C_G,0.42,6.7,0.769
2164,Urban Planners,"Devising and recommending use and development of land, and presenting narrative and graphic plans, programs and designs to groups and individuals.",C_G,0.48,6.7,0.673
2164,Urban Planners,"Advising governments, companies and communities on urban and regional planning issues and proposals.",C_G,0.6,6.7,0.44
2164,Urban Planners,Planning and advising on routing and control of road traffic and public transportation systems for efficiency and safety.,C_G,0.48,6.7,0.673
2211,Physicians,"Perform such medical procedures as emergent cricothyrotomy, endotracheal intubation, and emergency thoracotomy.",Phi_U,0.88,9.2,0.003
2211,Physicians,"Prescribe or administer treatment, therapy, medication, vaccination, and other specialized medical care to treat or prevent illness, disease, or injury.",Phi_U,0.7,10.1,0.012
2211,Physicians,"Collect, record, and maintain patient information, such as medical history, reports, or examination results.",C_R,0.43,9.2,0.933
2211,Physicians,"Order, perform, and interpret tests and analyze records, reports, and examination information to diagnose patients' condition.",C_G,0.7,9.2,0.261
2211,Physicians,Explain procedures and discuss test results or prescribed treatments with patients.,C_G,0.7,9.2,0.261
2211,Physicians,"Diagnose diseases or study medical conditions, using techniques such as gross pathology, histology, cytology, cytopathology, clinical chemistry, immunology, flow cytometry, or molecular biology.",C_G,0.7,9.2,0.261
2211,Physicians,"Conducting physical examinations of patients and interviewing them and their families to determine their health status (b) ordering laboratory tests, X-rays and other diagnostic procedures and anal...",C_G,0.6,5.6,0.44
2211,Physicians,"Providing continuing medical care for patients including prescribing, administering, counselling on and monitoring curative treatments and preventive measures.",C_G,0.7,5.6,0.261
2211,Physicians,Performing surgery and other clinical procedures.,Phi_U,0.8,5.6,0.005
2211,Physicians,"Advising individuals, families and communities on health, nutrition and lifestyle which aid prevention or treatment of disease and disorders.",C_G,0.7,5.6,0.261
2211,Physicians,"Providing referrals to patients and families for specialized care in hospitals, rehabilitation centres or other types of health care centres.",C_G,0.55,10.3,0.54
2211,Physicians,Recording patients' medical information and history and exchanging information with specialist practitioners and other health workers as required for continuing medical care.,C_R,0.43,5.6,0.933
2211,Physicians,Conducting research in human health and medical services and disseminating the findings such as through scientific reports (k) planning and participating in programs designed to prevent the occurre...,C_G,0.48,5.6,0.673
2261,Dentists,Diagnose teeth and jaw or other dental-facial abnormalities.,C_G,0.76,10.8,0.179
2261,Dentists,"Study diagnostic records, such as medical or dental histories, plaster models of the teeth, photos of a patient's face and teeth, and X-rays, to develop patient treatment plans.",C_G,0.76,10.8,0.179
2261,Dentists,Provide patients with proposed treatment plans and cost estimates.,C_G,0.7,10.5,0.261
2261,Dentists,Examine patients to diagnose oral health conditions and diseases.,Phi_U,0.7,10.5,0.012
2261,Dentists,Administer anesthetics to limit the amount of pain experienced by patients during procedures.,Phi_U,0.6,11.9,0.027
2261,Dentists,"Diagnosing diseases, injuries, irregularities and malformations of teeth and associated structures in the mouth and jaw using a range of methods such as radiographs, salivary tests and medical hist...",C_G,0.7,6.5,0.261
2261,Dentists,"Providing preventative oral health care such as periodontal treatments, fluoride applications and oral health promotion.",Phi_U,0.7,6.5,0.012
2261,Dentists,"Providing surgical treatments such as extraction of teeth, biopsy of tissue, and performing orthodontic treatment.",Phi_U,0.76,6.5,0.008
2261,Dentists,Measuring and taking impressions of patients' jaws and teeth in order to determine the shape and size of dental prostheses.,Phi_U,0.76,6.5,0.008
2261,Dentists,"Designing , making, and fitting prosthodontic appliances such as space maintainers, bridges, and dentures, or writing fabrication instructions or prescriptions for dental prosthetic technicians.",Phi_U,0.76,6.5,0.008
2261,Dentists,Assisting in diagnosing general diseases having oral manifestations such as diabetes.,C_G,0.7,6.5,0.261
2261,Dentists,"Educating patients and families on dental hygiene, nutrition and other measures to take care of oral health.",C_G,0.5,6.5,0.636
2221,Nurses,Discuss illnesses and treatments with patients and family members.,C_G,0.7,11.6,0.261
2221,Nurses,"Educate patients and family members about mental health and medical conditions, preventive health measures, medications, or treatment plans.",C_G,0.7,11.7,0.261
2221,Nurses,"Develop treatment plans, based on scientific rationale, standards of care, and professional practice guidelines.",C_G,0.52,11.7,0.599
2221,Nurses,Monitor patients' medication usage and results.,C_G,0.6,11.7,0.44
2221,Nurses,"Planning, providing and evaluating nursing care for patients according to the practice and standards of modern nursing.",Phi_U,0.52,7.3,0.049
2221,Nurses,Coordinating the care of patients in consultation with other health professionals and members of health teams.,S_E,0.55,9.3,0.168
2221,Nurses,"Planning and providing personal care, treatments and therapies including administerin medications, and monitoring responses to treatment or care plan.",Phi_U,0.48,7.3,0.067
2221,Nurses,"Cleaning wounds and applying surgical dressings and bandages (f) monitoring pain and discomfort experienced by patients and alleviating pain using a variety of therapies, including the use of pain-...",Phi_U,0.76,7.3,0.008
2221,Nurses,"Planning and participating in health education programmes, health promotion and nurse education activities in clinical and community settings.",C_G,0.48,7.3,0.673
2221,Nurses,"Answering questions from patients and families and providing information about prevention of ill-health, treatment and care.",C_G,0.7,7.3,0.261
2221,Nurses,Conducting research on nursing practices and procedures and disseminating findings such as through scientific papers and reports.,C_G,0.7,7.3,0.261
2262,Pharmacists,"Provide information and advice regarding drug interactions, side effects, dosage, and proper medication storage.",C_R,0.43,12.5,0.933
2262,Pharmacists,"Maintain records, such as pharmacy files, patient profiles, charge system files, inventories, control records for radioactive nuclei, or registries of poisons, narcotics, or controlled drugs.",C_R,0.28,10.5,0.979
2262,Pharmacists,"Collaborate with other health care professionals to plan, monitor, review, or evaluate the quality or effectiveness of drugs or drug regimens, providing advice on drug applications or characteristics.",C_G,0.6,11.9,0.44
2262,Pharmacists,"Plan, implement, or maintain procedures for mixing, packaging, or labeling pharmaceuticals, according to policy and legal requirements, to ensure quality, security, and proper disposal.",C_G,0.55,10.3,0.54
2262,Pharmacists,"Order and purchase pharmaceutical supplies, medical supplies, or drugs, maintaining stock and storing and handling it properly.",C_G,0.6,10.3,0.44
2262,Pharmacists,"Receiving prescriptions for medicinal products from medical doctors and other health professionals, checking patients' medicine histories, and ensuring proper dosage and methods of administration a...",C_R,0.43,7.4,0.933
2262,Pharmacists,"Preparing or supervising the preparation and labelling of liquid medicines, ointments, powders, tablets and other medications to fill prescriptions.",C_G,0.6,7.4,0.44
2262,Pharmacists,"Maintaining prescription files and recording issue of narcotics, poisons and habit-forming drugs in accordance with legal and professional requirements.",C_R,0.28,7.4,0.979
2262,Pharmacists,"Storing and preserving vaccines, serums and other drugs subject to deterioration.",C_G,0.6,7.4,0.44
2262,Pharmacists,Advising clients on and supplying non-prescription medicines and diagnostic and therapeutic aids for common conditions.,C_G,0.6,7.4,0.44
2262,Pharmacists,"Conducting research to develop and improve pharmaceuticals, cosmetics and related chemical products.",C_G,0.7,7.4,0.261
2240,Paramedical Practitioners,Make tentative diagnoses and decisions about management and treatment of patients.,C_G,0.7,11.2,0.261
2240,Paramedical Practitioners,Interpret diagnostic test results for deviations from normal.,C_G,0.6,11.2,0.44
2240,Paramedical Practitioners,"Obtain, compile, and record patient medical data, including health history, progress notes, and results of physical examination.",C_R,0.43,12.6,0.933
2240,Paramedical Practitioners,"Administer or order diagnostic tests, such as x-ray, electrocardiogram, and laboratory tests.",C_G,0.6,13.0,0.44
2240,Paramedical Practitioners,"Instruct and counsel patients about prescribed therapeutic regimens, normal growth and development, family planning, emotional problems of daily living, and health maintenance.",C_G,0.7,11.0,0.261
2240,Paramedical Practitioners,"Performing basic or more routine medical and surgical procedures, including prescribing and administering treatments, medications and other preventive or curative measures, especially for common…",Phi_U,0.76,6.8,0.008
2240,Paramedical Practitioners,"Performing therapeutic procedures, such as injections, immunizations, suturing and wound care, and infection management.",Phi_U,0.6,6.8,0.027
2240,Paramedical Practitioners,Assisting medical doctors with complex surgical procedures.,Phi_U,0.76,6.8,0.008
2240,Paramedical Practitioners,"Monitoring patients' progress and response to treatment, and identifying signs and symptoms requiring referral to medical doctors.",C_G,0.7,6.8,0.261
2240,Paramedical Practitioners,"Advising patients and families on diet, exercise and other habits which aid prevention or treatment of disease and disorders.",C_G,0.7,6.8,0.261
2240,Paramedical Practitioners,"Identifying and referring complex or unusual cases to medical doctors, hospitals or other places for specialized care.",C_G,0.65,6.8,0.345
2114,Earth Scientists,"Plan or conduct geological, geochemical, or geophysical field studies or surveys, sample collection, or drilling and testing programs used to collect data for research or application.",C_G,0.65,12.7,0.345
2114,Earth Scientists,"Analyze and interpret geological data, using computer software.",C_G,0.6,16.9,0.44
2114,Earth Scientists,"Prepare geological maps, cross-sectional diagrams, charts, or reports concerning mineral extraction, land use, or resource management, using results of fieldwork or laboratory research.",C_G,0.7,11.8,0.261
2114,Earth Scientists,"Conducting research and improving or developing concepts, theories and operational methods related to geology and geophysics.",C_G,0.7,8.4,0.261
2114,Earth Scientists,"Interpreting research data and preparing geological reports, maps, charts and diagrams, reports and papers.",C_G,0.7,8.4,0.261
2114,Earth Scientists,"Applying geological knowledge to problems encountered in civil engineering projects such as the construction of dams, bridges, tunnels, and large buildings.",C_G,0.65,8.4,0.345
2114,Earth Scientists,"Using various remote sensing programs to investigate and measure seismic, gravitational, electrical, thermal, and magnetic forces affecting the Earth.",C_G,0.6,8.4,0.44
2114,Earth Scientists,"Estimating weight, size and mass of the Earth and composition and structure of its interior, and studying the nature, activity and predictability of volcanoes, glaciers and earthquakes.",C_G,0.75,8.4,0.192
2114,Earth Scientists,"Charting the Earth's magnetic field and applying this and other collected data for broadcasting, navigation and other purposes.",C_G,0.6,8.4,0.44
2114,Earth Scientists,"Locating and determining the nature and extent of oil, gas and mineral deposits using seismological, gravimetric, magnetic, electrical or radiometric methods.",C_G,0.58,8.4,0.48
2113,Chemists,"Conduct research on the structures and properties of materials, such as metals, alloys, polymers, and ceramics, to obtain information that could be used to develop new products or enhance existing...",C_G,0.7,11.4,0.261
2113,Chemists,Determine ways to strengthen or combine materials or develop new materials with new or specific properties for use in a variety of products and applications.,C_G,0.6,12.6,0.44
2113,Chemists,"Develop, improve, or customize products, equipment, formulas, processes, or analytical methods.",C_G,0.6,10.8,0.44
2113,Chemists,Plan laboratory experiments to confirm feasibility of processes and techniques used in the production of materials with special characteristics.,C_G,0.6,10.5,0.44
2113,Chemists,"Conducting research and improving or developing concepts, instruments, theories and operational methods related to chemistry.",C_G,0.7,7.8,0.261
2113,Chemists,"Conducting experiments, tests and analyses to investigate chemical composition and energy and chemical changes in various natural or synthetic substances, materials and products.",C_G,0.6,7.8,0.44
2113,Chemists,"Developing procedures for environmental control, quality control and various other procedures for manufacturers or users.",C_G,0.6,7.8,0.44
2113,Chemists,Conducting programs of sample and data collection and analysis to identify and quantify environmental toxicants.,C_G,0.6,7.8,0.44
2113,Chemists,"Participating in interdisciplinary research and development projects working with chemical engineers, biologists, microbiologists, agronomists, geologists or other professionals.",C_G,0.7,7.8,0.261
2113,Chemists,Using micro-organisms to convert substances into new compounds.,C_G,0.6,7.8,0.44
2113,Chemists,Preparing scientific papers and reports.,C_G,0.7,7.8,0.261
3512,Computing Techs,Oversee the daily performance of computer systems.,C_R,0.43,13.7,0.933
3512,Computing Techs,"Read technical manuals, confer with users, or conduct computer diagnostics to investigate and resolve problems or to provide technical assistance and support.",C_G,0.6,11.8,0.44
3512,Computing Techs,"Set up equipment for employee use, performing or ensuring proper installation of cables, operating systems, or appropriate software.",Phi_U,0.43,13.4,0.096
3512,Computing Techs,Answer user inquiries regarding computer software or hardware operation to resolve problems.,C_G,0.6,14.9,0.44
3512,Computing Techs,"Install and perform minor repairs to hardware, software, or peripheral equipment, following design or installation specifications.",Phi_U,0.52,13.1,0.049
3512,Computing Techs,Enter commands and observe system functioning to verify correct operations and detect errors.,C_R,0.43,12.3,0.933
3512,Computing Techs,"Maintain records of daily data communication transactions, problems and remedial actions taken, or installation activities.",C_R,0.43,11.9,0.933
3512,Computing Techs,"Consulting user guides, technical manuals and other documents to research and implement solutions.",C_G,0.55,9.0,0.54
3141,Lab Techs,"Monitor and observe experiments, recording production and test data for evaluation by research personnel.",C_R,0.5,11.0,0.889
3141,Lab Techs,"Provide technical support and services for scientists and engineers working in fields such as agriculture, environmental science, resource management, biology, and health sciences.",C_G,0.6,10.7,0.44
3141,Lab Techs,Keep detailed logs of all work-related activities.,C_R,0.35,19.7,0.964
3141,Lab Techs,"Assisting in designing, setting up and conducting experiments.",C_G,0.6,7.7,0.44
3141,Lab Techs,"Setting up, calibrating, operating and maintaining laboratory instruments and equipment.",C_G,0.6,7.7,0.44
3141,Lab Techs,"Collecting and preparing specimens and samples, chemical solutions and slides and growing cultures for use in experiments.",Phi_U,0.6,7.7,0.027
3141,Lab Techs,Performing routine field and laboratory tests.,C_G,0.52,7.7,0.599
3141,Lab Techs,Monitoring experiments to ensure adherence to correct laboratory quality control procedures and health and safety guidelines.,P_A,0.65,7.7,0.69
3141,Lab Techs,"Making observations of tests, and analyzing, calculating, recording and reporting test results using appropriate scientific methods.",C_G,0.7,7.7,0.261
3141,Lab Techs,Using computers to develop models and analyze data.,C_G,0.7,12.1,0.261
2411,Accountants and Auditors,"Report to management about asset utilization and audit results, and recommend changes in operations and financial activities.",C_G,0.6,10.6,0.44
2411,Accountants and Auditors,"Supervise auditing of establishments, and determine scope of investigation required.",C_G,0.66,10.7,0.327
2411,Accountants and Auditors,"Review financial records, such as income statements and documentation of expenditures to determine forms needed to prepare tax returns.",C_R,0.58,10.7,0.808
2411,Accountants and Auditors,Analyze monthly department budgeting and accounting reports to maintain expenditure controls.,C_G,0.55,10.4,0.54
2411,Accountants and Auditors,"Advising on, planning and installing budgetary, accounts controlling and other accounting policies and systems.",C_G,0.55,7.2,0.54
2411,Accountants and Auditors,"Preparing and certifying financial statements for presentation to management, shareholders and statutory or other bodies.",C_G,0.65,7.2,0.345
2411,Accountants and Auditors,"Preparing tax returns, advising on taxation problems and contesting disputed claims before tax officials.",C_G,0.6,7.2,0.44
2411,Accountants and Auditors,Preparing or reporting on profit forecasts and budgets.,C_G,0.7,7.2,0.261
2411,Accountants and Auditors,"Conducting financial investigations in such matters as suspected fraud, insolvency and bankruptcy.",C_G,0.65,7.2,0.345
2411,Accountants and Auditors,Auditing accounts and bookkeeping records.,C_G,0.6,7.2,0.44
2411,Accountants and Auditors,"Conducting investigations and advising management on financial aspects of productivity, stockholdings, sales, new products, etc.",C_G,0.6,7.2,0.44
2411,Accountants and Auditors,Devising and controlling a system to determine unit cost of products and services.,C_G,0.6,7.2,0.44
2413,Financial Analysts,Analyze credit data and financial statements to determine the degree of risk involved in extending credit or lending money.,C_G,0.6,15.8,0.44
2413,Financial Analysts,"Generate financial ratios, using computer programs, to evaluate customers' financial status.",C_G,0.6,14.2,0.44
2413,Financial Analysts,"Analyze financial data, such as income growth, quality of management, and market share to determine expected profitability of loans.",C_G,0.6,14.2,0.44
2413,Financial Analysts,"Analyzing financial information to produce forecasts of business, industry, and economic conditions for use in making investment decisions.",C_G,0.7,9.3,0.261
2413,Financial Analysts,"Maintaining knowledge and staying abreast of developments in the fields of industrial technology, business, finance, and economic theory.",C_G,0.55,9.3,0.54
2413,Financial Analysts,"Interpreting data affecting investment programs, such as price, yield, stability, future trends in investment risks, and economic influences.",C_G,0.6,9.3,0.44
2413,Financial Analysts,"Monitoring economic, industrial, and corporate developments through analysis of information obtained from financial publications and services, investment banking firms, government agencies, trade p...",C_G,0.6,9.3,0.44
2413,Financial Analysts,Determining the prices at which securities should be syndicated and offered to the public.,C_G,0.65,9.3,0.345
2413,Financial Analysts,Preparing plans of action for investment based on financial analyses. (h) evaluating and comparing the relative quality of various securities in a given industry.,C_G,0.6,9.3,0.44
2422,Policy Professionals,Liaising and consulting with program administrators and other interested parties to identify policy needs.,C_G,0.7,19.4,0.261
2422,Policy Professionals,Reviewing existing policies and legislation to identify anomalies and out-of-date provisions.,C_G,0.55,13.4,0.54
2422,Policy Professionals,"Researching social, economic and industrial trends, and client expectations of programs and services provided.",C_G,0.7,13.4,0.261
2422,Policy Professionals,"Formulating and analyzing policy options, preparing briefing papers and recommendations for policy changes, and advising on preferred options.",C_G,0.55,13.4,0.54
2422,Policy Professionals,"Assessing impacts, financial implications, interactions with other programs and political and administrative feasibility of policies.",C_G,0.7,13.4,0.261
2422,Policy Professionals,Conducting threat and risk assessments and developing responses.,C_G,0.48,13.4,0.673
2422,Policy Professionals,Reviewing operations and programs to ensure consistency with policies of the organization.,C_G,0.55,13.4,0.54
1222,Public Relations,"Plan and prepare advertising and promotional material to increase sales of products or services, working with customers, company officials, sales departments, and advertising agencies.",S_E,0.55,10.6,0.168
1222,Public Relations,"Inspect layouts and advertising copy, and edit scripts, audio, video, and other promotional material for adherence to specifications.",C_R,0.43,10.9,0.933
1222,Public Relations,"Confer with department heads or staff to discuss topics such as contracts, selection of advertising media, or product to be advertised.",S_E,0.55,10.4,0.168
1222,Public Relations,Coordinate with the media to disseminate advertising.,S_E,0.55,10.2,0.168
1222,Public Relations,Leading and managing the activities of advertising and public relations staff.,S_E,0.48,9.3,0.261
1222,Public Relations,"Negotiating advertising contracts with clients or with newspapers, radio and television stations, sports and cultural organizations and advertising agencies.",C_G,0.6,8.1,0.44
1222,Public Relations,"Planning and managing information programmes to inform legislators, the mass media and the general public about the plans, accomplishments and points of view of the enterprise or organization.",S_E,0.68,8.1,0.067
1222,Public Relations,Establishing and managing budgets and controlling expenditure and ensuring the efficient use of resources.,S_E,0.45,8.1,0.31
1222,Public Relations,Establishing and directing operational and administrative procedures.,S_E,0.48,8.1,0.261
1222,Public Relations,Planning and directing daily operations.,S_E,0.45,8.1,0.31
1222,Public Relations,"Overseeing the selection, training and performance of staff.",S_E,0.48,8.1,0.261
3332,Event Managers,"Coordinate services for events, such as accommodation and transportation for participants, facilities, catering, signage, displays, special needs requirements, printing and event security.",S_E,0.55,19.5,0.168
3332,Event Managers,Confer with staff at a chosen event site to coordinate details.,S_E,0.55,10.6,0.168
3332,Event Managers,Inspect event facilities to ensure that they conform to customer requirements.,Phi_U,0.55,10.6,0.039
3332,Event Managers,Conduct post-event evaluations to determine how future events could be improved.,C_G,0.55,9.8,0.54
3332,Event Managers,"Hire, train, and supervise volunteers and support staff required for events.",S_E,0.48,9.8,0.261
3332,Event Managers,Organize registration of event participants.,C_R,0.43,9.5,0.933
3332,Event Managers,"Promoting conferences, conventions and trade shows to potential customers.",C_R,0.43,7.5,0.933
3332,Event Managers,"Responding to inquiries concerning services provided and costs for room and equipment hire, catering and related services.",C_R,0.43,7.5,0.933
3332,Event Managers,Meeting with clients to discuss their needs and outlining package options to meet these needs.,C_G,0.55,7.5,0.54
3332,Event Managers,Negotiating the type and costs of services to be provided within budget.,C_G,0.6,7.5,0.44
2514,Applications Programmers,"Write, analyze, review, and rewrite programs, using workflow chart and diagram, and applying knowledge of computer capabilities, subject matter, and symbolic logic.",C_G,0.6,10.5,0.44
2514,Applications Programmers,"Perform or direct revision, repair, or expansion of existing programs to increase operating efficiency or adapt to new requirements.",S_E,0.48,11.9,0.261
2514,Applications Programmers,"Write, update, and maintain computer programs or software packages to handle specific jobs such as tracking inventory, storing or retrieving data, or controlling other equipment.",C_G,0.48,13.1,0.673
2514,Applications Programmers,Conduct trial runs of programs and software applications to be sure they will produce the desired information and that the instructions are correct.,C_G,0.43,10.8,0.754
2514,Applications Programmers,"Compile and write documentation of program development and subsequent revisions, inserting comments in the coded instructions so others can understand the program.",C_G,0.6,8.5,0.44
2514,Applications Programmers,Perform systems analysis and programming tasks to maintain and control the use of computer systems software as a systems programmer.,S_E,0.48,7.7,0.261
2514,Applications Programmers,"Assign, coordinate, and review work and activities of programming personnel.",S_E,0.55,7.7,0.168
2514,Applications Programmers,Writing and maintaining program code outlined in instructions and specifications in accordance with quality accredited standards.,C_G,0.52,8.3,0.599
2514,Applications Programmers,Compiling and writing documentation of program development.,C_G,0.6,7.2,0.44
2514,Applications Programmers,"Identifying and communicating technical problems, processes and solutions.",C_G,0.55,7.2,0.54
2514,Applications Programmers,"Evaluate incident management plans through testing and review, including table-top exercises, checklist review and simulation testing at planned intervals.",C_G,0.6,7.2,0.44
3513,Network Techs,Analyze and report computer network security breaches or attempted breaches.,C_G,0.6,9.6,0.44
3513,Network Techs,"Identify the causes of networking problems, using diagnostic testing software and equipment.",C_G,0.6,10.9,0.44
3513,Network Techs,"Install network software, including security or firewall software.",C_R,0.43,9.2,0.933
3513,Network Techs,Troubleshoot network or connectivity problems for users or user groups.,C_G,0.55,10.4,0.54
3513,Network Techs,"Evaluate local area network (LAN) or wide area network (WAN) performance data to ensure sufficient availability or speed, to identify network problems, or for disaster recovery purposes.",S_E,0.68,9.0,0.067
3513,Network Techs,"Install new hardware or software systems or components, ensuring integration with existing network systems.",Phi_U,0.58,14.7,0.031
3513,Network Techs,"Test computer software or hardware, using standard diagnostic testing equipment and procedures.",C_R,0.43,8.2,0.933
3513,Network Techs,Operating and maintaining data communications systems other than networks.,C_R,0.43,7.9,0.933
3513,Network Techs,Identifying areas needing upgraded equipment and software.,C_R,0.43,6.7,0.933
3513,Network Techs,Performing start up and close down as well as backup and disaster recovery operations for computer networks.,S_E,0.68,6.7,0.067
3513,Network Techs,"Evaluate incident management plans through testing and review, including table-top exercises, checklist review and simulation testing at planned intervals.",C_G,0.6,6.7,0.44
2529,Database & Network Pros,"Design or prepare graphic representations of Geographic Information Systems (GIS) data, using GIS hardware or software applications.",C_G,0.6,21.1,0.44
2529,Database & Network Pros,"Developing plans to safeguard computer files against accidental or unauthorized modification, destruction, or disclosure and to meet emergency data processing needs.",S_E,0.68,11.3,0.067
2529,Database & Network Pros,Training users and promoting security awareness to ensure system security and to improve server and network efficiency.,C_G,0.43,11.3,0.754
2529,Database & Network Pros,"Conferring with users to discuss issues such as computer data access needs, security violations, and programming changes.",C_R,0.43,11.3,0.933
2529,Database & Network Pros,Monitoring current reports of computer viruses to determine when to update virus protection systems.,C_G,0.43,11.3,0.754
2529,Database & Network Pros,Monitoring use of data files and regulate access to safeguard information in computer files.,C_R,0.28,11.3,0.979
2529,Database & Network Pros,Performing risk assessments and executing tests of data processing system to ensure functioning of data processing activities and security measures.,C_G,0.48,11.3,0.673
2529,Database & Network Pros,Encrypting data transmissions and erecting firewalls to conceal confidential information as it is being transmitted and to keep out tainted digital transfers.,C_R,0.43,11.3,0.933
2611,Lawyers,"Interpret laws, rulings and regulations for individuals and businesses.",C_G,0.6,10.9,0.44
2611,Lawyers,"Analyze the probable outcomes of cases, using knowledge of legal precedents.",C_G,0.7,8.7,0.261
2611,Lawyers,Gather evidence to formulate defense or to initiate legal actions by such means as interviewing clients and witnesses to ascertain the facts of a case.,C_G,0.7,9.9,0.261
2611,Lawyers,Represent clients in court or before government agencies.,C_G,0.7,8.5,0.261
2611,Lawyers,Evaluate findings and develop strategies and arguments in preparation for presentation of cases.,C_G,0.7,9.8,0.261
2611,Lawyers,"Advise clients concerning business transactions, claim liability, advisability of prosecuting or defending lawsuits, or legal rights and obligations.",C_G,0.7,8.5,0.261
2611,Lawyers,"Prepare, draft, and review legal documents, such as wills, deeds, patent applications, mortgages, leases, and contracts.",C_G,0.8,8.3,0.137
2611,Lawyers,"Researching legal principles, statutes and previous court decisions related to specific cases.",C_G,0.7,5.9,0.261
2611,Lawyers,Accepting briefs and pleading in the higher court.,C_G,0.7,5.9,0.261
2611,Lawyers,Acting as prosecutor on behalf of the Government.,C_G,0.75,5.9,0.192
2611,Lawyers,Negotiating settlements in matters which involve legal disputes.,C_G,0.7,5.9,0.261
2611,Lawyers,Drafting legislation and preparing government regulations based on existing laws.,C_G,0.6,5.9,0.44
2611,Lawyers,"Drawing up legal documents such as contracts, real estate transactions and wills and preparing statements of legal opinions.",C_G,0.7,5.9,0.261
2632,Sociologists,Analyze and interpret data to increase the understanding of human social behavior.,C_G,0.6,14.0,0.44
2632,Sociologists,Present research findings at professional meetings.,C_G,0.7,11.7,0.261
2632,Sociologists,"Conducting research on the origin, development, structure, social patterns, organizations and inter- relationships of human society.",C_G,0.7,8.7,0.261
2632,Sociologists,Tracing the origin and evolution of humanity through the study of changing characteristics and cultural and social institutions.,C_G,0.6,8.7,0.44
2632,Sociologists,"Tracing the development of humanity through the material remains of its past, such as dwellings, temples, tools, pottery, coins, weapons, or sculpture.",C_G,0.6,8.7,0.44
2632,Sociologists,"Studying physical and climatic aspects of areas and regions, and correlating these findings with economic, social and cultural activities.",C_G,0.6,8.7,0.44
2632,Sociologists,"Developing theories, models and methods to interpret and describe social phenomena.",C_G,0.7,8.7,0.261
2632,Sociologists,Evaluating the outcome of political decisions concerning social policy.,C_G,0.7,8.7,0.261
2632,Sociologists,Analyzing and evaluating social data.,C_G,0.6,13.4,0.44
2632,Sociologists,"Advising on the practical application of findings in the formulation of economic and social policies for population groups and regions, and for the development of markets.",C_G,0.7,8.7,0.261
2633,Humanities Academics,Teach political science.,C_G,0.6,12.2,0.44
2633,Humanities Academics,"Develop and test theories, using information from interviews, newspapers, periodicals, case law, historical papers, polls, or statistical sources.",C_G,0.7,11.9,0.261
2633,Humanities Academics,Advise political science students.,C_G,0.6,11.2,0.44
2633,Humanities Academics,"Researching, mostly by reasoning, into the general causes, principles and meanings of the world, human actions, experience and existence, and interpreting and developing philosophical concepts and...",C_G,0.7,8.1,0.261
2633,Humanities Academics,"Consulting and comparing primary sources, such as original or contemporary records of past events, and secondary sources such as archaeological or anthropological findings.",C_G,0.6,8.1,0.44
2633,Humanities Academics,"Extracting relevant material, checking its authenticity, and researching into and describing the history of a particular period, country or region, or a particular facet - for example economic…",C_G,0.7,8.1,0.261
2633,Humanities Academics,"Conducting research in such fields as political philosophy, or past and present theory and practice of political systems, institutions or behaviour.",C_G,0.7,8.1,0.261
2633,Humanities Academics,"Observing contemporary political institutions and opinions, collecting data on them from various sources, including interviews with government and political party officials and other relevant persons.",C_G,0.6,8.1,0.44
2633,Humanities Academics,"Developing theories, models and methods to interpret and describe the nature of human experience and historical and political events and behaviour.",C_G,0.7,8.1,0.261
2633,Humanities Academics,"Presenting findings and conclusions for publication or use by government, political parties or other organizations and interested persons.",C_G,0.6,8.1,0.44
2633,Humanities Academics,Preparing scholarly papers and reports.,C_G,0.7,8.1,0.261
2641,Authors and Screenwriters,"Read, evaluate and edit manuscripts or other materials submitted for publication, and confer with authors regarding changes in content, style or organization, or publication.",C_G,0.7,16.3,0.261
2641,Authors and Screenwriters,"Conduct research to obtain factual information and authentic detail, using sources such as newspaper accounts, diaries, and interviews.",C_G,0.7,17.8,0.261
2641,Authors and Screenwriters,"Conceiving, writing and editing novels, plays, scripts, poetry and other material for publication or presentation.",C_G,0.8,11.0,0.137
2641,Authors and Screenwriters,"Writing scripts and continuities and preparing programmes for stage, film, radio and television productions.",C_G,0.6,11.0,0.44
2641,Authors and Screenwriters,"Analyzing material, such as specifications, notes and drawings, and writing manuals, user guides and other documents to explain clearly and concisely the installation, operation and maintenance of...",C_G,0.6,11.0,0.44
2641,Authors and Screenwriters,"Writing brochures, handbooks and similar technical publications.",C_G,0.6,11.0,0.44
2641,Authors and Screenwriters,"Selecting material for publication, checking style, grammar and accuracy of content, arranging for any necessary revisions and checks proof copies before printing.",C_G,0.6,11.0,0.44
2641,Authors and Screenwriters,"Write books, scripts, storyboards, plays, essays, speeches, manuals, specifications.",C_G,0.6,11.0,0.44
3431,Photographers,"Create artificial light, using flashes and reflectors.",Phi_U,0.5,10.3,0.057
3431,Photographers,"Transfer photographs to computers for editing, archiving, and electronic transmission.",C_G,0.6,10.3,0.44
3431,Photographers,"Determine desired images and picture composition, selecting and adjusting subjects, equipment, and lighting to achieve desired effects.",C_G,0.6,10.3,0.44
3431,Photographers,"Manipulate and enhance scanned or digital images to create desired effects, using computers and specialized software.",C_G,0.6,10.8,0.44
3431,Photographers,"Enhance, retouch, and resize photographs and negatives, using airbrushing and other techniques.",C_G,0.6,9.7,0.44
3431,Photographers,"Set up, mount, or install photographic equipment and cameras.",Phi_U,0.58,9.3,0.031
3431,Photographers,"Taking photographs for advertising, or other commercial, industrial or scientific purposes and to illustrate stories and articles in newspapers, magazines and other publications.",Phi_U,0.7,6.4,0.012
3431,Photographers,Taking portrait photographs of persons and groups of persons.,Phi_U,0.6,6.4,0.027
3431,Photographers,"Studying requirements of a particular assignment and decide on type of camera, film, lighting and background accessories to be used.",C_G,0.55,6.4,0.54
3431,Photographers,"Determining picture composition, making technical adjustments to equipment and photograph subject.",C_G,0.6,6.4,0.44
3431,Photographers,Operating scanners to transfer photographic images to computers.,C_R,0.3,7.3,0.975
3431,Photographers,Adapting existing photographic images to create new digitized images to be included in multimedia products.,C_G,0.6,6.4,0.44
2652,Musicians,"Use gestures to shape the music being played, communicating desired tempo, phrasing, tone, color, pitch, volume, and other performance aspects.",Phi_U,0.7,11.9,0.012
2652,Musicians,Sing as a soloist or as a member of a vocal group.,Phi_U,0.77,15.4,0.007
2652,Musicians,"Apply elements of music theory to create musical and tonal structures, including harmonies and melodies.",C_G,0.78,11.2,0.157
2652,Musicians,"Consider such factors as ensemble size and abilities, availability of scores, and the need for musical variety, to select music to be performed.",C_G,0.6,11.2,0.44
2652,Musicians,"Play musical instruments as soloists, or as members or guest artists of musical groups such as orchestras, ensembles, or bands.",Phi_U,0.77,12.6,0.007
2652,Musicians,"Creating melodic, harmonic and rhythmic structures to express ideas and emotions in musical form.",C_G,0.8,7.3,0.137
2652,Musicians,Translating ideas and concepts into standard musical signs and symbols for reproduction and performance.,C_G,0.52,7.3,0.599
2652,Musicians,"Adapting or arranging music for particular instrumental or vocal groups, instruments or occasions.",C_G,0.6,8.4,0.44
2652,Musicians,Selecting music for performances and assigning instrumental parts to musicians.,C_G,0.6,7.3,0.44
2652,Musicians,Practising and rehearsing to maintain a high standard of performance.,Phi_U,0.52,7.3,0.049
2651,Visual Artists,"Create functional or decorative objects by hand, using a variety of methods and materials.",Phi_U,0.6,14.3,0.027
2651,Visual Artists,"Integrate and develop visual elements, such as line, space, mass, color, and perspective, to produce desired effects, such as the illustration of ideas, emotions, or moods.",C_G,0.6,11.2,0.44
2651,Visual Artists,"Create sculptures, statues, and other three-dimensional artwork by using abrasives and tools to shape, carve, and fabricate materials such as clay, stone, wood, or metal.",Phi_U,0.6,12.2,0.027
2651,Visual Artists,"Conceiving and developing ideas, designs and styles for paintings, drawings and sculptures.",C_G,0.6,14.3,0.44
2651,Visual Artists,"Arranging objects, positioning models, and selecting landscapes and other visual forms according to chosen subject matter.",Phi_U,0.42,8.0,0.103
2651,Visual Artists,"Selecting artistic media, method and materials.",C_G,0.6,8.0,0.44
2651,Visual Artists,"Creating representational or abstract drawings and paintings using pencils, ink, chalk, oil paints, water colours or through the application of other techniques.",Phi_U,0.58,8.0,0.031
2651,Visual Artists,"Creating drawings and engraving or etching them on metal, wood, or other materials.",Phi_U,0.6,8.0,0.027
2651,Visual Artists,"Creating cartoons to depict persons and events, often in caricature.",C_G,0.6,8.0,0.44
2651,Visual Artists,"Restoring damaged, soiled and faded paintings and other art objects.",Phi_U,0.6,8.0,0.027
5321,Nursing Associates,Feed patients or assist patients to eat or drink.,Phi_U,0.42,13.2,0.103
5321,Nursing Associates,"Provide patients with cognitive, intellectual, or developmental disabilities with routine physical, emotional, psychological, or rehabilitation care under the direction of nursing or medical staff.",Phi_U,0.52,13.0,0.049
5321,Nursing Associates,"Provide physical support to assist patients to perform daily living activities, such as getting out of bed, bathing, dressing, using the toilet, standing, walking, or exercising.",Phi_U,0.42,21.0,0.103
5321,Nursing Associates,Complete physical checks and monitor patients to detect unusual or harmful behavior and report observations to professional staff.,C_R,0.43,12.5,0.933
5321,Nursing Associates,"Providing care, support and treatment to patients and residents of medical, rehabilitative and residential care facilities as per treatment plans established by medical, nursing and other health…",Phi_U,0.48,14.5,0.067
5321,Nursing Associates,"Assisting patients with personal and therapeutic care needs such as personal hygiene, feeding, dressing, physical mobility and exercise, communication, taking oral medications and changing dressings.",Phi_U,0.6,8.5,0.027
5321,Nursing Associates,"Positioning, lifting and turning patients and transporting them in wheelchairs or on movable beds.",Phi_U,0.6,8.5,0.027
5321,Nursing Associates,"Maintaining patients' environmental hygiene standards, such as cleaning patient rooms and changing bed- linen.",Phi_U,0.3,8.5,0.231
3151,Ship Engineers,"Monitor engine, machinery, or equipment indicators when vessels are underway, and report abnormalities to appropriate shipboard staff.",P_A,0.7,11.3,0.599
3151,Ship Engineers,"Start engines to propel ships, and regulate engines and power transmissions to control speeds of ships, according to directions from captains or bridge computers.",Phi_S,0.82,11.1,0.053
3151,Ship Engineers,"Perform or participate in emergency drills, as required.",Phi_U,0.76,10.7,0.008
3151,Ship Engineers,"Perform general marine vessel maintenance or repair work, such as repairing leaks, finishing interiors, refueling, or maintaining decks.",Phi_S,0.7,10.7,0.128
3151,Ship Engineers,"Maintain or repair engines, electric motors, pumps, winches, or other mechanical or electrical equipment, or assist other crew members with maintenance or repair duties.",Phi_U,0.55,10.7,0.039
3151,Ship Engineers,"Maintain complete records of engineering department activities, including machine operations.",C_R,0.55,13.5,0.843
3151,Ship Engineers,"Controlling and participating in the operation, maintenance and repair of mechanical, electrical and electronic equipment and machinery on board ship.",Phi_S,0.7,10.5,0.128
3151,Ship Engineers,"Performing technical supervision of the installation, maintenance and repair of ship?s machinery and equipment to ensure compliance with specifications and regulations.",Phi_S,0.7,7.2,0.128
3151,Ship Engineers,"Inspecting and conducting maintenance and emergency repairs to engines, machinery and auxiliary equipment.",Phi_U,0.76,7.2,0.008
3151,Ship Engineers,"Standing engine room watch, monitoring and noting performance of engines, machinery and auxiliary equipment.",Phi_S,0.55,7.2,0.327
3152,Ship Captains,"Direct courses and speeds of ships, based on specialized knowledge of local winds, weather, water depths, tides, currents, and hazards.",C_R,0.7,11.6,0.618
3152,Ship Captains,Prevent ships under navigational control from engaging in unsafe operations.,Phi_S,0.7,10.8,0.128
3152,Ship Captains,"Consult maps, charts, weather reports, or navigation equipment to determine and direct ship movements.",Phi_S,0.7,10.8,0.128
3152,Ship Captains,Operate ship-to-shore radios to exchange information needed for ship operations.,Phi_S,0.7,10.4,0.128
3152,Ship Captains,Inspect vessels to ensure efficient and safe operation of vessels and equipment and conformance to regulations.,Phi_S,0.7,10.2,0.128
3152,Ship Captains,Commanding and navigating ship or similar vessel at sea or on inland waterways.,S_E,0.7,6.6,0.057
3152,Ship Captains,Controlling and participating in deck and bridge-watch activities.,Phi_S,0.48,6.6,0.46
3152,Ship Captains,"Navigating vessels into and out of ports and through channels, straits and other waters where special knowledge is required.",C_R,0.7,6.6,0.618
3152,Ship Captains,Ensuring safe loading and unloading of cargo and observance of safety regulations and procedures by crew and passengers.,Phi_S,0.4,6.6,0.618
3152,Ship Captains,Performing technical supervision of maintenance and repair of ship to ensure compliance with specifications and regulations.,Phi_S,0.7,6.6,0.128
3152,Ship Captains,Ordering ship?s stores and recruiting crew as required and maintaining record of operations.,Phi_S,0.7,6.6,0.128
3152,Ship Captains,Transmitting and receiving routine and emergency information with shore stations and other ships.,Phi_S,0.7,6.6,0.128
3153,Aircraft Pilots,"Check aircraft prior to flights to ensure that the engines, controls, instruments, and other systems are functioning properly.",C_R,0.7,11.4,0.618
3153,Aircraft Pilots,"Co-pilot aircraft or perform captain's duties, as required.",Phi_S,0.82,10.9,0.053
3153,Aircraft Pilots,Use instrumentation to pilot aircraft when visibility is poor.,Phi_S,0.82,10.9,0.053
3153,Aircraft Pilots,"Start engines, operate controls, and pilot airplanes to transport passengers, mail, or freight, adhering to flight plans, regulations, and procedures.",Phi_S,0.7,10.9,0.128
3153,Aircraft Pilots,"Inspect aircraft for defects and malfunctions, according to pre-flight checklists.",C_R,0.7,10.7,0.618
3153,Aircraft Pilots,"Monitor engine operation, fuel consumption, and functioning of aircraft systems during flights.",C_R,0.7,10.7,0.618
3153,Aircraft Pilots,Flying and navigating aircraft in accordance with established control and operating procedures.,Phi_S,0.7,6.7,0.128
3153,Aircraft Pilots,Preparing and submitting flight plan or examining standard flight plan.,Phi_S,0.7,6.7,0.128
3153,Aircraft Pilots,"Controlling the operation of mechanical, electrical and electronic equipment and ensuring that all instruments and controls work properly.",Phi_S,0.55,7.7,0.327
3153,Aircraft Pilots,Signing necessary certificates and maintaining official records of flight.,C_R,0.7,6.7,0.618
3153,Aircraft Pilots,Obtaining briefings and clearances before flights and maintaining contact with air traffic or flight control during flight.,C_R,0.7,6.7,0.618
3154,Air Traffic Controllers,"Inform pilots about nearby planes or potentially hazardous conditions, such as weather, speed and direction of wind, or visibility problems.",S_E,0.7,10.2,0.057
3154,Air Traffic Controllers,Transfer control of departing flights to traffic control centers and accept control of arriving flights.,S_E,0.7,10.0,0.057
3154,Air Traffic Controllers,Monitor or direct the movement of aircraft within an assigned air space or on the ground at airports to minimize delays and maximize safety.,S_E,0.7,11.4,0.057
3154,Air Traffic Controllers,Direct pilots to runways when space is available or direct them to maintain a traffic pattern until there is space for them to land.,S_E,0.7,9.8,0.057
3154,Air Traffic Controllers,"Direct ground traffic, including taxiing aircraft, maintenance or baggage vehicles, or airport workers.",S_E,0.7,11.2,0.057
3154,Air Traffic Controllers,"Contact pilots by radio to provide meteorological, navigational, or other information.",C_R,0.7,9.6,0.618
3154,Air Traffic Controllers,Directing and controlling aircraft operating in designated airspace sector.,S_E,0.7,6.3,0.057
3154,Air Traffic Controllers,Examining and approving flight plans.,C_R,0.7,6.3,0.618
3154,Air Traffic Controllers,"Informing flight crew and operations staff about weather conditions, operational facilities, flight (f) plans and air traffic.",S_E,0.7,6.3,0.057
3154,Air Traffic Controllers,Applying knowledge of principles and practices of air traffic control in order to identify and solve problems arising in the course of their work.,C_R,0.7,6.3,0.618
3154,Air Traffic Controllers,"Initiating and organizing emergency, search and rescue services and procedures.",S_E,0.68,6.3,0.067
3154,Air Traffic Controllers,"Maintaining radio and telephone contact with adjacent control towers, terminal control units and other control centres, and coordinating the movement of aircraft into adjoining areas.",S_E,0.7,6.3,0.057
3155,Aviation Safety Officers,"Modify, maintain, or repair electronics equipment or systems to ensure proper functioning.",Phi_U,0.58,11.2,0.031
3155,Aviation Safety Officers,Coordinate communications between air traffic control and maintenance personnel.,S_E,0.68,10.9,0.067
3155,Aviation Safety Officers,"Monitor the arrival, parking, refueling, loading, and departure of all aircraft.",Phi_S,0.7,10.4,0.128
3155,Aviation Safety Officers,"Carrying out technical duties related to the development of electronic and computerized air navigation systems and equipment, and testing prototypes.",Phi_S,0.7,7.5,0.128
3155,Aviation Safety Officers,Providing technical help in the design and layout of specific interface circuitry of air navigation and aircraft detection tracking systems.,Phi_S,0.7,7.5,0.128
3155,Aviation Safety Officers,Preparing and contributing to the preparation of cost estimates and technical and training specifications for air traffic control and safety equipment.,Phi_S,0.7,7.5,0.128
3155,Aviation Safety Officers,"Providing or assisting with the technical supervision of construction, installation and operation of ground- based air navigation equipment and its maintenance and repair to ensure that standards a...",Phi_U,0.58,7.5,0.031
3155,Aviation Safety Officers,Applying the knowledge and skills of air traffic safety engineering principles and practices in order to identify and solve problems arising in the course of their work.,C_G,0.6,7.5,0.44
3155,Aviation Safety Officers,"Developing, modifying and debugging system software.",C_G,0.6,7.5,0.44
3155,Aviation Safety Officers,"Modifying existing ground-based air navigation systems and equipment to adapt them to new air traffic control procedures, in order to improve capability, reliability and integrity, or to facilitate...",C_G,0.7,7.5,0.261
3155,Aviation Safety Officers,"Controlling, monitoring and certifying communication navigation and surveillance air traffic management equipment and calibrating the ground-based air navigation system to ensure maximum accuracy a...",Phi_S,0.7,7.5,0.128
3155,Aviation Safety Officers,Providing technical training and supervising other workers.,Phi_S,0.55,7.5,0.327
3256,Medical Assistants,Take and document patients' medical histories.,C_G,0.6,9.9,0.44
3256,Medical Assistants,"Interview patients to obtain medical information and measure their vital signs, weight, and height.",C_G,0.6,13.6,0.44
3256,Medical Assistants,"Record patients' medical history, vital statistics, or information such as test results in medical records.",C_R,0.58,10.8,0.808
3256,Medical Assistants,"Explain treatment procedures, medications, diets, or physicians' instructions to patients.",C_G,0.7,10.8,0.261
3256,Medical Assistants,"Assist physicians in performing ophthalmic procedures, including surgery.",Phi_U,0.8,9.3,0.005
3256,Medical Assistants,"Prepare treatment rooms for patient examinations, keeping the rooms neat and clean.",Phi_U,0.3,10.8,0.231
3256,Medical Assistants,"Collect blood, tissue, or other laboratory specimens, log the specimens, and prepare them for testing.",Phi_U,0.6,10.6,0.027
3256,Medical Assistants,"Assisting medical doctors and other health professionals to examine and treat patients, including measuring and recording vital signs, administering medications, and performing routine clinical…",Phi_U,0.43,6.0,0.096
3256,Medical Assistants,"Preparing and handling medical instruments and supplies, including sterilizing instruments and disposing of contaminated supplies in accordance with safety procedures.",Phi_U,0.6,6.0,0.027
3256,Medical Assistants,Providing prescription and drug refill information to pharmacies.,C_G,0.6,6.0,0.44
3256,Medical Assistants,"Scheduling appointments with patients, and preparing documentation required for billing, reporting and insurance purposes.",C_R,0.58,6.0,0.808
3212,Lab Technicians,"Analyze chromosomes found in biological specimens to aid diagnoses and treatments for genetic diseases such as congenital disabilities, fertility problems, and hematological disorders.",C_G,0.7,12.6,0.261
3212,Lab Technicians,Summarize test results and report to appropriate authorities.,C_G,0.6,12.2,0.44
3212,Lab Technicians,"Conducting chemical analysis of body fluids, including blood, urine, and spinal fluid, to determine presence of normal and abnormal components.",P_A,0.6,7.5,0.769
3212,Lab Technicians,"Operating, calibrating and maintaining equipment used in quantitative and qualitative analysis, such as spectrophotometers, calorimeters, flame photometers, and computer-controlled analyzers.",P_A,0.65,7.5,0.69
3212,Lab Technicians,Entering data from analysis of laboratory tests and clinical results into records-keeping systems and reporting results to medical practitioners and other health professionals.,C_R,0.43,7.5,0.933
3212,Lab Technicians,Analyzing samples of biological material for chemical content or reaction.,C_G,0.6,7.5,0.44
3212,Lab Technicians,"Setting up, cleaning, and maintaining laboratory equipment.",Phi_U,0.3,7.5,0.231
3212,Lab Technicians,Analyzing laboratory findings to check the accuracy of the results.,C_R,0.43,7.5,0.933
3212,Lab Technicians,"Establishing and monitoring programs to ensure the accuracy of laboratory results and developing, standardizing, evaluating, and modifying procedures, techniques and tests used in the analysis of s...",S_E,0.48,7.5,0.261
3212,Lab Technicians,"Obtaining specimens, cultivating, isolating and identifying microorganisms for analysis.",Phi_U,0.6,7.5,0.027
3212,Lab Technicians,Examining cells stained with dye to locate abnormalities.,C_G,0.6,7.5,0.44
3212,Lab Technicians,"Inoculating fertilized eggs, broths, or other bacteriological media with organisms.",Phi_U,0.6,7.5,0.027
2265,Dietitians,"Assess nutritional needs, diet restrictions, and current health plans to develop and implement dietary-care plans and provide nutritional counseling.",C_G,0.7,12.9,0.261
2265,Dietitians,"Advise patients and their families on nutritional principles, dietary plans, diet modifications, and food selection and preparation.",C_G,0.6,12.5,0.44
2265,Dietitians,Consult with physicians and health care personnel to determine nutritional needs and diet restrictions of patient or client.,C_G,0.6,15.4,0.44
2265,Dietitians,"Monitor food service operations to ensure conformance to nutritional, safety, sanitation and quality standards.",C_R,0.48,9.6,0.904
2265,Dietitians,"Instructing individuals, families and communities on nutrition, the planning of diets and preparation of food to maximize health benefits and reduce potential risks to health.",C_G,0.6,8.3,0.44
2265,Dietitians,"Planning diets and menus, supervising the preparation and serving of meals, and monitoring food intake and quality to provide nutritional care in settings offering food services.",C_G,0.6,8.3,0.44
2265,Dietitians,"Compiling and assessing data relating to health and nutritional status of individuals, groups and communities based on nutritional values of food served or consumed.",C_G,0.6,8.3,0.44
2265,Dietitians,"Planning and conducting nutrition assessments, intervention programmes, and education and training to improve nutritional levels among individuals and communities.",C_G,0.48,8.3,0.673
2265,Dietitians,Developing and evaluating food and nutrition products to meet nutritional requirements.,C_G,0.6,8.3,0.44
2265,Dietitians,Conducting research on nutrition and disseminating the findings at scientific conferences and in other settings.,C_G,0.7,8.3,0.261
3412,Social Workers,Develop and implement behavioral management and care plans for clients.,C_G,0.6,10.2,0.44
3412,Social Workers,"Visit individuals in homes or attend group meetings to provide information on agency services, requirements, or procedures.",C_R,0.43,10.2,0.933
3412,Social Workers,"Advise clients regarding food stamps, child care, food, money management, sanitation, or housekeeping.",C_G,0.6,8.8,0.44
3412,Social Workers,Helping persons with disabilities or the elderly to obtain services and to improve their ability to function in society.,C_G,0.6,7.9,0.44
3412,Social Workers,Assisting clients to identify options and develop plans of action while providing necessary support and assistance.,C_G,0.6,7.9,0.44
3412,Social Workers,"Assisting clients to identify and access community resources including legal, medical and financial assistance, housing, employment, transportation, assistance with moves, day care and other referr...",C_G,0.7,7.9,0.261
3412,Social Workers,"Counselling clients living in group homes and half-way houses, supervising their activities and assisting in pre-release and release planning.",S_E,0.48,7.9,0.261
3412,Social Workers,Participating in the selection and admission of clients to appropriate programs.,C_G,0.6,7.9,0.44
3412,Social Workers,Providing crisis intervention and emergency shelter services.,Phi_U,0.8,7.9,0.005
3412,Social Workers,"Implementing life skills workshops, substance abuse treatment programs, behaviour management programs, youth services programs and other community and social service programs under the supervision...",S_E,0.48,7.9,0.261
3412,Social Workers,Assisting in evaluating the effectiveness of interventions and programs by monitoring and reporting on clients' progress.,C_G,0.6,7.9,0.44
3412,Social Workers,"Maintaining contact with other social service agencies, schools and health care providers involved with clients to provide information and obtain feedback on clients' overall situation and progress.",C_R,0.43,7.9,0.933
3252,Health Records Clerks,Compile and maintain patients' medical records to document condition and treatment and to provide data for research or cost control and care improvement efforts.,C_G,0.7,12.5,0.261
3252,Health Records Clerks,"Maintain or operate a variety of health record indexes or storage and retrieval systems to collect, classify, store, or analyze information.",C_G,0.6,11.9,0.44
3252,Health Records Clerks,Process patient admission or discharge documents.,C_R,0.43,10.4,0.933
3252,Health Records Clerks,Protect the security of medical records to ensure that confidentiality is maintained.,C_R,0.58,11.9,0.808
3252,Health Records Clerks,Release information to persons or agencies according to regulations.,C_G,0.6,10.4,0.44
3252,Health Records Clerks,"Retrieve patient medical records for physicians, technicians, or other medical personnel.",C_R,0.58,10.4,0.808
3252,Health Records Clerks,"Review records for completeness, accuracy, and compliance with regulations.",C_R,0.58,11.9,0.808
3252,Health Records Clerks,Translating narrative descriptions and numeric information from medical records and other documents on health services delivery into codes associated with standard classification systems.,C_R,0.58,10.4,0.808
3252,Health Records Clerks,Supervising clerical and administrative workers involved in the maintenance of medical records.,S_E,0.58,10.4,0.137
3257,Health Inspector,Inspect food products and processing procedures to determine whether products are safe to eat.,C_R,0.43,13.7,0.933
3257,Health Inspector,Enforce safety rules and regulations.,C_G,0.6,13.5,0.44
3257,Health Inspector,"Inspect vehicles or other equipment for evidence of abuse, damage, or mechanical malfunction.",C_R,0.43,14.6,0.933
3257,Health Inspector,Giving advice on environmental sanitary problems and techniques.,C_G,0.6,8.9,0.44
3257,Health Inspector,"Inspecting places of work and, by interviews, observations and other means, obtaining information about work practices and accidents to determine compliance with safety rules and regulations.",C_R,0.58,8.9,0.808
3257,Health Inspector,"Inspecting areas of production, processing, transport, handling, storage and sale of products to ensure conformity with government and other rules, regulations and standards.",C_R,0.55,8.9,0.843
3257,Health Inspector,Inspecting establishments to ensure that they conform to government and other rules and regulations concerning emission of pollutants and disposal of dangerous wastes (h) initiating action to maint...,C_R,0.43,8.9,0.933
3257,Health Inspector,"Promoting preventive and corrective measures such as control of disease carrying organisms and of harmful substances in the air, hygienic food handling, proper disposal of waste and cleaning of pub...",C_G,0.48,8.9,0.673
3257,Health Inspector,"Estimating quantities and costs of materials and labour required for health, safety and sanitation remediation projects.",C_G,0.6,13.5,0.44
3259,Health Records Technicians,"Monitor patients' conditions and reactions, reporting abnormal signs to physician.",C_G,0.6,19.6,0.44
3259,Health Records Technicians,Document clients' progress toward meeting established treatment objectives.,C_G,0.52,19.6,0.599
3259,Health Records Technicians,"Interviewing and examining patients to obtain information on their health status and the nature and extent of injury, illness or other physical or mental health problem.",C_G,0.6,12.1,0.44
3259,Health Records Technicians,"Administering therapeutic care and treatment to patients, including the manual and physical choropractic an osteopathic techniques.",Phi_U,0.7,12.1,0.012
3259,Health Records Technicians,"Monitoring patients' progress through treatment plans, and identifying signs and symptoms requiring referral to a medical doctor or other health professional.",C_G,0.7,12.1,0.261
3259,Health Records Technicians,Recording information on patients' health status and responses to treatment in medical records-keeping systems.,C_R,0.58,12.1,0.808
3259,Health Records Technicians,Sharing information with other health care providers when required to ensure continuing and comprehensive care.,C_R,0.6,12.1,0.782
3311,Securities Traders,Make bids or offers to buy or sell securities.,C_R,0.43,16.1,0.933
3311,Securities Traders,"Buy or sell stocks, bonds, commodity futures, foreign currencies, or other securities on behalf of investment dealers.",C_R,0.43,19.1,0.933
3311,Securities Traders,Identify opportunities or develop channels for purchase or sale of securities or commodities.,C_G,0.6,14.3,0.44
3311,Securities Traders,Obtaining information about the financial circumstances of customers and companies in which investments may be made.,C_R,0.43,10.1,0.933
3311,Securities Traders,Informing prospective customers about market conditions and prospects.,C_R,0.43,10.1,0.933
3311,Securities Traders,"Advising on and participating in the negotiation of terms for, and organization of, loans and placement of stocks and bonds in the financial market to raise capital for customers.",C_G,0.6,10.1,0.44
3311,Securities Traders,"Deal on the foreign exchange, on spot, or on futures markets, on behalf of their own company or for customers on a commission basis.",C_R,0.43,10.1,0.933
3311,Securities Traders,They recommend transactions to clients or senior management.,C_G,0.6,10.1,0.44
3313,Accounting Techs,"Operate computers programmed with accounting software to record, store, and analyze information.",C_G,0.6,10.3,0.44
3313,Accounting Techs,"Prepare bank deposits by compiling data from cashiers, verifying and balancing receipts, and sending cash, checks, or other forms of payment to banks.",C_R,0.43,10.1,0.933
3313,Accounting Techs,"Operate 10-key calculators, typewriters, and copy machines to perform calculations and produce documents.",C_R,0.35,9.7,0.964
3313,Accounting Techs,Monitor status of loans and accounts to ensure that payments are up to date.,C_R,0.58,9.5,0.808
3313,Accounting Techs,Reconcile records of bank transactions.,C_R,0.43,11.1,0.933
3313,Accounting Techs,"Perform financial calculations, such as amounts due, interest charges, balances, discounts, equity, and principal.",C_R,0.43,9.3,0.933
3313,Accounting Techs,"Maintaining complete records of all financial transactions of an undertaking according to general bookkeeping principles, with guidance from Accountants.",C_R,0.43,7.5,0.933
3313,Accounting Techs,"Verifying accuracy of documents and records relating to payments, receipts and other financial transactions.",C_R,0.43,6.5,0.933
3313,Accounting Techs,Preparing financial statements and reports for specified periods.,C_R,0.58,6.5,0.808
3313,Accounting Techs,Applying knowledge of bookkeeping principles and practices in order to identify and solve problems arising in the course of their work.,C_R,0.6,6.5,0.782
3313,Accounting Techs,Using standard computer software packages to perform accounting and related calculations.,C_R,0.58,6.5,0.808
3313,Accounting Techs,Supervising the work of accounts and bookkeeping clerks.,S_E,0.5,6.5,0.231
3324,Trade Brokers,Monitor markets or positions.,C_R,0.43,11.3,0.933
3324,Trade Brokers,Agree on buying or selling prices at optimal levels for clients.,C_G,0.55,11.3,0.54
3324,Trade Brokers,"Buy or sell stocks, bonds, commodity futures, foreign currencies, or other securities on behalf of investment dealers.",C_R,0.43,11.1,0.933
3324,Trade Brokers,"Prepare shipping documentation, such as bills of lading, packing lists, dock receipts, or certificates of origin.",C_R,0.38,11.1,0.954
3324,Trade Brokers,Prepare invoices or cost quotations for freight transportation.,C_R,0.38,10.8,0.954
3324,Trade Brokers,Establishing contact between buyers and sellers of commodities.,C_R,0.43,7.4,0.933
3324,Trade Brokers,Discussing buying or selling requirements of clients and giving advice accordingly.,C_G,0.55,7.4,0.54
3324,Trade Brokers,Buying and selling cargo space on ships.,C_R,0.43,7.4,0.933
3324,Trade Brokers,Negotiating purchase or sale of commodities and commodity futures.,C_G,0.6,7.4,0.44
3324,Trade Brokers,"Finding cargo and/or storage space for commodities and negotiating freight, shipping and storage charges.",C_G,0.6,7.4,0.44
3324,Trade Brokers,Monitoring and analyzing market trends and other factors affecting the supply and demand for commodities and shipping services.,C_G,0.6,7.4,0.44
7232,Aircraft Technicians,Inspect completed work to certify that maintenance meets standards and that aircraft are ready for operation.,C_G,0.65,11.5,0.345
7232,Aircraft Technicians,"Read and interpret maintenance manuals, service bulletins, and other specifications to determine the feasibility and method of repairing or replacing malfunctioning or damaged components.",C_G,0.58,11.5,0.48
7232,Aircraft Technicians,"Maintain repair logs, documenting all preventive and corrective aircraft maintenance.",C_R,0.35,11.4,0.964
7232,Aircraft Technicians,"Examine and inspect aircraft components, including landing gear, hydraulic systems, and deicers to locate cracks, breaks, leaks, or other problems.",Phi_U,0.7,11.1,0.012
7232,Aircraft Technicians,Inspect airframes for wear or other defects.,Phi_U,0.58,11.8,0.031
7232,Aircraft Technicians,Reassemble engines following repair or inspection and reinstall engines in aircraft.,Phi_U,0.58,9.1,0.031
7232,Aircraft Technicians,"Fitting, examining, testing and servicing aircraft engines.",Phi_U,0.65,6.7,0.018
7232,Aircraft Technicians,Replacing engine components or complete engines.,Phi_U,0.65,6.7,0.018
7232,Aircraft Technicians,"Maintaining, repairing, overhauling, modifying and testing aircraft structural, mechanical and hydraulic systems.",Phi_U,0.58,6.7,0.031
7232,Aircraft Technicians,"Installing and testing electrical and electronic components, assemblies, and systems in aircraft.",Phi_U,0.58,6.7,0.031
7232,Aircraft Technicians,"Connecting components to assemblies such as radio systems, instruments, magnetos, inverters, and in-flight refueling systems.",Phi_U,0.42,6.7,0.103
4226,Receptionists,"Operate telephone switchboard to answer, screen, or forward calls, providing information, taking messages, or scheduling appointments.",C_R,0.43,13.1,0.933
4226,Receptionists,"Greet persons entering establishment, determine nature and purpose of visit, and direct or escort them to specific destinations.",C_R,0.43,13.1,0.933
4226,Receptionists,Schedule appointments and maintain and update appointment calendars.,C_R,0.38,12.2,0.954
4226,Receptionists,Analyze data to determine answers to questions from customers or members of the public.,C_G,0.6,11.6,0.44
4226,Receptionists,"Collect, sort, distribute, or prepare mail, messages, or courier deliveries.",Phi_S,0.43,10.7,0.56
4226,Receptionists,"Receiving and welcoming visitors, guests or clients.",C_R,0.43,13.4,0.933
4226,Receptionists,Dealing with telephone requests for information or appointments.,C_R,0.43,9.6,0.933
4226,Receptionists,Directing clients to appropriate location or person.,C_R,0.43,8.2,0.933
4226,Receptionists,"Supplying information pamphlets, brochures or forms.",C_R,0.43,8.2,0.933
3334,Real Estate Agents,Prepare detailed budgets and financial reports for properties.,C_R,0.45,10.0,0.923
3334,Real Estate Agents,"Sell, for a fee, real estate owned by others.",C_G,0.65,10.1,0.345
3334,Real Estate Agents,"Coordinate property closings, overseeing signing of documents and disbursement of funds.",S_E,0.55,9.9,0.168
3334,Real Estate Agents,"Manage and oversee operations, maintenance, administration, and improvement of commercial, industrial, or residential properties.",S_E,0.48,9.9,0.261
3334,Real Estate Agents,Obtain agreements from property owners to place properties for sale with real estate firms.,C_G,0.6,9.7,0.44
3334,Real Estate Agents,"Plan, schedule, and coordinate general maintenance, major repairs, and remodeling or construction projects for commercial or residential properties.",S_E,0.55,9.7,0.168
3334,Real Estate Agents,"Obtaining information about properties to be sold or leased, the circumstances of their owner and the needs of prospective buyers or tenants.",C_G,0.55,7.6,0.54
3334,Real Estate Agents,Facilitating negotiations with tenants and owners on rents and fees.,C_G,0.6,6.6,0.44
3334,Real Estate Agents,Drawing up leasing and sale agreements and estimating costs.,C_R,0.55,6.6,0.843
3334,Real Estate Agents,Arranging signing of lease agreements and transfer of property rights.,C_R,0.43,6.6,0.933
3334,Real Estate Agents,"Collecting rent and bond monies on behalf of owner and inspecting properties before, during and after tenancies.",Phi_U,0.55,6.6,0.039
3334,Real Estate Agents,Ensuring the availability of workers to perform maintenance of the properties.,S_E,0.5,6.6,0.231
3113,Electrical Technicians,"Modify, maintain, or repair electronics equipment or systems to ensure proper functioning.",Phi_U,0.58,16.4,0.031
3113,Electrical Technicians,"Test performance of electromechanical assemblies, using test instruments such as oscilloscopes, electronic voltmeters, or bridges.",C_R,0.55,10.8,0.843
3113,Electrical Technicians,Maintain service records of robotic equipment or automated production systems.,C_R,0.43,10.3,0.933
3113,Electrical Technicians,"Read blueprints, wiring diagrams, schematic drawings, or engineering instructions for assembling electronics units, applying knowledge of electronic theory and components.",C_G,0.6,10.3,0.44
3113,Electrical Technicians,Modify computer-controlled robot movements.,C_R,0.65,10.3,0.707
3113,Electrical Technicians,"Providing technical assistance in research on and development of electrical equipment and facilities, or testing prototypes.",C_G,0.7,8.5,0.261
3113,Electrical Technicians,Designing and preparing blueprints of electrical installations and circuitry according to the specifications given.,C_G,0.6,10.8,0.44
3113,Electrical Technicians,"Monitoring technical aspects of the manufacture, installation, utilization, maintenance and repair of electrical systems and equipment to ensure satisfactory performance and compliance with specifi...",Phi_U,0.58,7.5,0.031
3113,Electrical Technicians,"Planning installation methods, checking completed installation for safety and controls or undertaking the initial running of the new electrical equipment or systems.",C_R,0.43,7.5,0.933
3113,Electrical Technicians,"Assembling, installing, testing, calibrating, modifying and repairing electrical equipment and installations to conform with regulations and safety requirements.",P_A,0.65,7.5,0.69
3343,Admin & Executive Secretaries,"Record verbatim proceedings of courts, legislative assemblies, committee meetings, and other proceedings, using computerized recording equipment, electronic stenograph machines, or stenomasks.",C_R,0.43,26.4,0.933
3343,Admin & Executive Secretaries,Drafting administrative correspondence and minutes.,C_G,0.6,13.1,0.44
3343,Admin & Executive Secretaries,"Obtaining, proposing and monitoring deadlines and follow-up dates.",C_G,0.52,21.2,0.599
3343,Admin & Executive Secretaries,"Screening requests for meetings, scheduling and organizing meetings and travel arrangements.",C_R,0.45,13.1,0.923
3343,Admin & Executive Secretaries,"Assisting in the preparation of budgets, monitoring of expenditures, drafting of contracts and purchasing or acquisition orders.",C_G,0.6,13.1,0.44
3343,Admin & Executive Secretaries,Writing and answering business or technical letters and other similar correspondence.,C_G,0.6,13.1,0.44
3433,Library Techs,"Create functional or decorative objects by hand, using a variety of methods and materials.",Phi_U,0.6,15.5,0.027
3433,Library Techs,Process print and non-print library materials to prepare them for inclusion in library collections.,C_R,0.43,12.1,0.933
3433,Library Techs,Mounting and preparing objects for display.,Phi_U,0.6,8.7,0.027
3433,Library Techs,"Designing and arranging exhibit furnishings, display cases and display areas.",C_G,0.6,8.7,0.44
3433,Library Techs,Assisting in setting up lighting and display equipment.,Phi_U,0.6,8.7,0.027
3433,Library Techs,"Receiving, shipping, packing and unpacking exhibits.",Phi_U,0.6,8.7,0.027
3433,Library Techs,Ordering new library materials and maintaining library records and circulation systems.,C_R,0.43,8.7,0.933
3433,Library Techs,Entering data into databases and editing computer records.,C_R,0.43,8.7,0.933
3433,Library Techs,Operating audiovisual and reprographic equipment.,C_R,0.35,8.7,0.964
3433,Library Techs,Searching and verifying bibliographic data.,C_R,0.43,11.5,0.933
2635,Social Workers & Counsellors,"Counsel clients or patients, individually or in group sessions, to assist in overcoming dependencies, adjusting to life, or making changes.",C_G,0.7,12.1,0.261
2635,Social Workers & Counsellors,Perform crisis interventions to help ensure the safety of the patients and others.,Phi_U,0.6,10.9,0.027
2635,Social Workers & Counsellors,Develop and implement treatment plans based on clinical experience and knowledge.,C_G,0.7,10.7,0.261
2635,Social Workers & Counsellors,"Develop and implement individualized treatment plans addressing family relationship problems, destructive patterns of behavior, and other personal issues.",C_G,0.7,10.7,0.261
2635,Social Workers & Counsellors,"Interviewing clients individually, in families, or in groups, to assess their situation and problems and determine the types of services required.",C_G,0.6,6.9,0.44
2635,Social Workers & Counsellors,Analyzing the client's situation and presenting alternative approaches to resolving problems.,C_G,0.6,6.9,0.44
2635,Social Workers & Counsellors,"Providing counselling, therapy and mediation services and facilitating group sessions to assist clients to develop skills and insights needed to deal with and resolve their social and personal prob...",C_G,0.7,6.9,0.261
2635,Social Workers & Counsellors,"Planning and implementing programs of assistance for clients including crisis intervention and referral to agencies that provide financial assistance, legal aid, housing, medical treatment and othe...",C_G,0.48,6.9,0.673
2635,Social Workers & Counsellors,Investigating cases of abuse or neglect and taking action to protect children and other at risk persons.,C_G,0.6,6.9,0.44
2635,Social Workers & Counsellors,"Working with offenders during and after sentence, to help them to integrate into the community and to change attitudes and behaviour in order to reduce further offending.",C_G,0.6,6.9,0.44
2635,Social Workers & Counsellors,"Providing advice to prison governors and to probation and parole review boards that help determine whether, and under what conditions, an offender should be incarcerated, released from prison or…",C_G,0.6,6.9,0.44
2635,Social Workers & Counsellors,Developing prevention and intervention programs to meet community needs.,C_G,0.48,6.9,0.673
3422,Sports Coaches,"Officiate at sporting events, games, or competitions, to maintain standards of play and to ensure that game rules are observed.",S_E,0.48,12.4,0.261
3422,Sports Coaches,"Plan, organize, and conduct practice sessions.",Phi_U,0.6,10.7,0.027
3422,Sports Coaches,"Provide training direction, encouragement, motivation, and nutritional advice to prepare athletes for games, competitive events, or tours.",C_G,0.6,9.0,0.44
3422,Sports Coaches,"Adjust coaching techniques, based on the strengths and weaknesses of athletes.",C_G,0.6,10.2,0.44
3422,Sports Coaches,Plan strategies and choose team members for individual games or sports seasons.,S_E,0.48,8.8,0.261
3422,Sports Coaches,Teach and explain the rules and regulations governing a specific sport.,C_G,0.6,8.6,0.44
3422,Sports Coaches,"Planning, developing and implementing training and practice sessions.",C_G,0.48,6.0,0.673
3422,Sports Coaches,"Developing, planning and co-ordinating competitive schedules and programs.",S_E,0.45,9.4,0.31
3422,Sports Coaches,Motivating and preparing athletes or teams for competitive events or games.,C_G,0.6,6.9,0.44
3422,Sports Coaches,Analysing and evaluating athletes' or teams' performances and modifying training programs.,C_G,0.6,6.0,0.44
3422,Sports Coaches,"Monitoring and analysing technique and performance, and determining how future improvements can be made.",C_G,0.6,6.0,0.44
3422,Sports Coaches,"Judging the performance of competitors, awarding points, imposing penalties for infractions and determining results.",C_G,0.48,6.0,0.673
3514,Web Technicians,Write supporting code for Web applications or Web sites.,C_G,0.6,11.1,0.44
3514,Web Technicians,"Design, build, or maintain Web sites, using authoring or scripting languages, content creation tools, management tools, and digital media.",C_G,0.6,10.8,0.44
3514,Web Technicians,Back up files from Web sites to local directories for instant recovery in case of problems.,C_R,0.28,10.8,0.979
3514,Web Technicians,"Maintain and administer computer networks and related computing environments, including computer hardware, systems software, applications software, and all configurations.",C_R,0.43,14.0,0.933
3514,Web Technicians,Perform data backups and disaster recovery operations.,S_E,0.68,11.6,0.067
3514,Web Technicians,Develop databases that support Web applications and Web sites.,C_G,0.6,9.9,0.44
3514,Web Technicians,Perform or direct Web site updates.,C_R,0.43,9.9,0.933
3514,Web Technicians,"Installing, monitoring and supporting the reliability and usability of Internet and Intranet websites or web server hardware or software.",C_R,0.58,7.3,0.808
3514,Web Technicians,"Developing, coordinating, implementing and monitoring security measures.",C_G,0.6,7.3,0.44
3514,Web Technicians,"Analyzing and making recommendations to enhance performance, including upgrading and acquiring new systems.",C_G,0.6,7.3,0.44
3341,Office Managers,"Supervise the work of office, administrative, or customer service employees to ensure adherence to quality standards, deadlines, and proper procedures, correcting errors or problems.",S_E,0.48,9.4,0.261
3341,Office Managers,Provide employees with guidance in handling difficult or complex problems or in resolving escalated complaints or disputes.,S_E,0.6,10.5,0.119
3341,Office Managers,Discuss job performance problems with employees to identify causes and issues and to work on resolving problems.,S_E,0.55,8.7,0.168
3341,Office Managers,"Prepare and issue work schedules, deadlines, and duty assignments for office or administrative staff.",C_R,0.45,8.7,0.923
3341,Office Managers,"Recruit, interview, and select employees.",C_G,0.6,11.1,0.44
3341,Office Managers,Evaluate employees' job performance and conformance to regulations and recommend appropriate personnel action.,C_G,0.6,9.8,0.44
3341,Office Managers,Train or instruct employees in job duties or company policies or arrange for training to be provided.,C_G,0.7,9.8,0.261
3341,Office Managers,"Coordinating, assigning and reviewing the work of clerks engaged in the following duties: word processing, record keeping and filing, operating telephones and switchboards.",S_E,0.55,6.4,0.168
3341,Office Managers,"Data entry, desktop publishing and other activities involving general office and administrative skills.",C_R,0.38,6.4,0.954
3341,Office Managers,Establishing work schedules and procedures and co-coordinating activities with other work units or departments.,S_E,0.55,6.4,0.168
3341,Office Managers,Resolving work-related problems and preparing and submitting progress and other reports.,S_E,0.6,6.4,0.119
3341,Office Managers,"Co-ordinate the activities of workers in major group 4, Clerical support workers.",S_E,0.6,6.4,0.119
4411,Library Assistants,"Reserve, circulate, renew, and discharge books and other materials.",Phi_U,0.43,15.6,0.096
4411,Library Assistants,"Locate library materials for patrons, including books, periodicals, tape cassettes, Braille volumes, and pictures.",Phi_U,0.6,10.6,0.027
4411,Library Assistants,"Manage reserve materials by placing items on reserve for library patrons, checking items in and out of library, and removing out-of-date items.",Phi_U,0.43,10.4,0.096
4411,Library Assistants,"Help patrons find and use library resources, such as reference materials, audio-visual equipment, computers, and other electronic resources and provide technical assistance when needed.",C_R,0.6,10.2,0.782
4411,Library Assistants,Deliver and retrieve items throughout the library by hand or using pushcart.,Phi_U,0.6,10.2,0.027
4411,Library Assistants,Process print and non-print library materials to prepare them for inclusion in library collections.,Phi_U,0.43,10.2,0.096
4411,Library Assistants,"Lend, reserve, and collect books, periodicals, videotapes, and other materials at circulation desks and process materials for inter-library loans.",Phi_U,0.43,10.1,0.096
4411,Library Assistants,"Performing clerical activities such as manual and electronic filing, word processing and occasional typing.",C_R,0.28,7.5,0.979
4411,Library Assistants,Assisting library users in accessing basic library materials and making interlibrary loans.,C_R,0.6,7.5,0.782
4411,Library Assistants,Provide general library information to library users.,C_R,0.6,7.5,0.782
4412,Mail Carriers,"Return to the post office with mail collected from homes, businesses, and public mailboxes.",Phi_S,0.55,10.6,0.327
4412,Mail Carriers,"Sort mail for delivery, arranging it in delivery sequence.",Phi_S,0.4,10.8,0.618
4412,Mail Carriers,"Deliver mail to residences and business establishments along specified routes by walking or driving, using a combination of satchels, carts, cars, and small trucks.",Phi_S,0.55,10.8,0.327
4412,Mail Carriers,Meet schedules for the collection and return of mail.,C_R,0.55,10.8,0.843
4412,Mail Carriers,"Load vehicles with listed goods, ensuring goods are loaded correctly and taking precautions with hazardous goods.",Phi_S,0.7,10.6,0.128
4412,Mail Carriers,Sign for cash-on-delivery and registered mail before leaving the post office.,Phi_S,0.55,10.4,0.327
4412,Mail Carriers,Performing mail-handling duties in public post offices or privately owned delivery establishments.,Phi_S,0.55,7.2,0.327
4412,Mail Carriers,Sorting and delivering mail to private houses and businesses.,Phi_S,0.4,7.2,0.618
4412,Mail Carriers,Providing delivery confirmation records when requested by the client.,C_R,0.43,7.2,0.933
4412,Mail Carriers,Sorting and keeping simple records of incoming and outgoing correspondence and dispatching outgoing mail in various establishments.,Phi_S,0.4,7.2,0.618
4412,Mail Carriers,"Other duties in connection with mail services from post offices or related organizations, as well as from or within an establishment.",Phi_S,0.55,7.2,0.327
4214,Debt Collectors,"Locate and monitor overdue accounts, using computers and a variety of automated systems.",C_R,0.58,16.9,0.808
4214,Debt Collectors,"Arrange for debt repayment or establish repayment schedules, based on customers' financial situations.",C_G,0.55,16.6,0.54
4214,Debt Collectors,Advise customers of necessary actions and strategies for debt repayment.,C_G,0.7,16.6,0.261
4214,Debt Collectors,Receive payments and post amounts paid to customer accounts.,C_R,0.58,15.6,0.808
4214,Debt Collectors,"Telephoning, visiting, or writing to customers to collect money or arrange for later payments.",C_G,0.6,11.4,0.44
4214,Debt Collectors,Preparing reports including amounts collected and maintain records and files related to collection work.,C_R,0.28,11.4,0.979
4214,Debt Collectors,Recommending legal action or discontinuation of service when payment cannot be otherwise obtained.,C_G,0.7,11.4,0.261
4223,Switchboard Operators,"Operate communication systems, such as telephone, switchboard, intercom, two-way radio, or public address.",Phi_S,0.55,17.9,0.327
4223,Switchboard Operators,"Observe signal lights on switchboards, and dial or press buttons to make connections.",Phi_S,0.55,17.9,0.327
4223,Switchboard Operators,"Operate telephone switchboards and systems to advance and complete connections, including those for local, long distance, pay telephone, mobile, person-to-person, and emergency calls.",Phi_S,0.55,17.1,0.327
4223,Switchboard Operators,"Operating switchboards and consoles to connect, hold, transfer, and disconnect telephone calls.",Phi_S,0.55,11.8,0.327
4223,Switchboard Operators,Making connections for outgoing calls.,C_R,0.55,11.8,0.843
4223,Switchboard Operators,Dealing with telephone inquiries and recording messages.,C_R,0.43,11.8,0.933
4223,Switchboard Operators,Investigating operating system problems and informing repair services.,C_R,0.58,11.8,0.808
4419,Clerical Workers,Review orders for completeness according to reporting procedures and forward incomplete orders for further processing.,C_R,0.43,11.8,0.933
4419,Clerical Workers,Ensure that money collected is properly recorded and secured.,C_R,0.43,11.8,0.933
4419,Clerical Workers,Recommend merchandise or services that will meet customers' needs.,C_G,0.6,11.7,0.44
4419,Clerical Workers,Check inventory records to determine availability of requested merchandise.,C_R,0.43,11.5,0.933
4419,Clerical Workers,"Verify customer and order information for correctness, checking it against previously obtained information as necessary.",C_R,0.43,11.5,0.933
4419,Clerical Workers,Direct specified departments or units to prepare and ship orders to designated locations.,S_E,0.55,11.2,0.168
4419,Clerical Workers,Maintain files and control records to show correspondence activities.,C_R,0.48,11.1,0.904
4419,Clerical Workers,"Collect payment for merchandise, record transactions, and send items, such as checks or money orders for further processing.",C_R,0.43,11.1,0.933
4419,Clerical Workers,"Reading newspapers, magazines, press releases and other publications to locate and file articles of interest to staff and clients.",C_R,0.28,8.2,0.979
4312,Finance Clerks,"Prepare insurance claim forms or related documents, and review them for completeness.",C_R,0.58,10.7,0.808
4312,Finance Clerks,Perform teller duties as required.,C_R,0.43,10.2,0.933
4312,Finance Clerks,"Assemble and compile documents for loan closings, such as title abstracts, insurance forms, loan forms, and tax receipts.",C_R,0.58,10.2,0.808
4312,Finance Clerks,"Compile information about new accounts, enter account information into computers, and file related forms or other documents.",C_R,0.58,11.7,0.808
4312,Finance Clerks,Keep records of customers' charges and payments.,C_R,0.43,10.2,0.933
4312,Finance Clerks,"Processing insurance enrolments, cancellations, claims transactions, policy changes and payments.",C_R,0.58,6.7,0.808
4312,Finance Clerks,Obtaining and compiling statistical or actuarial data based on routine or special sources of information.,C_R,0.66,13.2,0.69
4312,Finance Clerks,"Calculating totals, averages, percentages and other details and presenting them in the required tabular form.",C_R,0.43,6.7,0.933
4312,Finance Clerks,"Preparing financial documents, and calculating interest or brokerage charges and stamp duties payable.",C_R,0.43,6.7,0.933
4312,Finance Clerks,"Maintaining records of bonds, shares and other securities bought or sold on behalf of clients or employer.",C_R,0.43,6.7,0.933
4312,Finance Clerks,"Compute statistical or actuarial data or perform clerical tasks relating to the transactions of insurance establishments, banks.",C_R,0.66,6.7,0.69
4313,Payroll Assistants,"Verify attendance, hours worked, and pay adjustments, and post information onto designated records.",C_R,0.43,10.8,0.933
4313,Payroll Assistants,Process and issue employee paychecks and statements of earnings and deductions.,C_R,0.43,9.8,0.933
4313,Payroll Assistants,Prepare and file payroll tax returns.,C_R,0.58,9.7,0.808
4313,Payroll Assistants,Process paperwork for new employees and enter employee information into the payroll system.,C_R,0.58,10.9,0.808
4313,Payroll Assistants,"Review time sheets, work charts, wage computation, and other information to detect and reconcile payroll discrepancies.",C_R,0.58,11.1,0.808
4313,Payroll Assistants,"Record employee information, such as exemptions, transfers, and resignations, to maintain and update payroll records.",C_R,0.58,10.8,0.808
4313,Payroll Assistants,"Compile employee time, production, and payroll data from time sheets and other records.",C_R,0.58,9.1,0.808
4313,Payroll Assistants,Keep informed about changes in tax and deduction laws that apply to the payroll process.,C_R,0.58,8.9,0.808
4313,Payroll Assistants,"Maintaining records of employee attendance, leave and overtime to calculate pay and benefit entitlements, using manual or computerized systems.",C_R,0.43,6.3,0.933
4313,Payroll Assistants,"Preparing and verifying statements of earnings for employees, indicating gross and net salaries and deductions such as taxes, union dues, garnishments and insurance and pension plans.",C_R,0.58,6.3,0.808
4313,Payroll Assistants,Preparing employee payments and benefit payments by cheque or electronic transfer.,C_R,0.43,6.3,0.933
1420,Retail & Wholesale Managers,"Determining product mix, stock levels and service standards.",C_G,0.6,14.3,0.44
1420,Retail & Wholesale Managers,"Formulating and implementing purchasing and marketing policies, and setting prices.",C_G,0.65,14.3,0.345
1420,Retail & Wholesale Managers,Maintaining records of stock levels and financial transactions.,C_R,0.43,14.3,0.933
1420,Retail & Wholesale Managers,Undertaking budgeting for the establishment.,C_G,0.55,14.3,0.54
1420,Retail & Wholesale Managers,"Controlling selection, training and supervision of staff.",S_E,0.55,14.3,0.168
1420,Retail & Wholesale Managers,Ensuring compliance with occupational health and safety regulations.,S_E,0.48,14.3,0.261
1420,Retail & Wholesale Managers,Control the operations of establishments that sell goods on a retail or wholesale basis.,S_E,0.48,14.3,0.261
5132,Bartenders,Check identification of customers to verify age requirements for purchase of alcohol.,C_R,0.43,13.1,0.933
5132,Bartenders,Take beverage orders from serving staff or directly from patrons.,C_R,0.43,13.1,0.933
5132,Bartenders,Serve snacks or food items to customers seated at the bar.,Phi_U,0.43,12.8,0.096
5132,Bartenders,Supervise the work of bar staff and other bartenders.,S_E,0.48,10.9,0.261
5132,Bartenders,"Mix ingredients, such as liquor, soda, water, sugar, and bitters, to prepare cocktails and other drinks.",Phi_U,0.43,12.5,0.096
5132,Bartenders,Preparing and serving alcoholic and non-alcoholic drinks at a bar.,Phi_U,0.43,7.5,0.096
5132,Bartenders,"Washing used glassware, cleaning and maintaining bar service areas, tea and coffee-making areas and equipment such as espresso machines.",Phi_U,0.55,7.5,0.039
5132,Bartenders,"Collecting payment for sales, operating cash registers and balancing cash receipts.",C_R,0.28,7.5,0.979
5132,Bartenders,Tapping kegs and attaching supply lines.,Phi_U,0.43,7.5,0.096
5132,Bartenders,Assisting in keeping bar properly stocked and arranging bottles and glasses.,Phi_U,0.43,7.5,0.096
9334,Shelf Stockers,Answer customers' questions about merchandise and advise customers on merchandise selection.,C_G,0.6,10.7,0.44
9334,Shelf Stockers,Keep records of out-going orders.,C_R,0.43,9.8,0.933
9334,Shelf Stockers,"Stock shelves, racks, cases, bins, and tables with new or transferred merchandise.",Phi_U,0.43,9.8,0.096
9334,Shelf Stockers,Obtain merchandise from bins or shelves.,Phi_U,0.43,9.6,0.096
9334,Shelf Stockers,"Receive, unload, open, unpack, or issue sales floor merchandise.",Phi_U,0.42,9.4,0.103
9334,Shelf Stockers,"Placing goods neatly in bins and on racks, and stacking bulky goods on floors.",Phi_U,0.42,7.1,0.103
9334,Shelf Stockers,Filling shelves with goods ensuring goods with the earliest use-by dates are at the front of shelves.,Phi_U,0.43,8.1,0.096
9334,Shelf Stockers,Maintaining shelf order by removing stock belonging in a different location.,Phi_U,0.43,7.1,0.096
9334,Shelf Stockers,Noting what has been sold and collecting goods needed from the stockroom.,Phi_U,0.43,7.1,0.096
9334,Shelf Stockers,Obtaining articles for customers from shelf or stockroom.,Phi_U,0.43,7.1,0.096
9334,Shelf Stockers,Directing customers to location of articles sought.,C_R,0.43,7.1,0.933
9334,Shelf Stockers,"Receiving, opening, unpacking, and inspecting for damage merchandise from manufacturer or distributor.",Phi_U,0.43,7.1,0.096
5230,Cashiers,"Exchange money, credit, tickets, or casino chips and make change for customers.",C_R,0.43,9.7,0.933
5230,Cashiers,Count money and audit money drawers.,C_R,0.45,9.7,0.923
5230,Cashiers,"Receive payment by cash, check, credit cards, vouchers, or automatic debits.",C_R,0.43,11.3,0.933
5230,Cashiers,Check identifications to verify age of players.,C_R,0.43,9.7,0.933
5230,Cashiers,"Calculate total payments received during a time period, and reconcile this with total sales.",C_R,0.43,9.6,0.933
5230,Cashiers,"Issue receipts, refunds, credits, or change due to customers.",C_R,0.43,9.6,0.933
5230,Cashiers,Count money in cash drawers at the beginning of shifts to ensure that amounts are correct and that there is adequate change.,C_R,0.43,9.4,0.933
5230,Cashiers,Giving change and issuing receipts.,C_R,0.43,6.2,0.933
5230,Cashiers,Issuing tickets for attendance at sporting and cultural events.,C_R,0.43,6.2,0.933
5230,Cashiers,"Receiving incoming cash, checking it against sales slips and other documents, and preparing it for deposit at bank.",C_R,0.43,6.2,0.933
5230,Cashiers,"Scanning, weighing and recording prices of goods.",Phi_U,0.28,6.2,0.261
5230,Cashiers,Wrapping and placing merchandise in bags.,Phi_U,0.43,6.2,0.096
5245,Service Station Staff,"Collect cash payments from customers, and make change or charge purchases to customers' credit cards, providing customers with receipts.",C_R,0.43,14.9,0.933
5245,Service Station Staff,"Check tire pressure and levels of fuel, motor oil, transmission, radiator, battery, or other fluids, adding air or fluids as required.",Phi_U,0.45,12.7,0.083
5245,Service Station Staff,"Prepare daily reports of fuel, oil, and accessory sales.",C_R,0.43,11.1,0.933
5245,Service Station Staff,"Perform minor repairs, such as adjusting brakes, replacing spark plugs, or changing engine oil or filters.",Phi_U,0.58,10.9,0.031
5245,Service Station Staff,Activate fuel pumps and fill fuel tanks of vehicles with gasoline or diesel fuel to specified levels.,Phi_U,0.45,11.9,0.083
5245,Service Station Staff,Washing vehicle windscreens and windows.,Phi_U,0.3,7.7,0.231
5245,Service Station Staff,"Performing minor repair work to vehicles such as replacing tyres, light bulbs and windscreen wiper blades.",Phi_U,0.58,7.7,0.031
5245,Service Station Staff,Maintaining and operating automatic car wash facilities.,Phi_U,0.3,7.7,0.231
5245,Service Station Staff,"Cleaning petrol pumps and surrounding driveway, shop and facilities.",Phi_U,0.3,7.7,0.231
5245,Service Station Staff,"Undertaking stock control and preparing reports on fuel, oil, accessories and other items sold.",C_R,0.43,7.7,0.933
5221,Shopkeepers,"Direct and coordinate activities of businesses or departments concerned with the production, pricing, sales, or distribution of products.",S_E,0.55,15.3,0.168
5221,Shopkeepers,"Direct or coordinate financial or budget activities to fund operations, maximize investments, or increase efficiency.",S_E,0.55,14.5,0.168
5221,Shopkeepers,"Perform sales floor work, such as greeting or assisting customers, stocking shelves, or taking inventory.",Phi_U,0.42,14.5,0.103
5221,Shopkeepers,"Determining product mix, stock and price levels for goods to be sold.",C_G,0.55,11.1,0.54
5221,Shopkeepers,Determining prices and displaying goods for sale.,C_R,0.43,11.1,0.933
5221,Shopkeepers,Selling goods to customers and advising them on product use.,C_G,0.6,11.1,0.44
5221,Shopkeepers,Examining returned goods and deciding on appropriate action.,C_G,0.55,11.1,0.54
5221,Shopkeepers,Taking inventory of goods in stock.,C_R,0.43,11.1,0.933
5242,Sales Demonstrators,Sell products being promoted and keep records of sales.,C_G,0.55,11.2,0.54
5242,Sales Demonstrators,"Record and report demonstration-related information, such as the number of questions asked by the audience or the number of coupons distributed.",C_R,0.43,11.0,0.933
5242,Sales Demonstrators,Set up and arrange displays or demonstration areas to attract the attention of prospective customers.,Phi_U,0.43,10.5,0.096
5242,Sales Demonstrators,"Transport, assemble, and disassemble materials used in presentations.",Phi_U,0.43,10.1,0.096
5242,Sales Demonstrators,Learn about competitors' products or consumers' interests or concerns to answer questions or provide more complete information.,C_G,0.55,9.9,0.54
5242,Sales Demonstrators,Prepare or alter presentation contents to target specific audiences.,C_G,0.6,9.7,0.44
5242,Sales Demonstrators,"Setting up displays and demonstrating articles for sale to inform customers about their characteristics and mode of use, as well as to stimulate buying interest.",Phi_U,0.43,7.5,0.096
5242,Sales Demonstrators,Answering questions and offering advice on the use of goods.,C_G,0.55,7.5,0.54
5242,Sales Demonstrators,Selling goods or directing customers to sales staff.,C_G,0.5,7.5,0.636
5242,Sales Demonstrators,"Taking orders and making arrangements for payment, delivery and collection of goods.",C_R,0.43,7.5,0.933
5242,Sales Demonstrators,Offering sample goods and distributing catalogues and advertising material.,Phi_U,0.43,7.5,0.096
3322,Sales Professionals,"Provide customers with information, such as quotes, orders, sales, shipping, warranties, credit, funding options, incentives, or tax rebates.",C_R,0.58,17.2,0.808
3322,Sales Professionals,Complete sales order tickets and submit for processing of client-requested transactions.,C_R,0.43,16.7,0.933
3322,Sales Professionals,"Soliciting orders and selling goods to retail, industrial, wholesale and other establishments.",C_R,0.43,11.0,0.933
3322,Sales Professionals,"Selling equipment, supplies and related services to business establishments or individuals.",C_R,0.43,11.0,0.933
3322,Sales Professionals,"Providing prospective customers with information about the characteristics and functions of the products and equipment for sale, and demonstrating its use or qualities.",C_G,0.55,11.0,0.54
3322,Sales Professionals,"Quoting prices and credit terms, recording orders and arranging deliveries.",C_R,0.43,11.0,0.933
3322,Sales Professionals,Following up clients to ensure satisfaction with products purchased.,C_R,0.43,11.0,0.933
3322,Sales Professionals,Provide product specific information as required.,C_R,0.43,11.0,0.933
5241,Models,Pose for artists and photographers.,Phi_U,0.42,13.6,0.103
5241,Models,"Pose as directed, or strike suitable interpretive poses for promoting and selling merchandise or fashions during appearances, filming, or photo sessions.",Phi_U,0.42,11.3,0.103
5241,Models,"Apply makeup to face and style hair to enhance appearance, considering such factors as color, camera techniques, and facial features.",Phi_U,0.43,9.7,0.096
5241,Models,"Work closely with photographers, fashion coordinators, directors, producers, stylists, make-up artists, other models, and clients to produce the desired looks, and to finish photo shoots on schedule.",C_G,0.7,9.4,0.261
5241,Models,"Dress in sample or completed garments, and select accessories.",Phi_U,0.5,7.7,0.057
5241,Models,Dressing in sample apparel of new or current styles or of type wanted by customer.,Phi_U,0.5,9.4,0.057
5241,Models,"Walking, turning and posing to demonstrate style and characteristics of garments, fashion accessories and other merchandise to best advantage.",Phi_U,0.6,9.4,0.027
5241,Models,"Posing as subject for sculpture, painting and other types of visual art.",Phi_U,0.58,9.4,0.031
5241,Models,Posing for still photography for magazines and other advertising media.,Phi_U,0.6,10.7,0.027
5241,Models,"Posing for television, video and cinema commercials and other productions.",Phi_U,0.6,9.4,0.027
6111,Vegetable Growers,"Load and unload crops or containers of materials, manually or using conveyors, handtrucks, forklifts, or transfer augers.",Phi_S,0.55,12.3,0.327
6111,Vegetable Growers,"Direct and monitor the activities of work crews engaged in planting, weeding, or harvesting activities.",S_E,0.55,13.3,0.168
6111,Vegetable Growers,"Monitoring market activity and conditions, determining types and quantities of crops to be grown, and planning and coordinating production accordingly.",S_E,0.55,9.3,0.168
6111,Vegetable Growers,"Preparing soil by hand or machine, and spreading fertilizers and manure.",Phi_U,0.42,9.3,0.103
6111,Vegetable Growers,"Selecting and sowing seeds, and planting seedlings.",Phi_U,0.43,9.3,0.096
6111,Vegetable Growers,"Maintaining crops by cultivating soil, by transplanting, pruning or thinning plants, and by setting up and operating irrigation equipment.",Phi_U,0.55,9.3,0.039
6111,Vegetable Growers,"Controlling weeds, pests and diseases, by applying herbicides and pesticides.",Phi_U,0.42,9.3,0.103
6111,Vegetable Growers,Harvesting crops and destroying diseased or superfluous crops.,Phi_U,0.43,9.3,0.096
6111,Vegetable Growers,"Inspecting, cleaning, grading, packaging, storing and loading crops for sale or delivery to market.",Phi_U,0.3,9.3,0.231
6111,Vegetable Growers,"Tending working animals and maintaining farm buildings, structures, equipment and water supply systems.",Phi_U,0.42,9.3,0.103
7221,Blacksmiths,Read work orders or blueprints to determine specified tolerances and sequences of operations for machine setup.,P_A,0.55,11.7,0.832
7221,Blacksmiths,Measure and inspect machined parts to ensure conformance to product specifications.,P_A,0.43,11.4,0.928
7221,Blacksmiths,"Set up, operate, or tend presses and forging machines to perform hot or cold forging by flattening, straightening, bending, cutting, piercing, or other operations to taper, shape, or form metal.",P_A,0.55,9.9,0.832
7221,Blacksmiths,"Install, adjust, and remove dies, synchronizing cams, forging hammers, and stop guides, using overhead cranes or other hoisting devices, and hand tools.",P_A,0.55,9.6,0.832
7221,Blacksmiths,"Start machines to produce sample workpieces, and observe operations to detect machine malfunctions and to verify that machine setups conform to specifications.",P_A,0.55,9.6,0.832
7221,Blacksmiths,Confer with other workers about machine setups and operational specifications.,P_A,0.55,9.3,0.832
7221,Blacksmiths,"Repair, maintain, and replace parts on dies.",Phi_U,0.58,8.6,0.031
7221,Blacksmiths,"Select, align, and bolt positioning fixtures, stops, and specified dies to rams and anvils, forging rolls, or presses and hammers.",P_A,0.55,8.5,0.832
7221,Blacksmiths,"Heating metal in forge furnace and manufacturing and repairing articles by drawing, bending, (b) cutting, hammering metal on an anvil, punching, shearing, joining and hardening or tempering.",Phi_U,0.65,6.7,0.018
7221,Blacksmiths,Shaping heated metal into forgings on power hammer equipped with open dies.,Phi_U,0.6,6.7,0.027
7221,Blacksmiths,Operating closed-die drop hammer to forge metal articles.,P_A,0.55,7.8,0.832
7131,Painters,Cover surfaces with dropcloths or masking tape and paper to protect surfaces during painting.,Phi_U,0.58,10.8,0.031
7131,Painters,Smooth strips or sections of paper with brushes or rollers to remove wrinkles and bubbles and to smooth joints.,Phi_U,0.42,10.8,0.103
7131,Painters,"Apply paint, stain, varnish, enamel, or other finishes to equipment, buildings, bridges, or other structures, using brushes, spray guns, or rollers.",Phi_U,0.58,12.2,0.031
7131,Painters,"Trim excess material at ceilings or baseboards, using knives.",Phi_U,0.42,10.4,0.103
7131,Painters,"Cover interior walls and ceilings of rooms with decorative wallpaper or fabric, using hand tools.",Phi_U,0.42,13.0,0.103
7131,Painters,"Measure and cut strips from rolls of wallpaper or fabric, using shears or razors.",Phi_U,0.42,10.0,0.103
7131,Painters,Measure surfaces or review work orders to estimate the quantities of materials needed.,Phi_U,0.42,11.4,0.103
7131,Painters,Cleaning and preparing walls and other surfaces of buildings for painting or wallpapering.,Phi_U,0.58,7.1,0.031
7131,Painters,Selecting and preparing paints to required colours by mixing pigments and additives.,Phi_U,0.58,7.1,0.031
7131,Painters,"Applying or spraying paint, varnish, and similar materials to surfaces, fixtures and fittings of buildings.",Phi_U,0.58,7.1,0.031
7212,Welders,Examine workpieces for defects and measure workpieces with straightedges or templates to ensure conformance with specifications.,Phi_U,0.6,11.9,0.027
7212,Welders,"Read blueprints, work orders, or production schedules to determine product or job instructions or specifications.",C_R,0.45,10.0,0.923
7212,Welders,"Recognize, set up, and operate hand and power tools common to the welding trade, such as shielded metal arc and gas metal arc welding equipment.",Phi_U,0.65,9.8,0.018
7212,Welders,"Select and install torches, torch tips, filler rods, and flux, according to welding chart specifications or types and thicknesses of metals.",P_A,0.65,9.8,0.69
7212,Welders,"Prepare all material surfaces to be welded, ensuring that there is no loose or thick scale, slag, rust, moisture, grease, or other foreign matter.",P_A,0.65,9.8,0.69
7212,Welders,"Set up, operate, or tend welding machines that join or bond components to fabricate metal products or assemblies.",P_A,0.65,9.5,0.69
7212,Welders,Correct problems by adjusting controls or by stopping machines and opening holding devices.,P_A,0.55,9.5,0.832
7212,Welders,"Welding metal parts using gas flame, or an electric arc, thermite compound or other methods.",Phi_U,0.65,8.3,0.018
7212,Welders,"Using blowtorch to make and repair lead linings, pipes, floors and other lead fixtures.",Phi_U,0.58,7.2,0.031
7212,Welders,Joining metal parts by hand soldering.,Phi_U,0.65,7.2,0.018
7212,Welders,"Monitoring the fitting, burning, and welding processes to avoid overheating of parts or warping, shrinking, distortion, or expansion of material.",Phi_U,0.65,7.2,0.018
7211,Metal Moulders,"Clean and smooth molds, cores, and core boxes, and repair surface imperfections.",Phi_U,0.55,10.2,0.039
7211,Metal Moulders,"Position patterns inside mold sections, and clamp sections together.",Phi_U,0.55,10.3,0.039
7211,Metal Moulders,"Position cores into lower sections of molds, and reassemble molds for pouring.",Phi_U,0.55,9.0,0.039
7211,Metal Moulders,"Form and assemble slab cores around patterns, and position wire in mold sections to reinforce molds, using hand tools and glue.",Phi_U,0.55,8.7,0.039
7211,Metal Moulders,"Move and position workpieces, such as mold sections, patterns, and bottom boards, using cranes, or signal others to move workpieces.",Phi_U,0.55,9.9,0.039
7211,Metal Moulders,"Pour molten metal into molds, manually or with crane ladles.",Phi_U,0.55,8.5,0.039
7211,Metal Moulders,"Operate ovens or furnaces to bake cores or to melt, skim, and flux metal.",Phi_U,0.65,8.4,0.018
7211,Metal Moulders,"Set up, operate, or tend metal or plastic molding, casting, or coremaking machines to mold or cast metal or thermoplastic parts or products.",P_A,0.55,8.2,0.832
7211,Metal Moulders,"Lift upper mold sections from lower sections, and remove molded patterns.",Phi_U,0.55,9.4,0.039
7211,Metal Moulders,"Making moulds by hand or using auxiliary machines on a bench for small metal castings, on the foundry floor, or in a pit for large castings.",Phi_U,0.55,5.8,0.039
7211,Metal Moulders,Making cores for use in metal moulds.,Phi_U,0.55,5.8,0.039
7211,Metal Moulders,"Cutting spouts, runner holes and sprue holes into moulds.",Phi_U,0.55,5.8,0.039
7322,Printing Workers,Feed paper through press cylinders and adjust feed and tension controls.,P_A,0.52,11.6,0.863
7322,Printing Workers,"Clean ink fountains, plates, or printing unit cylinders when press runs are completed.",Phi_U,0.3,10.9,0.231
7322,Printing Workers,"Change press plates, blankets, or cylinders, as required.",P_A,0.6,10.9,0.769
7322,Printing Workers,"Setting, adjusting and monitoring substrate-feed mechanisms, delivery mechanisms, inking systems and other printing machine functions.",P_A,0.52,7.4,0.863
7322,Printing Workers,"Mixing ink and solvents to standard, and regulating paper and ink supply during print runs.",P_A,0.52,7.4,0.863
7322,Printing Workers,"Monitoring, evaluating and determining press to check print quality standards against proofs and detect malfunctions.",P_A,0.55,7.4,0.832
7322,Printing Workers,"Producing a variety of printed products using relief, lithographic, flexographic and gravure printing presses, and in-line finishing systems.",P_A,0.6,7.4,0.769
7322,Printing Workers,"Preparing plates, blankets and impression cylinders on small offset lithographic printing presses.",P_A,0.6,7.4,0.769
7322,Printing Workers,Loading paper into feeding mechanisms.,P_A,0.6,7.4,0.769
7322,Printing Workers,Monitoring machine operations and quality of printing.,P_A,0.55,7.4,0.832
7322,Printing Workers,"Maintaining, adjusting, repairing and cleaning machines.",P_A,0.55,7.4,0.832
7322,Printing Workers,"Producing digital print images, and transferring and outputting images.",P_A,0.45,7.4,0.917
7213,Sheet Metal Fabricators,"Plan and develop layouts from blueprints and templates, applying knowledge of trigonometry, design, effects of heat, and properties of metals.",C_G,0.6,10.8,0.44
7213,Sheet Metal Fabricators,"Lay out and fabricate metal structural parts such as plates, bulkheads, and frames.",P_A,0.55,11.1,0.832
7213,Sheet Metal Fabricators,"Compute layout dimensions, and determine and mark reference points on metal stock or workpieces for further processing, such as welding and assembly.",P_A,0.65,11.1,0.69
7213,Sheet Metal Fabricators,Transport prefabricated parts to construction sites for assembly and installation.,P_A,0.55,10.9,0.832
7213,Sheet Metal Fabricators,Marking sheet metal for cutting and shaping.,P_A,0.6,8.0,0.769
7213,Sheet Metal Fabricators,"Making and repairing household utensils and other articles in tin, copper and light alloys, or ornamental articles and fittings.",Phi_U,0.58,8.0,0.031
7213,Sheet Metal Fabricators,"Making and repairing boilers, tanks, vats and similar containers.",Phi_U,0.58,8.0,0.031
7213,Sheet Metal Fabricators,Installing and repairing sheet-metal parts of vehicles and aircraft.,Phi_U,0.58,8.0,0.031
7213,Sheet Metal Fabricators,Converting blueprints into shop drawings to be followed in the construction and assembly of sheet metal products.,C_G,0.55,8.0,0.54
7213,Sheet Metal Fabricators,"Determining project requirements, including scope, assembly sequences, and required methods and materials, according to blueprints, drawings, and written or verbal instructions.",C_G,0.55,8.0,0.54
7213,Sheet Metal Fabricators,Inspecting product quality and installation to ensure conformance to specifications.,C_R,0.43,8.0,0.933
7533,Textile Workers,"Select thread, twine, cord, or yarn to be used, and thread needles.",P_A,0.6,11.9,0.769
7533,Textile Workers,"Trim excess threads or edges of parts, using scissors or knives.",Phi_U,0.45,11.4,0.083
7533,Textile Workers,"Use different sewing techniques such as felling, tacking, basting, embroidery, and fagoting.",Phi_U,0.6,10.7,0.027
7533,Textile Workers,"Repairing defective or damaged portion of cloth or garment by hand, using matching thread and needle.",Phi_U,0.58,7.2,0.031
7533,Textile Workers,"Removing stitches from garments to be altered, using rippers or razor blades.",P_A,0.55,7.2,0.832
7533,Textile Workers,Selecting thread according to specifications or colour of parts or dying thread to match colour and shade of cloth to be darned.,C_G,0.6,7.2,0.44
7533,Textile Workers,"Patching holes, sewing tears and ripped seams, or darning defects in items, using needles and thread.",Phi_U,0.58,7.2,0.031
7533,Textile Workers,"Pulling knots to the wrong sides of garments, using hooks.",P_A,0.6,7.2,0.769
7533,Textile Workers,Trimming ends with scissors to make mended portion look uniform with pattern of cloth.,Phi_U,0.45,7.2,0.083
7533,Textile Workers,"Sewing ornamental designs by hand over stamped, printed or stencilled patterns on fabric using needle and coloured thread.",P_A,0.6,8.4,0.769
7533,Textile Workers,Softening leather or shoe material with water to prepare it for sewing.,Phi_U,0.42,7.2,0.103
7533,Textile Workers,"Sewing or gluing decorative trimmings to articles, such as hats, caps, or millinery.",P_A,0.6,7.2,0.769
8112,Stone Processing Ops,"Observe operation of equipment to ensure continuity of flow, safety, and efficient operation, and to detect malfunctions.",P_A,0.55,11.2,0.832
8112,Stone Processing Ops,"Observe machine operations, gauges, or thermometers, and adjust controls to maintain specified conditions.",P_A,0.55,9.0,0.832
8112,Stone Processing Ops,"Move controls to start, stop, or adjust machinery and equipment that crushes, grinds, polishes, or blends materials.",P_A,0.55,8.8,0.832
8112,Stone Processing Ops,"Adjust, clean, and lubricate mechanical parts of machines, using hand tools and grease guns.",P_A,0.55,10.0,0.832
8112,Stone Processing Ops,"Test samples of materials or products to ensure compliance with specifications, using test equipment.",P_A,0.55,9.8,0.832
8112,Stone Processing Ops,"Setting up and operating stationary plant and machinery which grind, crush, cut, saw and slice rocks, minerals and stones according to the specifications for the job.",P_A,0.55,6.4,0.832
8112,Stone Processing Ops,"Positioning blocks and slabs of stone onto machines for sawing, cutting and further working.",P_A,0.55,6.4,0.832
8112,Stone Processing Ops,"Monitoring and maintaining the flow of unprocessed rocks, minerals and stones from conveyors into machines.",P_A,0.55,6.4,0.832
8112,Stone Processing Ops,"Operating washing, separating, leaching, precipitating, filtering, extracting and combining equipment to remove waste material and recover minerals.",P_A,0.55,6.4,0.832
8112,Stone Processing Ops,Combining mineral ores with solvents to facilitate further processing.,P_A,0.43,6.4,0.928
8112,Stone Processing Ops,"Separating metal and mineral concentrates from ore and alluvial deposits by thickening, flotation, gravity separation, filtration, and or magnetic and electrostatic separation.",P_A,0.55,6.4,0.832
8112,Stone Processing Ops,"Recording information about processing completed during shifts, such as quantities, types and dimensions of materials produced.",C_R,0.43,6.4,0.933
8112,Stone Processing Ops,"Sorting, stacking and moving processed minerals and stone for packaging, further processing or shipping.",P_A,0.43,6.4,0.928
9311,Mining Laborers,Observe and monitor equipment operation during the extraction process to detect any problems.,C_R,0.43,17.2,0.933
9311,Mining Laborers,"Unload materials, devices, and machine parts, using hand tools.",Phi_U,0.42,18.2,0.103
9311,Mining Laborers,"Assisting miners and quarriers in maintaining machinery, equipment, and mine and quarry installations.",Phi_U,0.55,10.5,0.039
9311,Mining Laborers,Assembling and dismantling mining equipment.,Phi_U,0.42,10.5,0.103
9311,Mining Laborers,Removing tunnel supports from disused workings in mines and quarries.,Phi_U,0.55,12.1,0.039
9311,Mining Laborers,"Removing waste and serviceable materials and equipment from work areas after extraction activities have been completed, and clearing rock and mineral spills.",Phi_U,0.42,10.5,0.103
9311,Mining Laborers,"Cleaning machinery, equipment, tools, roadways and haulage tracks.",Phi_U,0.3,10.5,0.231
9311,Mining Laborers,"Sorting, loading, unloading, stacking and storing tools, materials and supplies used by other mine workers.",Phi_U,0.42,10.5,0.103
8121,Metal Workers,"Read production schedules and work orders to determine processing sequences, furnace temperatures, and heat cycle requirements for objects to be heat-treated.",C_R,0.45,11.9,0.923
8121,Metal Workers,"Pour and regulate the flow of molten metal into molds and forms to produce ingots or other castings, using ladles or hand-controlled mechanisms.",Phi_U,0.55,10.9,0.039
8121,Metal Workers,Monitor machine cycles and mill operation to detect jamming and to ensure that products conform to specifications.,P_A,0.55,10.7,0.832
8121,Metal Workers,Load specified amounts of metal and flux into furnaces or clay crucibles.,Phi_U,0.65,10.5,0.018
8121,Metal Workers,"Setting up, preparing and adjusting mineral ore and metal processing machinery to carry out one step in the overall mineral ore or metal processing operation.",P_A,0.55,7.0,0.832
8121,Metal Workers,"Operating single-function machinery to grind, separate, filter, mix, treat, cast, roll, refine or otherwise process metals and mineral ores.",P_A,0.55,7.0,0.832
8121,Metal Workers,"Observing gauges, meters, computer printouts, video monitors and products to ensure correct operation of machine and verify specified processing conditions.",P_A,0.55,7.0,0.832
8121,Metal Workers,"Adjusting equipment, valves, pumps, controls and process equipment.",P_A,0.55,7.0,0.832
8121,Metal Workers,"Controlling the preparation, measuring and feeding of raw materials and processing agents into plant.",P_A,0.52,7.0,0.863
8121,Metal Workers,"Controlling process start-up and shut-down, troubleshooting and monitoring outside process equipment.",P_A,0.65,7.0,0.69
8121,Metal Workers,"Verifying equipment for malfunctions, carrying out routine operating tests and arranging for maintenance.",P_A,0.55,7.0,0.832
8121,Metal Workers,"Analyzing sample products, performing tests, recording data and writing production logs.",C_R,0.55,7.0,0.843
8311,Locomotive Engine Drivers,Observe train signals along routes and verify their meanings for engineers.,Phi_S,0.55,12.4,0.327
8311,Locomotive Engine Drivers,"Receive starting signals from conductors and use controls such as throttles or air brakes to drive electric, diesel-electric, steam, or gas turbine-electric locomotives.",Phi_S,0.55,12.5,0.327
8311,Locomotive Engine Drivers,"Drive and control rail-guided public transportation, such as subways, elevated trains, and electric-powered streetcars, trams, or trolleys, to transport passengers.",Phi_S,0.55,12.5,0.327
8311,Locomotive Engine Drivers,"Signal locomotive engineers to start or stop trains when coupling or uncoupling cars, using hand signals, lanterns, or radio communication.",Phi_S,0.55,12.3,0.327
8311,Locomotive Engine Drivers,Operate locomotives to transport freight or passengers between stations or to assemble or disassemble trains within rail yards.,Phi_S,0.55,12.0,0.327
8311,Locomotive Engine Drivers,"Driving or assisting in driving a steam, electric or diesel-electric locomotive engine.",Phi_S,0.55,7.7,0.327
8311,Locomotive Engine Drivers,Driving an underground or elevated passenger train.,Phi_S,0.55,7.7,0.327
8311,Locomotive Engine Drivers,Driving a locomotive to haul carriages underground or on the surface of a mine or quarry.,Phi_S,0.55,7.7,0.327
8311,Locomotive Engine Drivers,"Watching for track hazards, observing signals and indicator gauges.",Phi_S,0.55,7.7,0.327
8311,Locomotive Engine Drivers,Operating communications systems to communicate with train crews and traffic controllers to ensure safe operation and scheduling of trains.,Phi_S,0.55,7.7,0.327
8159,Textile Machine Ops,Observe woven cloth to detect weaving defects.,P_A,0.55,14.0,0.832
8159,Textile Machine Ops,"Thread yarn, thread, and fabric through guides, needles, and rollers of machines for weaving, knitting, or other processing.",P_A,0.55,14.0,0.832
8159,Textile Machine Ops,"Observe bobbins as they are winding and cut threads to remove loaded bobbins, using knives.",P_A,0.55,14.0,0.832
8159,Textile Machine Ops,Inspect products to ensure that specifications are met and to determine if machines need adjustment.,P_A,0.55,13.4,0.832
8159,Textile Machine Ops,Notify supervisors or repair staff of mechanical malfunctions.,C_R,0.4,13.4,0.947
8159,Textile Machine Ops,"Operating and monitoring machines which form and make hats out of textiles, fur or leather.",P_A,0.55,13.1,0.832
8159,Textile Machine Ops,Operating and monitoring machines that fold cloth into measured length.,P_A,0.55,9.1,0.832
8159,Textile Machine Ops,"Operating and monitoring machines that wind thread, twine, or yarn into balls preparatory to shipping or further processing.",P_A,0.45,9.1,0.917
8160,Food Processing Ops,"Record production and test data for each food product batch, such as the ingredients used, temperature, test results, and time cycle.",C_R,0.55,19.4,0.843
8160,Food Processing Ops,"Set up, operate, and tend equipment that cooks, mixes, blends, or processes ingredients in the manufacturing of food products, according to formulas or recipes.",P_A,0.55,18.7,0.832
8160,Food Processing Ops,"Operating and monitoring machinery used to restrain, stun, slaughter animals and trim carcasses into standard meat and fish cuts.",Phi_U,0.55,14.0,0.039
8160,Food Processing Ops,"Setting, operating and attending machinery and ovens to mix, bake and otherwise prepare bread and flour confectionery products.",P_A,0.55,12.0,0.832
8160,Food Processing Ops,"Operating machinery to crush, mix, malt, cook and ferment grains and fruits to produce beer, wines, malt liquors, vinegar, yeast and related products.",P_A,0.55,12.0,0.832
8160,Food Processing Ops,"Operating equipment to cool, heat, dry, roast, blanch, pasteurize, smoke, sterilize, freeze, evaporate and concentrate foodstuffs and liquids used in food processing.",P_A,0.55,12.0,0.832
8160,Food Processing Ops,"Processing tobacco leaves by machine to make cigarettes, cigars, pipe and other tobacco products.",P_A,0.43,12.0,0.928
8171,Paper Mill Ops,"Examine completed work to detect defects and verify conformance to work orders, and adjust machinery as necessary to correct production problems.",P_A,0.55,12.0,0.832
8171,Paper Mill Ops,"Observe operation of various machines to detect and correct machine malfunctions such as improper forming, glue flow, or pasteboard tension.",P_A,0.55,10.7,0.832
8171,Paper Mill Ops,Add specified amounts of chemicals to equipment at required times to maintain solution levels and concentrations.,P_A,0.65,10.1,0.69
8171,Paper Mill Ops,"Observe machine operations, gauges, or thermometers, and adjust controls to maintain specified conditions.",P_A,0.55,9.9,0.832
8171,Paper Mill Ops,"Set controls to regulate temperature and length of cycles, and start conveyors, pumps, agitators, and machines.",P_A,0.55,9.9,0.832
8171,Paper Mill Ops,"Adjust, clean, and lubricate mechanical parts of machines, using hand tools and grease guns.",P_A,0.55,11.0,0.832
8171,Paper Mill Ops,"Operating and monitoring screening equipment, bleaching equipment, digesters, mixing tanks, washers and other pulp processing machinery and equipment to carry out one or more cellulose processing s...",P_A,0.55,8.2,0.832
8171,Paper Mill Ops,"Controlling start-up and shut-down of process machinery and equipment, and observing equipment and machinery panel indicators, gauges, level indicators and other equipment instruments to detect…",P_A,0.55,7.1,0.832
8171,Paper Mill Ops,Analyzing instrument readings and production test samples and making adjustments to pulp production process and equipment as required.,P_A,0.55,7.1,0.832
8171,Paper Mill Ops,Completing and maintaining production reports.,C_R,0.4,7.1,0.947
8171,Paper Mill Ops,Monitor multi-function process control machinery.,P_A,0.55,7.1,0.832
8211,Assembly Line Ops,"Read and interpret assembly blueprints or specifications manuals, and plan assembly or building operations.",C_R,0.45,9.4,0.923
8211,Assembly Line Ops,"Inspect, operate, and test completed products to verify functioning, machine capabilities, or conformance to customer specifications.",P_A,0.55,9.3,0.832
8211,Assembly Line Ops,"Assemble parts, fittings, or subassemblies on aircraft, using layout tools, hand tools, power tools, or fasteners, such as bolts, screws, rivets, or clamps.",P_A,0.55,9.2,0.832
8211,Assembly Line Ops,"Set, align, adjust, or synchronize aircraft armament or rigging or control system components to established tolerances or requirements, using sighting devices and hand tools.",Phi_U,0.7,9.2,0.012
8211,Assembly Line Ops,"Attach brackets, hinges, or clips to secure or support components or subassemblies, using bolts, screws, rivets, chemical bonding, or welding.",P_A,0.65,9.2,0.69
8211,Assembly Line Ops,"Adjust, repair, rework, or replace parts or assemblies to ensure proper operation.",P_A,0.58,9.0,0.796
8211,Assembly Line Ops,"Inspect or test installed units, parts, systems, or assemblies for fit, alignment, performance, defects, or compliance with standards, using measuring instruments or test equipment.",C_R,0.58,9.0,0.808
8211,Assembly Line Ops,"Fasten or install piping, fixtures, or wiring and electrical components to form assemblies or subassemblies, using hand tools, rivet guns, or welding equipment.",Phi_U,0.65,8.9,0.018
8211,Assembly Line Ops,"Assembling and installing prefabricated parts or components to form subassemblies, mechanical machinery, engines and finished motor vehicles.",P_A,0.55,7.2,0.832
8211,Assembly Line Ops,"Reviewing work orders, specifications, diagrams and drawings to determine materials needed and assembly instructions.",C_G,0.55,6.2,0.54
8211,Assembly Line Ops,Recording production and operational data on specified forms.,C_R,0.43,6.2,0.933
8211,Assembly Line Ops,Inspecting and testing completed components and assemblies.,C_R,0.43,7.2,0.933
8219,Other Assemblers,Perform quality checks on products and parts.,P_A,0.43,12.0,0.928
8219,Other Assemblers,Review work orders and blueprints to ensure work is performed according to specifications.,C_R,0.45,13.7,0.923
8219,Other Assemblers,Provide assistance in the production of wiring assemblies.,P_A,0.55,11.0,0.832
8219,Other Assemblers,Maintain production equipment and machinery.,P_A,0.55,10.9,0.832
8219,Other Assemblers,Complete production reports to communicate team production level to management.,C_R,0.4,10.5,0.947
8219,Other Assemblers,Supervise assemblers and train employees on job procedures.,S_E,0.55,10.2,0.168
8219,Other Assemblers,"Operate machinery and heavy equipment, such as forklifts.",Phi_S,0.55,8.5,0.327
8219,Other Assemblers,"Assembling component parts and positioning, aligning and fastening units to assemblies, sub-assemblies, or frames using hand or power tools, soldering and micro-welding equipment.",P_A,0.65,7.7,0.69
8219,Other Assemblers,Recording production and operational data on specified forms.,C_R,0.43,7.7,0.933
8219,Other Assemblers,Inspecting and testing components and completed assemblies.,P_A,0.43,7.7,0.928
8321,Motorcycle Drivers,"Record information, such as items received and delivered and recipients' responses to messages.",Phi_S,0.55,10.1,0.327
8321,Motorcycle Drivers,"Receive messages or materials to be delivered, and information on recipients, such as names, addresses, telephone numbers, and delivery instructions, communicated via telephone, two-way radio, or i...",C_R,0.55,10.2,0.843
8321,Motorcycle Drivers,"Load vehicles with listed goods, ensuring goods are loaded correctly and taking precautions with hazardous goods.",Phi_S,0.7,10.0,0.128
8321,Motorcycle Drivers,"Walk, ride bicycles, drive vehicles, or use public conveyances to reach destinations to deliver messages or materials.",Phi_S,0.55,9.8,0.327
8321,Motorcycle Drivers,Sort items to be delivered according to the delivery route.,Phi_S,0.4,9.8,0.618
8321,Motorcycle Drivers,"Deliver messages and items, such as newspapers, documents, and packages, between establishment departments and to other establishments and private homes.",Phi_S,0.55,9.7,0.327
8321,Motorcycle Drivers,Unload and sort items collected along delivery routes.,Phi_S,0.4,9.7,0.618
8321,Motorcycle Drivers,Plan and follow the most efficient routes for delivering goods.,Phi_S,0.55,9.5,0.327
8321,Motorcycle Drivers,"Driving and tending motor cycle or motorised tricycle to transport materials, goods and passengers.",Phi_S,0.55,7.8,0.327
8321,Motorcycle Drivers,Observing traffic rules and signals.,Phi_S,0.55,6.7,0.327
8321,Motorcycle Drivers,Cleaning and washing vehicle as well as performing maintenance and minor repairs.,Phi_U,0.58,6.7,0.031
8322,Delivery Drivers,Verify the contents of inventory loads against shipping papers.,Phi_S,0.7,10.7,0.128
8322,Delivery Drivers,"Operate vehicles with specialized equipment, such as wheelchair lifts, to transport and secure passengers with special needs.",Phi_S,0.55,12.4,0.327
8322,Delivery Drivers,Read maps and follow written or verbal geographic directions.,Phi_S,0.55,10.7,0.327
8322,Delivery Drivers,"Pick up and drop off passengers at regularly scheduled neighborhood locations, following strict time schedules.",Phi_S,0.4,10.5,0.618
8322,Delivery Drivers,"Drive shuttle busses, limousines, company cars, or privately owned vehicles to transport passengers.",Phi_S,0.55,10.5,0.327
8322,Delivery Drivers,"Prepare and submit reports that may include the number of passengers or trips, hours worked, mileage driven fuel consumed, or fares received.",Phi_S,0.55,10.5,0.327
8322,Delivery Drivers,"Driving and tending passenger, vans, cars or taxis.",Phi_S,0.55,7.8,0.327
8322,Delivery Drivers,Assisting passengers with handling of luggage.,Phi_S,0.55,6.8,0.327
8322,Delivery Drivers,"Collecting fares, payments for deliveries, or documents certifying deliveries.",Phi_S,0.55,6.8,0.327
8322,Delivery Drivers,Operating telecommunications equipment to report location and availability and follow directions of control centre.,C_R,0.48,6.8,0.904
8322,Delivery Drivers,Operating equipment to facilitate the loading and unloading of physically challenged passengers.,Phi_S,0.4,6.8,0.618
8331,Bus Drivers,Follow safety rules as students board and exit buses or cross streets near bus stops.,Phi_S,0.55,10.1,0.327
8331,Bus Drivers,Operate controls to open and close transit vehicle doors.,Phi_S,0.55,9.9,0.327
8331,Bus Drivers,"Drive and control rail-guided public transportation, such as subways, elevated trains, and electric-powered streetcars, trams, or trolleys, to transport passengers.",Phi_S,0.55,9.9,0.327
8331,Bus Drivers,Report any bus malfunctions or needed repairs.,Phi_S,0.55,11.2,0.327
8331,Bus Drivers,"Operate vehicles with specialized equipment, such as wheelchair lifts, to transport and secure passengers with special needs.",Phi_S,0.55,11.3,0.327
8331,Bus Drivers,"Drive vehicles over specified routes or to specified destinations according to time schedules, complying with traffic regulations to ensure that passengers have a smooth and safe ride.",Phi_S,0.55,9.5,0.327
8331,Bus Drivers,"Driving and tending motor bus, trolley bus or motor coach to transport local or long- distance passengers, mail or goods.",Phi_S,0.55,6.2,0.327
8331,Bus Drivers,Driving and tending street tramcar transporting passengers.,Phi_S,0.55,7.1,0.327
8331,Bus Drivers,Opening and closing doors before or after passengers board or alight.,Phi_S,0.55,6.2,0.327
8331,Bus Drivers,"Controlling lighting, heating and ventilation on buses and trams.",Phi_S,0.55,6.2,0.327
8331,Bus Drivers,Observing traffic to ensure safe progress.,Phi_S,0.48,6.2,0.46
8331,Bus Drivers,Collecting fares or verifying passenger has necessary ticket.,Phi_S,0.43,6.2,0.56
8332,Truck Drivers,"Secure cargo for transport, using ropes, blocks, chain, binders, or covers.",Phi_S,0.55,10.1,0.327
8332,Truck Drivers,Follow appropriate safety procedures for transporting dangerous goods.,Phi_S,0.55,10.0,0.327
8332,Truck Drivers,Check all load-related documentation for completeness and accuracy.,C_R,0.43,10.0,0.933
8332,Truck Drivers,Inspect loads to ensure that cargo is secure.,Phi_S,0.4,10.0,0.618
8332,Truck Drivers,"Perform basic vehicle maintenance tasks, such as adding oil, fuel, or radiator fluid, performing minor repairs, or washing trucks.",Phi_S,0.55,9.8,0.327
8332,Truck Drivers,"Maneuver trucks into loading or unloading positions, following signals from loading crew and checking that vehicle and loading equipment are properly positioned.",Phi_S,0.55,9.6,0.327
8332,Truck Drivers,"Driving and tending a heavy motor vehicle, such as a lorry with or without trailer or a dump-truck, to transport goods, liquids or heavy materials over short or long distances.",Phi_S,0.55,8.5,0.327
8332,Truck Drivers,Determining the most appropriate routes.,C_R,0.55,6.4,0.843
8332,Truck Drivers,"Ensuring goods are stowed and securely covered, to prevent loss and damage.",Phi_S,0.55,6.4,0.327
8332,Truck Drivers,"Assisting with or carrying out loading or unloading operations, using various lifting or tipping devices.",Phi_S,0.4,6.4,0.618
8332,Truck Drivers,"Carrying out minor maintenance to vehicles, and arranges major maintenance and repairs.",Phi_U,0.58,6.4,0.031
8332,Truck Drivers,"Estimating weights to comply with load limitations, and ensuring the safe distribution of weights.",Phi_S,0.4,6.4,0.618
3331,Freight Forwarders,Negotiate shipping rates with freight carriers.,C_G,0.6,9.7,0.44
3331,Freight Forwarders,"Inform clients of factors such as shipping options, timelines, transfers, or regulations affecting shipments.",C_R,0.5,9.6,0.889
3331,Freight Forwarders,"Prepare shipping documentation, such as bills of lading, packing lists, dock receipts, or certificates of origin.",C_R,0.38,9.6,0.954
3331,Freight Forwarders,Prepare invoices or cost quotations for freight transportation.,C_R,0.38,9.2,0.954
3331,Freight Forwarders,"Select shipment routes, based on nature of goods shipped, transit times, or security needs.",C_R,0.7,9.2,0.618
3331,Freight Forwarders,Arrange delivery or storage of goods at destinations.,S_E,0.55,9.2,0.168
3331,Freight Forwarders,Monitor or record locations of goods in transit.,C_R,0.43,9.1,0.933
3331,Freight Forwarders,Carrying out customs clearing procedures for exports or imports.,C_R,0.55,7.3,0.843
3331,Freight Forwarders,Ensuring that insurance is in order.,C_R,0.55,6.3,0.843
3331,Freight Forwarders,Ensuring that export/import licences and other formalities are in order.,C_R,0.55,8.2,0.843
3331,Freight Forwarders,Signing and issuing bills of lading.,C_R,0.43,6.3,0.933
3331,Freight Forwarders,"Checking import/export documentation to determine cargo contents, and classifying goods into different fee or tariff groups, using a tariff coding system.",C_R,0.66,6.3,0.69
8343,Crane Operators,"Direct movements of vessels in locks or bridge areas, using signals, telecommunication equipment, or loudspeakers.",Phi_S,0.7,9.9,0.128
8343,Crane Operators,Observe position and progress of vessels to ensure best use of lock spaces or bridge opening spaces.,Phi_S,0.7,10.0,0.128
8343,Crane Operators,"Record names, types, and destinations of vessels passing through bridge openings or locks, and numbers of trains or vehicles crossing bridges.",C_R,0.7,9.7,0.618
8343,Crane Operators,Determine load weights and check them against lifting capacities to prevent overload.,C_R,0.4,9.7,0.947
8343,Crane Operators,"Move levers, depress foot pedals, or turn dials to operate cranes, cherry pickers, electromagnets, or other moving equipment for lifting, moving, or placing loads.",Phi_S,0.7,9.3,0.128
8343,Crane Operators,Inspect and adjust crane mechanisms or lifting accessories to prevent malfunctions or damage.,Phi_U,0.55,9.3,0.039
8343,Crane Operators,Observe equipment gauges and indicators and hand signals of other workers to verify load positions or depths.,Phi_S,0.4,9.2,0.618
8343,Crane Operators,"Operating and monitoring stationary or mobile cranes by raising and lowering jibs and booms, to lift, move, position or place equipment and materials.",Phi_S,0.7,8.1,0.128
8343,Crane Operators,Operating and monitoring ski-lifts and similar equipment.,P_A,0.55,6.2,0.832
8343,Crane Operators,"Operating and monitoring machinery used to haul ferry or barge with goods, passengers and vehicles across short stretches of water.",Phi_S,0.55,6.2,0.327
8343,Crane Operators,Operating and monitoring machinery to open and close bridge for the passage of road and water traffic.,Phi_S,0.55,6.2,0.327
8343,Crane Operators,Operating and monitoring cranes equipped with dredging attachments to dredge waterways and other areas.,Phi_S,0.7,6.2,0.128
8344,Lifting Truck Operators,"Move levers or controls that operate lifting devices, such as forklifts, lift beams with swivel-hooks, hoists, or elevating platforms, to load, unload, transport, or stack material.",Phi_S,0.55,13.4,0.327
8344,Lifting Truck Operators,"Move controls to drive gasoline- or electric-powered trucks, cars, or tractors and transport materials between loading, processing, and storage areas.",Phi_S,0.55,13.2,0.327
8344,Lifting Truck Operators,"Manually or mechanically load or unload materials from pallets, skids, platforms, cars, lifting devices, or other transport vehicles.",Phi_S,0.4,13.2,0.618
8344,Lifting Truck Operators,"Position lifting devices under, over, or around loaded pallets, skids, or boxes and secure material or products for transport to designated areas.",Phi_S,0.4,15.6,0.618
8344,Lifting Truck Operators,"Perform routine maintenance on vehicles or auxiliary equipment, such as cleaning, lubricating, recharging batteries, fueling, or replacing liquefied-gas tank.",Phi_U,0.3,12.1,0.231
8344,Lifting Truck Operators,"Operating and monitoring lifting-truck and similar equipment to load and unload, transport, lift and stack goods and pallets in terminals, harbours, ware-houses, factories and other establishments.",Phi_S,0.55,8.8,0.327
8344,Lifting Truck Operators,Inspecting equipment to identify wear and damage.,Phi_S,0.43,14.9,0.56
8344,Lifting Truck Operators,Performing routine maintenance on vehicles and equipment.,Phi_S,0.55,8.8,0.327
9213,Farm Workers,Feed and water livestock and monitor food and water supplies.,Phi_U,0.3,12.3,0.231
9213,Farm Workers,"Herd livestock to pastures for grazing or to scales, trucks, or other enclosures.",Phi_U,0.43,11.3,0.096
9213,Farm Workers,Digging and shovelling to clear ditches or for other purposes.,Phi_U,0.42,7.6,0.103
9213,Farm Workers,"Loading and unloading supplies, produce and other materials.",Phi_U,0.42,7.6,0.103
9213,Farm Workers,"Raking, pitching and stacking straw, hay and similar material.",Phi_U,0.42,7.6,0.103
9213,Farm Workers,"Watering, thinning, and weeding crops by hand or using hand tools.",Phi_U,0.42,7.6,0.103
9213,Farm Workers,"Picking fruit, nuts, vegetables and other crops and collecting eggs.",Phi_U,0.42,7.6,0.103
9213,Farm Workers,"Planting and harvesting field crops, such as rice, by hand.",Phi_U,0.43,7.6,0.096
9213,Farm Workers,"Feeding, watering, and cleaning animals and keeping their quarters clean.",Phi_U,0.3,7.6,0.231
9213,Farm Workers,"Monitoring livestock, reporting on their condition.",Phi_U,0.42,7.6,0.103
9213,Farm Workers,"Assisting with herding, droving and separating livestock for milking, shearing transportation or slaughter and between pastures.",Phi_U,0.43,7.6,0.096
9213,Farm Workers,"Grading, sorting, bunching and packing produce into containers.",Phi_U,0.42,7.6,0.103
9612,Recycling Sorters,Dump refuse or recyclable materials at disposal sites.,Phi_U,0.42,15.6,0.103
9612,Recycling Sorters,Operate automated or semi-automated hoisting devices that raise refuse bins and dump contents into openings in truck bodies.,P_A,0.55,14.7,0.832
9612,Recycling Sorters,Operate equipment that compresses collected refuse.,Phi_U,0.42,14.5,0.103
9612,Recycling Sorters,Organize schedules for refuse collection.,S_E,0.45,11.9,0.31
9612,Recycling Sorters,"Searching through refuse and collecting items for recycling from dump sites, domestic, commercial and industrial premises or from public places such as streets.",Phi_U,0.42,10.8,0.103
9612,Recycling Sorters,"Sorting cardboard, paper, glass, plastic, aluminium or other recyclable materials by type.",Phi_U,0.42,10.8,0.103
9612,Recycling Sorters,Placing recyclable items and materials in designated compartments and containers for storage or transportation.,Phi_U,0.42,10.8,0.103
9612,Recycling Sorters,"Identifying and setting aside items of furniture, equipment, machinery, or components that are suitable for repair or re-use.",Phi_U,0.58,10.8,0.031
9111,Domestic Helpers,"Carry linens, towels, toilet items, and cleaning supplies, using wheeled carts.",Phi_U,0.3,12.2,0.231
9111,Domestic Helpers,"Disinfect equipment and supplies, using germicides or steam-operated sterilizers.",Phi_U,0.42,12.2,0.103
9111,Domestic Helpers,"Sort, count, and mark clean linens and store them in linen closets.",Phi_U,0.3,11.7,0.231
9111,Domestic Helpers,"Clean rugs, carpets, upholstered furniture, and draperies, using vacuum cleaners and shampooers.",Phi_U,0.58,11.5,0.031
9111,Domestic Helpers,Cleaning windows and other glass surfaces.,Phi_U,0.3,9.7,0.231
9111,Domestic Helpers,"Washing, ironing and mending linen and other textiles.",Phi_U,0.3,8.5,0.231
9111,Domestic Helpers,"Helping with preparation, cooking and serving of meals and refreshments.",Phi_U,0.43,8.5,0.096
9111,Domestic Helpers,Purchasing food and various other household supplies.,Phi_U,0.42,8.5,0.103
9111,Domestic Helpers,"Cleaning, disinfecting and deodorising kitchens, bathrooms and toilets.",Phi_U,0.3,8.5,0.231
9111,Domestic Helpers,Perform various other domestic duties.,Phi_U,0.42,8.5,0.103
9613,Street Cleaners,"Service, clean, or supply restrooms.",Phi_U,0.3,9.9,0.231
9613,Street Cleaners,"Clean building floors by sweeping, mopping, scrubbing, or vacuuming.",Phi_U,0.58,9.1,0.031
9613,Street Cleaners,Notify managers concerning the need for major repairs or additions to building operating systems.,Phi_U,0.58,9.1,0.031
9613,Street Cleaners,Follow procedures for the use of chemical cleaners and power equipment to prevent damage to floors and fixtures.,Phi_U,0.42,9.0,0.103
9613,Street Cleaners,"Use hand tools, such as shovels, rakes, pruning saws, saws, hedge or brush trimmers, or axes.",Phi_U,0.42,8.8,0.103
9613,Street Cleaners,"Mix water and detergents or acids in containers to prepare cleaning solutions, according to specifications.",Phi_U,0.3,8.7,0.231
9613,Street Cleaners,"Operate vehicles or powered equipment, such as mowers, tractors, twin-axle vehicles, snow blowers, chainsaws, electric clippers, sod cutters, or pruning saws.",Phi_S,0.55,8.5,0.327
9613,Street Cleaners,"Prune or trim trees, shrubs, or hedges, using shears, pruners, or chain saws.",Phi_U,0.42,8.2,0.103
9613,Street Cleaners,"Clean windows, glass partitions, or mirrors, using soapy water or other cleaners, sponges, or squeegees.",Phi_U,0.3,8.2,0.231
9613,Street Cleaners,"Sweeping streets, parks, airports, stations and similar public places.",Phi_U,0.3,7.5,0.231
9613,Street Cleaners,Beating dust out of carpets by using a carpet-beater.,Phi_U,0.42,6.5,0.103
9613,Street Cleaners,"Cleaning rubbish, leaves and snow from driveways and grounds.",Phi_U,0.3,6.5,0.231
9412,Kitchen Helpers,"Assist cooks and kitchen staff with various tasks as needed, and provide cooks with needed items.",Phi_U,0.43,12.0,0.096
9412,Kitchen Helpers,"Take and record temperature of food and food storage areas, such as refrigerators and freezers.",C_R,0.43,11.5,0.933
9412,Kitchen Helpers,Scrape and stack dirty dishes and carry dishes and other tableware to kitchens for cleaning.,Phi_U,0.3,11.5,0.231
9412,Kitchen Helpers,"Carry food supplies, equipment, and utensils to and from storage and work areas.",Phi_U,0.43,11.3,0.096
9412,Kitchen Helpers,Remove trash and clean kitchen garbage containers.,Phi_U,0.3,11.3,0.231
9412,Kitchen Helpers,"Maintain kitchen work areas, equipment, or utensils in clean and orderly condition.",Phi_U,0.3,11.3,0.231
9412,Kitchen Helpers,"Cleaning kitchens, food preparation areas and service areas.",Phi_U,0.3,7.7,0.231
9412,Kitchen Helpers,"Checking, transferring, weighing and storing supplies in refrigerators, cupboards and other storage areas.",Phi_U,0.43,7.7,0.096
9412,Kitchen Helpers,"Preparing, cooking, toasting and heating simple food items.",Phi_U,0.43,7.7,0.096
9412,Kitchen Helpers,Perform other duties to assist workers who prepare or serve food.,Phi_U,0.43,7.7,0.096
0110,Military Personnel,"Plan, command, and coordinate military operations and unit activities.",S_E,0.68,10.0,0.067
0110,Military Personnel,"Direct personnel in training, administration, and discipline of subordinate units.",S_E,0.48,10.0,0.261
0110,Military Personnel,"Develop operational strategy, contingency plans, and mission orders.",S_E,0.68,10.0,0.067
0110,Military Personnel,"Coordinate logistics, supply, transport, and resource allocation across units.",S_E,0.6,10.0,0.119
0110,Military Personnel,"Conduct briefings, liaise with allied and civilian authorities, and report to superiors.",C_G,0.48,10.0,0.673
0110,Military Personnel,Evaluate intelligence and operational information to inform tactical decisions.,C_G,0.6,10.0,0.44
0110,Military Personnel,"Ensure compliance with military regulations, rules of engagement, and international law.",C_G,0.68,10.0,0.293
0110,Military Personnel,Command personnel in combat or humanitarian-assistance operations as ordered.,Phi_U,0.75,10.0,0.008
0110,Military Personnel,"Maintain proficiency with issued weapons, vehicles, communications, and personal equipment.",C_G,0.48,10.0,0.673
0110,Military Personnel,"Oversee administrative functions including personnel records, pay, and supply accountability.",C_G,0.48,10.0,0.673
0210,Military NCOs,"Supervise enlisted personnel in training, daily duties, and unit readiness tasks.",S_E,0.48,10.0,0.261
0210,Military NCOs,"Enforce military discipline, dress, bearing, and standards of conduct within the unit.",Phi_U,0.68,10.0,0.014
0210,Military NCOs,"Execute unit orders, conduct tactical patrols, and lead small-unit operations.",Phi_U,0.48,10.0,0.067
0210,Military NCOs,"Maintain and account for weapons, vehicles, ammunition, and unit equipment.",Phi_U,0.48,10.0,0.067
0210,Military NCOs,"Instruct subordinates in weapons handling, drill, fieldcraft, and specialty skills.",Phi_U,0.6,10.0,0.027
0210,Military NCOs,"Prepare reports, operational orders, and situation briefs for officers and peers.",C_R,0.48,10.0,0.904
0210,Military NCOs,"Perform administrative tasks: rosters, training records, leave processing, pay matters.",C_R,0.43,10.0,0.933
0210,Military NCOs,"Operate military communication, navigation, and surveillance equipment in the field.",Phi_U,0.7,10.0,0.012
0210,Military NCOs,"Provide first aid, casualty care, and emergency response in operational environments.",Phi_U,0.7,10.0,0.012
0210,Military NCOs,"Participate in humanitarian relief, peacekeeping, or disaster-response deployments.",C_G,0.68,10.0,0.293
0310,Soldiers,"Participate in combat, peacekeeping, or humanitarian-assistance operations as ordered.",Phi_U,0.75,10.0,0.008
0310,Soldiers,"Operate, maintain, and secure assigned weapons, vehicles, and military equipment.",Phi_U,0.68,10.0,0.014
0310,Soldiers,"Conduct patrols, security duties, perimeter defence, and sentry rotations.",Phi_S,0.55,10.0,0.327
0310,Soldiers,"Drive, pilot, or crew military vehicles, boats, or aircraft under direction.",Phi_U,0.7,10.0,0.012
0310,Soldiers,"Load, unload, and move military stores, ordnance, and supplies.",Phi_U,0.68,10.0,0.014
0310,Soldiers,"Execute drill, physical training, weapons practice, and fieldcraft exercises.",Phi_U,0.42,10.0,0.103
0310,Soldiers,Provide first aid and battlefield casualty care as trained.,Phi_U,0.7,10.0,0.012
0310,Soldiers,"Maintain personal equipment, uniform, and living accommodations to standard.",Phi_U,0.48,10.0,0.067
0310,Soldiers,"Complete administrative paperwork, duty reports, and routine record-keeping.",C_R,0.43,10.0,0.933
0310,Soldiers,"Operate military radios, signalling, or surveillance equipment on the ground.",Phi_U,0.68,10.0,0.014
1219,Admin Services Directors,"Providing administrative, strategic planning and operational support, research and advice to senior management on matters such as the management of building facilities and administrative services.",S_E,0.68,12.3,0.067
1219,Admin Services Directors,Developing and managing the organization's administrative and physical resources.,C_G,0.55,14.1,0.54
1219,Admin Services Directors,"Analyzing complex resource management issues and initiatives that affect the organization, and preparing associated reports, correspondence and submissions.",C_G,0.8,12.3,0.137
1219,Admin Services Directors,"Leading, managing and developing administrative staff to ensure smooth business operations and the provision of accurate and timely information.",S_E,0.48,12.3,0.261
1219,Admin Services Directors,"Representing the enterprise or organization in negotiations, and at conventions, seminars, public hearings and forums.",S_E,0.65,12.3,0.083
1219,Admin Services Directors,"Establishing and managing budgets, controlling expenditure and ensuring the efficient use of resources.",S_E,0.45,12.3,0.31
1219,Admin Services Directors,Planning and directing daily operations.,S_E,0.45,12.3,0.31
1219,Admin Services Directors,"Overseeing the selection, training and performance of staff.",S_E,0.48,12.3,0.261
1311,Farm Managers,"Position and regulate plant irrigation systems, and program environmental and irrigation control computers.",P_A,0.65,11.0,0.69
1311,Farm Managers,"Maintain financial, operational, production, or employment records for farms or ranches.",C_R,0.43,10.8,0.933
1311,Farm Managers,"Negotiate with buyers for the sale, storage, or shipment of crops or livestock.",C_G,0.6,12.3,0.44
1311,Farm Managers,Monitoring agricultural and forestry market activity and planning production to meet contract requirements and market demand.,S_E,0.48,8.2,0.261
1311,Farm Managers,"Establishing and managing budgets, monitoring production output and costs, recording information such as farm management practices, and preparing financial and operational reports.",S_E,0.45,8.2,0.31
1311,Farm Managers,"Contracting with farmers or independent owners for production of crops and livestock, or for management of production.",C_G,0.55,8.2,0.54
1311,Farm Managers,"Planning the type, intensity and sequence of farm operations (e.g. determining the best times for planting, spraying and harvesting).",S_E,0.48,8.2,0.261
1311,Farm Managers,Analysing soil to determine types and quantities of fertilizer required for maximum production.,C_G,0.6,8.2,0.44
1311,Farm Managers,"Identifying and controlling agricultural and forest environmental toxins, weeds, pests and diseases.",S_E,0.48,8.2,0.261
1311,Farm Managers,"Organizing farming operations such as maintaining buildings, water supply systems and equipment.",S_E,0.48,8.2,0.261
1311,Farm Managers,"Directing and coordinating activities such as planting, irrigation, chemical application, harvesting, and grading.",S_E,0.55,8.2,0.168
5152,Bed & Breakfast Owners,Issue supplies and equipment to workers.,C_R,0.43,15.9,0.933
5152,Bed & Breakfast Owners,"Maintain required records of work hours, budgets, payrolls, and other information.",C_R,0.58,15.7,0.808
5152,Bed & Breakfast Owners,Supervising workers employed in households as domestic staff.,S_E,0.48,9.8,0.261
5152,Bed & Breakfast Owners,Purchasing or controlling the purchase of supplies.,C_R,0.43,9.8,0.933
5152,Bed & Breakfast Owners,"Assisting in cases of minor injury or illness by performing tasks such as taking temperature, giving medicine, putting g on bandages.",Phi_U,0.43,9.8,0.096
5152,Bed & Breakfast Owners,"Sweeping or vacuum-cleaning, washing and polishing floors, furniture and other fixtures. (f) making beds, cleaning bathrooms, supplying towels, soap and related items.",Phi_U,0.3,9.8,0.231
5152,Bed & Breakfast Owners,"Taking care of household pets and plants, receiving visitors, answering telephones, delivering messages and shopping for groceries.",Phi_U,0.43,9.8,0.096
5152,Bed & Breakfast Owners,"Preparing and cooking meals, setting and clearing tables and serving food and beverages. (i) cleaning kitchens and generally helping with kitchen work, including dishwashing.",Phi_U,0.43,9.8,0.096
5152,Bed & Breakfast Owners,Carry out housekeeping functions in private households with or without the support of subordinate staff.,Phi_U,0.43,9.8,0.096
2132,Agronomists,Develop methods of conserving or managing soil that can be applied by farmers or forestry companies.,C_G,0.6,10.7,0.44
2132,Agronomists,"Conduct experiments to develop new or improved varieties of field crops, focusing on characteristics such as yield, quality, disease resistance, nutritional value, or adaptation to specific soils o...",C_G,0.6,10.6,0.44
2132,Agronomists,"Collecting and analysing data and samples related to produce, feed, soil, water quality and other factors affecting farm, forest or fishery production.",C_G,0.6,7.9,0.44
2132,Agronomists,"Advising on techniques for improving the production of crops, livestock and fish, and alternative production options.",C_G,0.6,7.9,0.44
2132,Agronomists,"Advising on livestock and crop disease, control of pests and weeds, soil improvement, animal husbandry and feeding programs.",C_G,0.6,7.9,0.44
2132,Agronomists,"Studying the environmental factors affecting commercial crop production, pasture growth, animal breeding, fish stocks and the growth and health of forest trees.",C_G,0.6,7.9,0.44
2132,Agronomists,"Studying the effects of cultivation techniques, soils, insects, diseases and fisheries practices on animal, crop, forestry and fisheries yield.",C_G,0.6,7.9,0.44
2132,Agronomists,"Studying fish migration, growth, feeding and spawning and devising methods of collecting, fertilizing, incubating and hatching fish eggs.",C_G,0.6,7.9,0.44
2132,Agronomists,"Researching into characteristics, use capability and productivity of soils and applying findings to development of improved agricultural, horticultural and forestry practices.",C_G,0.7,7.9,0.261
2132,Agronomists,Developing procedures and techniques for solving agricultural problems and improving the efficiency of production.,C_G,0.6,7.9,0.44
2132,Agronomists,"Managing forest and fisheries resources to maximize their long-term commercial, recreational and environmental benefits.",S_E,0.6,7.9,0.119
2132,Agronomists,"Studying the propagation and culture of forest trees, methods for improving the growth of stock, and the effects of thinning on forest yields.",C_G,0.6,7.9,0.44
2320,Vocational Teachers,"Instruct students individually and in groups, using various teaching methods, such as lectures, discussions, and demonstrations.",C_G,0.6,9.8,0.44
2320,Vocational Teachers,"Observe and evaluate students' work to determine progress, provide feedback, and make suggestions for improvement.",C_G,0.6,9.8,0.44
2320,Vocational Teachers,"Present lectures and conduct discussions to increase students' knowledge and competence using visual aids, such as graphs, charts, videotapes, and slides.",C_G,0.6,9.8,0.44
2320,Vocational Teachers,Supervise and monitor students' use of tools and equipment.,Phi_U,0.6,8.5,0.027
2320,Vocational Teachers,Instruct and monitor students in the use and care of equipment and materials to prevent injuries and damage.,Phi_U,0.6,10.3,0.027
2320,Vocational Teachers,"Administer oral, written, or performance tests to measure progress and to evaluate training effectiveness.",C_G,0.6,9.4,0.44
2320,Vocational Teachers,Provide individualized instruction and tutorial or remedial instruction.,C_G,0.6,9.4,0.44
2320,Vocational Teachers,Developing curricula and planning course content and methods of instruction.,C_G,0.6,5.7,0.44
2320,Vocational Teachers,"Determining training needs of students or workers and liaising with individuals, industry and other education sectors to ensure provision of relevant education and training programs.",C_G,0.48,10.3,0.673
2320,Vocational Teachers,"Preparing reports and maintaining records such as student grades, attendance rolls, and training activity details.",C_R,0.43,5.7,0.933
2320,Vocational Teachers,"Supervising independent or group projects, field placements, laboratory work, or other training.",C_G,0.55,5.7,0.54
2320,Vocational Teachers,"Conducting on-the-job training sessions to teach and demonstrate principles, techniques, procedures, or methods of designated subjects.",Phi_U,0.6,5.7,0.027
2330,Secondary Teachers,Establish and enforce rules for behavior and procedures for maintaining order among students.,C_G,0.52,10.6,0.599
2330,Secondary Teachers,"Instruct through lectures, discussions, and demonstrations in one or more subjects, such as English, mathematics, or social studies.",C_G,0.6,10.8,0.44
2330,Secondary Teachers,Prepare materials and classrooms for class activities.,C_G,0.6,10.8,0.44
2330,Secondary Teachers,Adapt teaching methods and instructional materials to meet students' varying needs and interests.,C_G,0.6,10.6,0.44
2330,Secondary Teachers,"Prepare, administer, and grade tests and assignments to evaluate students' progress.",C_G,0.6,10.3,0.44
2330,Secondary Teachers,"Establish clear objectives for all lessons, units, and projects, and communicate those objectives to students.",C_G,0.55,9.9,0.54
2330,Secondary Teachers,"Observe and evaluate students' performance, behavior, social development, and physical health.",C_G,0.6,8.5,0.44
2330,Secondary Teachers,"Prepare objectives and outlines for courses of study, following curriculum guidelines or requirements of states and schools.",C_G,0.52,8.5,0.599
2330,Secondary Teachers,Designing and modifying curricula and preparing educational courses of study in accordance with curriculum guidelines.,C_G,0.7,6.7,0.261
2330,Secondary Teachers,Preparing reports about pupils' work and conferring with other teachers and parents.,C_G,0.6,6.7,0.44
2330,Secondary Teachers,Participating in meetings concerning the school's educational or organizational policies.,C_G,0.7,6.7,0.261
2342,Preschool Teachers,Establish and enforce rules for behavior and policies and procedures to maintain order among students.,Phi_U,0.55,14.0,0.039
2342,Preschool Teachers,"Instruct students individually and in groups, adapting teaching methods to meet students' varying needs and interests.",Phi_U,0.6,14.8,0.027
2342,Preschool Teachers,"Teach basic skills, such as color, shape, number and letter recognition, personal hygiene, and social skills.",Phi_U,0.6,14.3,0.027
2342,Preschool Teachers,"Planning and organizing individual and group activities designed to facilitate the development of children's motor skills, cooperative and social skills, confidence and understanding.",C_G,0.48,8.1,0.673
2342,Preschool Teachers,"Promoting language development through story-telling, role-play, songs, rhymes and informal conversations and discussions.",Phi_U,0.6,8.1,0.027
2342,Preschool Teachers,"Leading children in activities that, provide opportunities for creative expression through the media of art, dramatic play, music and physical fitness.",Phi_U,0.48,8.1,0.067
2342,Preschool Teachers,"Observing children in order to evaluate progress and to detect signs of developmental, emotional or health related problems with parents.",Phi_U,0.6,8.1,0.027
2342,Preschool Teachers,"Observing and assessing nutritional health, welfare and safety needs of students and identifying factors which may impede students' progress.",Phi_U,0.6,8.1,0.027
2342,Preschool Teachers,Supervising children's activities to ensure safety and resolve conflicts.,Phi_U,0.55,8.1,0.039
2342,Preschool Teachers,"Guiding and assisting children in the development of proper eating, dressing and toilet habits (h) discussing progress or problems of children with parents and other staff members and identifying a...",Phi_U,0.6,8.1,0.027
2352,Special Ed Teachers,"Instruct students with disabilities in academic subjects, using a variety of techniques, such as phonetics, multisensory learning, or repetition to reinforce learning and meet students' varying needs.",C_G,0.6,10.4,0.44
2352,Special Ed Teachers,Provide individual or small groups of students with adapted physical education instruction that meets desired physical needs or goals.,Phi_U,0.6,10.2,0.027
2352,Special Ed Teachers,Develop or implement strategies to meet the needs of students with a variety of disabilities.,C_G,0.7,10.2,0.261
2352,Special Ed Teachers,"Employ special educational strategies or techniques during instruction to improve the development of sensory- and perceptual-motor skills, language, cognition, or memory.",Phi_U,0.7,11.6,0.012
2352,Special Ed Teachers,Establish and enforce rules for behavior and procedures for maintaining order among students.,C_G,0.52,11.5,0.599
2352,Special Ed Teachers,"Assessing students' abilities and limitations with regard to intellectual, physical, social and emotional impairments, exceptional intellectual gifts, or other specific problems.",C_G,0.6,6.2,0.44
2352,Special Ed Teachers,"Designing or modifying curricula and preparing and delivering programmes, lessons and activities adapted to students? abilities and needs.",C_G,0.6,6.2,0.44
2352,Special Ed Teachers,Giving instruction on an individual or group basis using special techniques or aids appropriate to students? needs.,C_G,0.6,6.2,0.44
2352,Special Ed Teachers,"Teaching academic subjects, and practical and self-help skills to students with hearing, sight and other impairments.",C_G,0.6,8.8,0.44
2352,Special Ed Teachers,Conferring with other staff members to plan and schedule lessons for special needs students.,C_R,0.45,6.2,0.923
2352,Special Ed Teachers,Preparing and maintaining student data and other records and submitting reports.,C_R,0.43,6.2,0.933
2352,Special Ed Teachers,Administering various forms of assessment and evaluating progress of each student.,C_G,0.6,6.2,0.44
2353,Language Teachers,Assess students' progress throughout tutoring sessions.,C_G,0.6,11.3,0.44
2353,Language Teachers,Enforce school and class rules to maintain order in the classroom.,C_G,0.6,11.2,0.44
2353,Language Teachers,Follow lesson plans designed by absent teachers.,C_G,0.52,10.9,0.599
2353,Language Teachers,"Instruct students individually and in groups, using various teaching methods, such as lectures, discussions, and demonstrations.",C_G,0.6,10.7,0.44
2353,Language Teachers,Adapt teaching methods and instructional materials to meet students' varying needs and interests.,C_G,0.6,10.5,0.44
2353,Language Teachers,"Observe students to determine qualifications, limitations, abilities, interests, and other individual characteristics.",C_G,0.6,10.3,0.44
2353,Language Teachers,"Assessing the level of ability and the extent of language difficulties of students, and establishing students' needs and learning goals.",C_G,0.52,7.0,0.599
2353,Language Teachers,Designing and producing teaching materials and adapting existing materials.,C_G,0.6,7.0,0.44
2353,Language Teachers,Assisting students in classroom settings where subjects are taught in a language other than the students? native language.,C_G,0.6,7.0,0.44
2353,Language Teachers,Providing assistance to other teachers by designing special teaching programs for students still learning the main language of instruction.,C_G,0.6,7.0,0.44
2353,Language Teachers,"Assigning and correcting work, and preparing and grading exams.",C_G,0.6,7.0,0.44
2356,EdTech Specialists,"Present information with a variety of instructional techniques or formats, such as role playing, simulations, team exercises, group discussions, videos, or lectures.",C_G,0.6,12.9,0.44
2356,EdTech Specialists,"Obtain, organize, or develop training procedure manuals, guides, or course materials, such as handouts or visual materials.",C_G,0.6,11.6,0.44
2356,EdTech Specialists,"Monitor, evaluate, or record training activities or program effectiveness.",C_G,0.43,11.0,0.754
2356,EdTech Specialists,"Design, plan, organize, or direct orientation and training programs for employees or customers.",C_G,0.48,10.7,0.673
2356,EdTech Specialists,Attend meetings or seminars to obtain information for use in training programs or to inform management of training program status.,C_G,0.4,9.3,0.796
2356,EdTech Specialists,Identifying the information technology training needs and requirements of individual users and organizations.,C_G,0.6,7.4,0.44
2356,EdTech Specialists,"Preparing and developing instructional training material and aids such as handbooks, visual aids, online tutorials, demonstration models, and supporting training reference documentation.",C_G,0.7,7.4,0.261
2356,EdTech Specialists,"Designing, coordinating, scheduling and conducting training and development programs that can be delivered in the form of individual and group instruction, and facilitating workshops meetings.",C_G,0.55,7.4,0.54
2356,EdTech Specialists,"Monitoring and performing ongoing evaluation and assessment of training quality and effectiveness, and reviewing and modifying training objectives, methods and course deliverables.",C_G,0.6,7.4,0.44
2356,EdTech Specialists,"Gathering, investigating and researching background materials to gain a full understanding of the subject matter and systems.",C_G,0.7,7.4,0.261
2356,EdTech Specialists,"Keeping up-to-date with new product version releases, advances in software, and general information technology trends, writing end user products and materials such as user training, tutorial and in...",C_G,0.6,7.4,0.44
2359,Teaching Professionals,Enforce school and class rules to maintain order in the classroom.,C_G,0.6,9.6,0.44
2359,Teaching Professionals,Follow lesson plans designed by absent teachers.,C_G,0.52,9.6,0.599
2359,Teaching Professionals,"Counsel students regarding educational issues, such as course and program selection, class scheduling and registration, school adjustment, truancy, study habits, and career planning.",C_G,0.45,10.4,0.723
2359,Teaching Professionals,Take class attendance and maintain attendance records.,C_R,0.43,9.4,0.933
2359,Teaching Professionals,"Teach students study skills, note-taking skills, and test-taking strategies.",C_G,0.7,9.2,0.261
2359,Teaching Professionals,"Provide private instruction to individual or small groups of students to improve academic performance, improve occupational skills, or prepare for academic or occupational tests.",C_G,0.6,9.2,0.44
2359,Teaching Professionals,"Counsel individuals or groups to help them understand and overcome personal, social, or behavioral problems affecting their educational or vocational situations.",C_G,0.7,10.2,0.261
2359,Teaching Professionals,"Planning, preparing and delivering programs of study, lessons and workshops for individual students and groups.",C_G,0.48,6.3,0.673
2359,Teaching Professionals,Preparing and presenting material on the theory of the subject area being studied.,C_G,0.6,7.1,0.44
2359,Teaching Professionals,"Assessing students and offering advice, criticism and encouragement.",C_G,0.6,6.3,0.44
2359,Teaching Professionals,"Revising curricula, course content, course materials and methods of instruction (h) preparing students for examinations and assessments.",C_G,0.6,6.3,0.44
2359,Teaching Professionals,Preparing students for later educational experiences by encouraging them to explore learning opportunities and to persevere with challenging tasks.,C_G,0.6,6.3,0.44
2612,Judges & Prosecutors,"Sentence defendants in criminal cases, on conviction by jury, according to applicable government statutes.",C_G,0.75,12.3,0.192
2612,Judges & Prosecutors,Monitor proceedings to ensure that all applicable rules and procedures are followed.,C_G,0.48,11.8,0.673
2612,Judges & Prosecutors,Monitor and direct the activities of trials and hearings to ensure that they are conducted fairly and that courts administer justice while safeguarding the legal rights of all involved parties.,S_E,0.48,11.6,0.261
2612,Judges & Prosecutors,"Instruct juries on applicable laws, direct juries to deduce the facts from the evidence presented, and hear their verdicts.",C_G,0.6,19.1,0.44
2612,Judges & Prosecutors,Rule on admissibility of evidence and methods of conducting testimony.,C_G,0.48,11.4,0.673
2612,Judges & Prosecutors,"Conduct preliminary hearings to decide issues, such as whether there is reasonable and probable cause to hold defendants in felony cases.",C_G,0.48,11.4,0.673
2612,Judges & Prosecutors,Presiding over trials and hearings.,C_G,0.48,7.5,0.673
2612,Judges & Prosecutors,Interpreting and enforcing rules of procedure and making rulings regarding the admissibility of evidence.,C_G,0.6,7.5,0.44
2612,Judges & Prosecutors,Researching legal issues and writing opinions on the issues.,C_G,0.7,7.5,0.261
2622,Librarians,"Teach library patrons basic computer skills, such as searching computerized databases.",C_G,0.6,11.9,0.44
2622,Librarians,"Plan and teach classes on topics such as information literacy, library instruction, and technology use.",C_G,0.6,11.2,0.44
2622,Librarians,"Code, classify, and catalog books, publications, films, audio-visual aids, and other library materials, based on subject matter or standard library classification systems.",C_G,0.52,10.6,0.599
2622,Librarians,Selecting and recommending acquisitions of books and other printed or audio-visually and digitally recorded material.,C_G,0.6,9.4,0.44
2622,Librarians,"Organizing, classifying and cataloguing library material.",C_G,0.6,8.1,0.44
2622,Librarians,Managing library borrowing and inter-library loan facilities and information networks.,C_R,0.48,8.1,0.904
2622,Librarians,Retrieving material and providing information to business and other users based on the collection itself or on library and information-network systems.,C_G,0.6,8.1,0.44
2622,Librarians,Conducting research and analysing or modifying library and information services in accordance with changes in users' needs.,C_G,0.7,8.1,0.261
2622,Librarians,"Devising and implementing schemes and conceptual models for the storage, organization, classification and retrieval of information.",C_G,0.55,8.1,0.54
2622,Librarians,Preparing scholarly papers and reports.,C_G,0.6,8.1,0.44
2622,Librarians,"Performing manual, on-line and interactive media reference searches, making interlibrary loans and performing other functions to assist users in accessing library materials.",C_G,0.6,8.1,0.44
3142,Seed Technologists,"Maintain or repair agricultural facilities, equipment, or tools to ensure operational readiness, safety, and cleanliness.",Phi_U,0.55,12.7,0.039
3142,Seed Technologists,"Preparing materials and equipment for experiments, tests and analyses.",C_R,0.4,9.7,0.947
3142,Seed Technologists,"Collecting and preparing specimens such as soils, plant or animal cells, tissues or parts or animal organs for experiments, tests and analyses.",Phi_U,0.45,9.7,0.083
3142,Seed Technologists,"Assisting with and performing experiments, tests and analyses applying methods and techniques such as microscopy, histochemistry, chromatography, electrophoresis and spectroscopy.",C_G,0.6,9.7,0.44
3142,Seed Technologists,"Identifying pathogenic micro-organisms and insects, parasites, fungi and weeds harmful to crops and livestock, and assisting in devising methods of control.",C_G,0.6,9.7,0.44
3142,Seed Technologists,Analysing produce to set and maintain standards of quality.,C_G,0.52,9.7,0.599
3142,Seed Technologists,"Conducting or supervising operational programs such as fish hatchery, greenhouse and livestock production programs.",S_E,0.55,9.7,0.168
3142,Seed Technologists,"Analysing samples of seeds for quality, purity and germination rating.",C_R,0.45,9.7,0.923
3142,Seed Technologists,Collecting data and estimating quantities and costs of materials and labour required for projects.,C_R,0.42,9.7,0.938
3142,Seed Technologists,Organizing maintenance and repairs of research equipment.,S_E,0.45,9.7,0.31
3423,Personal Trainers,Conduct an initial assessment of an athlete's injury or illness to provide emergency or continued care and to determine whether they should be referred to physicians for definitive diagnosis and…,C_G,0.8,11.2,0.137
3423,Personal Trainers,Monitor participants' progress and adapt programs as needed.,C_G,0.6,11.0,0.44
3423,Personal Trainers,"Care for athletic injuries, using physical therapy equipment, techniques, or medication.",Phi_U,0.42,11.0,0.103
3423,Personal Trainers,Train workers in proper operational procedures and functions and explain company policies.,S_E,0.7,10.6,0.057
3423,Personal Trainers,"Evaluate individuals' abilities, needs, and physical conditions, and develop suitable training programs to meet any special requirements.",C_G,0.48,13.4,0.673
3423,Personal Trainers,Planning and carrying out recreational and fitness activities.,Phi_U,0.48,8.0,0.067
3423,Personal Trainers,"Monitoring recreational, sports or fitness activities to ensure safety and provide emergency or first aid assistance when required.",Phi_U,0.68,7.0,0.014
3423,Personal Trainers,Evaluating and monitoring clients? abilities and fitness and recommending activities.,C_G,0.6,7.0,0.44
3423,Personal Trainers,"Demonstrating and teaching body movements, concepts and skills used in fitness routines and recreational activities.",Phi_U,0.52,7.0,0.049
3423,Personal Trainers,Instructing in the use of equipment.,C_G,0.6,7.0,0.44
3423,Personal Trainers,"Explaining and enforcing safety procedures, rules and regulations.",C_G,0.6,7.0,0.44
3352,Tax Inspectors,Collect taxes from individuals or businesses according to prescribed laws and regulations.,C_G,0.7,12.5,0.261
3352,Tax Inspectors,"Check tax forms to verify that names and taxpayer identification numbers are correct, that computations have been performed correctly, or that amounts match those on supporting documentation.",C_R,0.58,11.8,0.808
3352,Tax Inspectors,Examine and analyze tax assets and liabilities to determine resolution of delinquent tax problems.,C_G,0.6,11.8,0.44
3352,Tax Inspectors,"Maintain records for each case, including contacts, telephone numbers, and actions taken.",C_R,0.43,14.6,0.933
3352,Tax Inspectors,Review filed tax returns to determine whether claimed tax credits and deductions are allowed by law.,C_R,0.48,11.0,0.904
3352,Tax Inspectors,Answer questions from taxpayers and assist them in completing tax forms.,C_R,0.58,11.0,0.808
3352,Tax Inspectors,Review selected tax returns to determine the nature and extent of audits to be performed on them.,C_G,0.48,10.4,0.673
3352,Tax Inspectors,"Examining tax returns, bills of sale and other relevant documents to determine type and amount of taxes, duties and other types of fees to be paid.",C_R,0.58,9.0,0.808
3352,Tax Inspectors,"Investigating filed tax returns and accounting records, systems and internal controls of organizations to ensure compliance with taxation laws and regulations.",C_G,0.55,7.8,0.54
4221,Travel Agents,Confer with customers to determine their service requirements and travel preferences.,C_R,0.43,11.4,0.933
4221,Travel Agents,"Plan, describe, arrange, and sell itinerary tour packages and promotional travel incentives offered by various travel carriers.",C_R,0.43,11.4,0.933
4221,Travel Agents,Provide clients with assistance in preparing required travel documents and forms.,C_R,0.43,11.4,0.933
4221,Travel Agents,"Record and maintain information on clients, vendors, and travel packages.",C_R,0.43,13.4,0.933
4221,Travel Agents,"Determine whether space is available on travel dates requested by customers, assigning requested spaces when available.",C_R,0.43,11.3,0.933
4221,Travel Agents,"Assemble and issue required documentation, such as tickets, travel insurance policies, or itineraries.",C_R,0.58,11.3,0.808
4221,Travel Agents,"Obtaining information about the availability, cost and convenience of different types of transport and accommodation, ascertaining customer?s requirements and advising them on travel arrangements.",C_G,0.6,7.5,0.44
4221,Travel Agents,Helping customers in obtaining necessary travel documents such as visas.,C_R,0.43,7.5,0.933
4221,Travel Agents,Preparing bills and receiving payments.,C_R,0.43,7.5,0.933
4221,Travel Agents,Organizing group tours for business or vacation travel and selling them to groups or individuals.,C_G,0.55,7.5,0.54
3421,Athletes,"Officiate at sporting events, games, or competitions, to maintain standards of play and to ensure that game rules are observed.",C_G,0.52,14.0,0.599
3421,Athletes,Teach and explain the rules and regulations governing a specific sport.,C_G,0.6,14.9,0.44
3421,Athletes,Inspect sporting equipment or examine participants to ensure compliance with event and safety regulations.,C_R,0.58,11.9,0.808
3421,Athletes,Maintain equipment used in a particular sport.,Phi_U,0.5,13.5,0.057
3421,Athletes,Attend scheduled practice or training sessions.,Phi_U,0.7,11.9,0.012
3421,Athletes,Participating in competitive sporting events.,Phi_U,0.79,8.5,0.006
3421,Athletes,Participating in regular practice and training sessions and undertaking private training to maintain the required standard of fitness and skill.,Phi_U,0.75,8.5,0.008
3421,Athletes,Undertaking sports promotional activities and media interviews.,C_G,0.55,8.5,0.54
3421,Athletes,Deciding on strategies in consultation with coaches.,C_G,0.7,8.5,0.261
5142,Beauticians,Demonstrate how to clean and care for skin properly and recommend skin-care regimens.,C_G,0.3,17.0,0.897
5142,Beauticians,"Cleaning and applying creams, lotions and related products to face and parts of body.",Phi_U,0.3,10.4,0.231
5142,Beauticians,Giving facial and body massage.,Phi_U,0.42,10.4,0.103
5142,Beauticians,Applying make-up to clients of a beauty parlour or to actors and other performers.,Phi_U,0.6,10.4,0.027
5142,Beauticians,"Cleaning, shaping and polishing finger- and toe-nails and treating minor ailments of the human foot such as corns, calluses or deformed toe-nails.",Phi_U,0.3,10.4,0.231
5142,Beauticians,Attending to clients taking baths and administering elementary massage.,Phi_U,0.42,10.4,0.103
5142,Beauticians,"Using waxing, sugaring and depilation techniques to remove unwanted bodily hair.",Phi_U,0.43,10.4,0.096
5142,Beauticians,Advising clients on diet and exercise to assist in weight loss and slimming.,C_G,0.6,10.4,0.44
5142,Beauticians,Arranging appointments and collecting payments.,C_R,0.3,10.4,0.975
5212,Food Truck Operators,Place food servings on plates or trays according to orders or instructions.,Phi_U,0.43,16.8,0.096
5212,Food Truck Operators,"Carry food, silverware, or linen on trays or use carts to carry trays.",Phi_U,0.43,14.7,0.096
5212,Food Truck Operators,Record amounts and types of special food items served to customers.,C_R,0.43,14.7,0.933
5212,Food Truck Operators,"Obtaining permission or a licence, where required, to sell food and drinks on the street or in a public place.",C_R,0.43,10.1,0.933
5212,Food Truck Operators,"Preparing, either beforehand or on the spot, food and drinks for sale.",Phi_U,0.43,11.7,0.096
5212,Food Truck Operators,"Loading and unloading, pushing, pedalling or carrying hand-cart, truck, tray or basket to bring food and drinks to the desired place in the street, or to public places such as stations or cinemas.",Phi_U,0.55,11.7,0.039
5212,Food Truck Operators,Displaying and selling food and drinks and accepting payment.,Phi_U,0.43,10.1,0.096
5212,Food Truck Operators,"Sell, or sell previously prepared, hot or cold foods.",Phi_U,0.43,10.1,0.096
3255,Massage Therapists,Develop individual treatment plans and strategies.,C_G,0.7,17.8,0.261
3255,Massage Therapists,"Instruct, motivate, safeguard, and assist patients as they practice exercises or functional activities.",Phi_U,0.42,18.0,0.103
3255,Massage Therapists,Educate patients about health care management.,C_G,0.6,15.9,0.44
3255,Massage Therapists,Administering manual treatments such as massage therapy or pressure point therapy.,Phi_U,0.42,9.7,0.103
3255,Massage Therapists,"Administering electrical modality treatments, ultrasound, and other physical therapies using specialized techniques and equipment, including infra-red lamps, wet compresses, and herbal and mineral...",Phi_U,0.5,9.7,0.057
3255,Massage Therapists,"Conferring with physiotherapists or other health care providers to evaluate patient information for planning, modifying, and coordinating treatment.",C_G,0.7,9.7,0.261
3255,Massage Therapists,"Monitoring and recording patients' progress during treatments, including measuring their range-of-joint motion and vital signs.",C_R,0.43,9.7,0.933
3255,Massage Therapists,"Fitting patients for orthopedic braces, prostheses, and other physical supportive devices such as crutches, and instructing patients in the use of such devices.",Phi_U,0.42,9.7,0.103
5411,Firefighters,Assign firefighters to jobs at strategic locations to facilitate rescue of persons and maximize application of extinguishing agents.,Phi_U,0.76,10.3,0.008
5411,Firefighters,"Rescue survivors from burning buildings, accident sites, and water hazards.",Phi_U,0.76,11.5,0.008
5411,Firefighters,"Respond to fire alarms and other calls for assistance, such as automobile and industrial accidents.",Phi_U,0.48,11.4,0.067
5411,Firefighters,Drive and operate fire fighting vehicles and equipment.,Phi_S,0.55,11.2,0.327
5411,Firefighters,Inspect fire sites after flames have been extinguished to ensure that there is no further danger.,C_R,0.43,9.7,0.933
5411,Firefighters,"Select and attach hose nozzles, depending on fire type, and direct streams of water or chemicals onto fires.",C_G,0.48,9.7,0.673
5411,Firefighters,"Serve as a working leader of an engine, hand, helicopter, or prescribed fire crew of three or more firefighters.",Phi_U,0.7,9.7,0.012
5411,Firefighters,Controlling and extinguishing fires using manual and power equipment and firefighting chemicals.,Phi_U,0.76,6.6,0.008
5411,Firefighters,Preventing or limiting the spread of dangerous substances in case of fires or accidents.,Phi_U,0.48,6.6,0.067
5411,Firefighters,Informing the public about fire prevention.,C_G,0.48,6.6,0.673
5411,Firefighters,"Assist in other emergencies, protect life.",Phi_U,0.68,6.6,0.014
5413,Prison Officers,"Inspect conditions of locks, window bars, grills, doors, and gates at correctional facilities to ensure security and help prevent escapes.",Phi_U,0.48,16.9,0.067
5413,Prison Officers,"Search prisoners and vehicles and conduct shakedowns of cells for valuables and contraband, such as weapons or drugs.",C_G,0.48,14.1,0.673
5413,Prison Officers,Guard facility entrances to screen visitors.,Phi_U,0.55,14.1,0.039
5413,Prison Officers,"Supervising prisoners at work, meals, or during recreation periods.",Phi_U,0.48,9.2,0.067
5413,Prison Officers,Observing the conduct and behaviour of prisoners to prevent disturbances and escapes.,C_G,0.48,9.2,0.673
5413,Prison Officers,Patrolling prison areas to prevent escape.,Phi_S,0.55,9.2,0.327
5413,Prison Officers,Assisting with the implementation of rehabilitation programs.,Phi_U,0.48,9.2,0.067
5413,Prison Officers,Escorting prisoners in transit and during temporary leaves.,Phi_U,0.48,9.2,0.067
5413,Prison Officers,"Maintain order among inmates of prisons, reformatories or penitentiaries.",Phi_U,0.48,9.2,0.067
5414,Security Workers,"Investigate disturbances on the premises, such as security alarms, altercations, and suspicious activity.",C_G,0.6,13.4,0.44
5414,Security Workers,"Patrol industrial or commercial premises to prevent and detect signs of intrusion and ensure security of doors, windows, and gates.",Phi_S,0.55,15.5,0.327
5414,Security Workers,"Patrol the premises to prevent or detect intrusion, protect property, or preserve order.",Phi_S,0.55,13.4,0.327
5414,Security Workers,"Circulate among visitors, patrons, or employees to preserve order and protect property.",Phi_U,0.48,15.3,0.067
5414,Security Workers,"Controlling access to establishments, monitoring and authorizing the entrance or departure of employees and visitors, checking identification and issuing security passes.",C_R,0.43,8.5,0.933
5414,Security Workers,"Responding to alarms, investigating disturbances and contacting superiors, police or fire-fighters as appropriate.",Phi_U,0.6,8.5,0.027
5414,Security Workers,Performing security checks of passengers and luggage at airports.,Phi_U,0.55,8.5,0.039
5414,Security Workers,"Picking up and ensuring the safe delivery of cash and valuables to banks, automated teller machines and retail establishments.",Phi_U,0.48,8.5,0.067
5414,Security Workers,Security guards patrol or monitor premises to guard property against theft.,Phi_S,0.55,8.5,0.327
6112,Vineyard Workers,"Load and unload crops or containers of materials, manually or using conveyors, handtrucks, forklifts, or transfer augers.",Phi_S,0.55,13.4,0.327
6112,Vineyard Workers,"Direct and monitor the activities of work crews engaged in planting, weeding, or harvesting activities.",S_E,0.55,12.7,0.168
6112,Vineyard Workers,"Monitoring market activity and conditions, determining types and quantities of crops to be grown, and planning and coordinating production accordingly.",S_E,0.55,9.2,0.168
6112,Vineyard Workers,"Preparing soil by hand or machine, and spreading fertilizers and manure.",Phi_U,0.42,9.2,0.103
6112,Vineyard Workers,"Selecting and sowing seeds, and planting seedlings.",Phi_U,0.43,9.2,0.096
6112,Vineyard Workers,"Maintaining crops by cultivating soil, by transplanting, pruning or thinning trees and shrubs, and by setting up and operating irrigation equipment.",Phi_U,0.42,9.2,0.103
6112,Vineyard Workers,"Controlling weeds, pests and diseases, by applying herbicides and pesticides.",Phi_U,0.42,9.2,0.103
6112,Vineyard Workers,"Tending trees or bushes, collecting sap and harvesting crops.",Phi_U,0.43,9.2,0.096
6112,Vineyard Workers,"Inspecting, cleaning, grading, packaging, storing and loading crops for sale or delivery to market.",Phi_U,0.3,9.2,0.231
6112,Vineyard Workers,"Tending working animals and maintaining farm buildings, structures, equipment and water supply systems.",Phi_U,0.42,9.2,0.103
6122,Poultry Farmers,"Feed and water animals, and clean and disinfect pens, cages, yards, and hutches.",Phi_U,0.3,13.3,0.231
6122,Poultry Farmers,"Arrange for sale of animals and eggs to hospitals, research centers, pet shops, and food processing plants.",C_R,0.45,12.3,0.923
6122,Poultry Farmers,"Monitoring market activity, planning and coordinating production accordingly, maintaining and evaluating records of farming activities.",S_E,0.55,8.1,0.168
6122,Poultry Farmers,Growing and purchasing feed and other supplies needed to maintain appropriate nutritional levels and condition of poultry.,Phi_U,0.42,8.1,0.103
6122,Poultry Farmers,"Monitoring and examining poultry to detect illness, injury, or disease, and to check physical condition, such as rate of weight gain, and removing weak, ill and dead poultry from flock.",Phi_U,0.45,8.1,0.083
6122,Poultry Farmers,Mixing feed and feed additives and filling feed and water containers.,Phi_U,0.3,8.1,0.231
6122,Poultry Farmers,"Vaccinating poultry via drinking water, injection, or dusting of air.",Phi_U,0.42,8.1,0.103
6122,Poultry Farmers,Collecting and storing eggs and packaging them for sale delivery to market.,Phi_U,0.42,9.3,0.103
6122,Poultry Farmers,"Determining sex of chicks and facilitating breeding, artificial insemination, and hatching of eggs.",Phi_U,0.42,8.1,0.103
6122,Poultry Farmers,"Renting or investing in and maintaining and cleaning farm buildings, machinery, equipment, and structures.",Phi_U,0.55,8.1,0.039
6122,Poultry Farmers,Storing and carrying out some processing of produce.,Phi_U,0.43,8.1,0.096
6123,Beekeepers,"Assign tasks such as feeding and treatment of animals, and cleaning and maintenance of animal quarters.",S_E,0.5,14.4,0.231
6123,Beekeepers,Purchase and stock supplies of feed and medicines.,C_R,0.35,14.9,0.964
6123,Beekeepers,Purchasing insects and growing or purchasing feed and other supplies.,C_R,0.35,10.1,0.964
6123,Beekeepers,"Breeding, raising and tending insects and collecting their products.",Phi_U,0.42,10.1,0.103
6123,Beekeepers,"Renting or investing in and maintaining and cleaning buildings, machinery, equipment , and structures.",Phi_U,0.55,10.1,0.039
6123,Beekeepers,Storing and carrying out some processing of produce.,Phi_U,0.43,10.1,0.096
6123,Beekeepers,"Arranging the sale, purchase and transportation of stock, produce and supplies and maintaining and evaluating records of farming activities.",C_R,0.43,10.1,0.933
6123,Beekeepers,"Training and supervising workers in production procedures, maintenance duties, and health and safety precautions, and hiring and discharging workers and contractors.",S_E,0.48,10.1,0.261
6123,Beekeepers,"Tend insects such as honey bees, silkworms.",Phi_U,0.42,10.1,0.103
8341,Machine Operators,"Load and unload crops or containers of materials, manually or using conveyors, handtrucks, forklifts, or transfer augers.",Phi_S,0.55,11.2,0.327
8341,Machine Operators,"Drive and maneuver tractors and tree harvesters to shear the tops off of trees, cut and limb the trees, and cut the logs into desired lengths.",Phi_S,0.55,10.5,0.327
8341,Machine Operators,"Direct and monitor the activities of work crews engaged in planting, weeding, or harvesting activities.",S_E,0.55,10.5,0.168
8341,Machine Operators,"Operate towed machines such as seed drills or manure spreaders to plant, fertilize, dust, and spray crops.",Phi_S,0.55,10.3,0.327
8341,Machine Operators,"Adjust, repair, and service farm machinery and notify supervisors when machinery malfunctions.",Phi_U,0.55,10.1,0.039
8341,Machine Operators,"Driving and tending tractor-drawn or self-propelled special-purpose farm machinery to plough land and sow, fertilize, cultivate and harvest crops.",Phi_S,0.55,8.6,0.327
8341,Machine Operators,Preparing and positioning plant for operation.,Phi_U,0.43,7.5,0.096
8341,Machine Operators,"Adjusting speed, height and depth of implements.",P_A,0.55,7.5,0.832
8341,Machine Operators,"Operating plant to hold, lift and cut trees.",Phi_S,0.6,8.6,0.246
8341,Machine Operators,Feeding felled trees into processors to strip limbs and cut into logs and loading logs onto stockpiles and into trucks.,Phi_S,0.55,7.5,0.327
8341,Machine Operators,Servicing machinery and performing minor repairs.,Phi_U,0.58,7.5,0.031
6222,Fishers,Remove catches from fishing equipment and measure them to ensure compliance with legal size.,Phi_U,0.43,16.3,0.096
6222,Fishers,"Direct fishing or hunting operations, and supervise crew members.",S_E,0.55,15.7,0.168
6222,Fishers,"Maintain engines, fishing gear, and other on-board equipment and perform minor repairs.",Phi_U,0.58,15.0,0.031
6222,Fishers,Preparing and repairing nets and other fishing gear and equipment.,Phi_U,0.58,8.8,0.031
6222,Fishers,"Selecting area for fishing, plotting courses and computing navigational positions using compass, charts and other aids.",C_G,0.55,8.8,0.54
6222,Fishers,"Operating fishing vessels to, from and at fishing grounds.",Phi_U,0.7,8.8,0.012
6222,Fishers,"Baiting, setting, operating and hauling in fishing gear by hand or using hoisting equipment.",Phi_U,0.43,8.8,0.096
6222,Fishers,Gathering various forms of aquatic life from shores and shallow waters.,Phi_U,0.42,8.8,0.103
6222,Fishers,"Keeping records of transactions, fishing activities, weather and sea conditions and estimating costs and budgets.",C_R,0.45,8.8,0.923
6221,Aquaculture Workers,"Observe fish and beds or ponds to detect diseases, monitor fish growth, determine quality of fish, or determine completeness of harvesting.",Phi_U,0.43,16.0,0.096
6221,Aquaculture Workers,"Breeding, raising and cultivating fish, mussels, oysters and other forms of aquatic life as cash crops or for release into freshwater or saltwater.",Phi_U,0.43,11.7,0.096
6221,Aquaculture Workers,Conducting and supervising stock examinations in order to identify diseases or parasites.,Phi_U,0.42,11.7,0.103
6221,Aquaculture Workers,Monitoring environments to ensure maintenance of optimum conditions for aquatic life.,Phi_U,0.42,11.7,0.103
6221,Aquaculture Workers,"Directing and monitoring trapping and spawning of fish, egg incubation, and fry rearing, applying knowledge of management and fish culturing techniques.",S_E,0.55,11.7,0.168
6221,Aquaculture Workers,"Cleaning, freezing, icing or salting catch on- or offshore and preparing fish and other products for shipment.",Phi_U,0.43,11.7,0.096
6221,Aquaculture Workers,"Maintaining buildings, tanks, machinery, boats and other equipment.",Phi_U,0.55,13.6,0.039
6221,Aquaculture Workers,Supervising and training aquaculture and fish hatchery support workers.,S_E,0.55,11.7,0.168
7111,House Builders,Inspect or review projects to monitor compliance with building and safety codes or other regulations.,C_R,0.58,10.9,0.808
7111,House Builders,"Plan, schedule, or coordinate construction project activities to meet deadlines.",S_E,0.55,10.5,0.168
7111,House Builders,Determine labor requirements for dispatching workers to construction sites.,S_E,0.42,10.3,0.364
7111,House Builders,"Plan, organize, or direct activities concerned with the construction or maintenance of structures, facilities, or systems.",S_E,0.48,9.9,0.261
7111,House Builders,"Contract or oversee craft work, such as painting or plumbing.",Phi_U,0.58,11.6,0.031
7111,House Builders,Requisition supplies or materials to complete construction projects.,C_R,0.42,9.8,0.938
7111,House Builders,Preparing ground for erecting building or other structures.,Phi_U,0.58,7.2,0.031
7111,House Builders,"Erecting structures to support roof, and building and covering walls with appropriate materials.",Phi_U,0.58,8.4,0.031
7111,House Builders,Levelling floor to make it smooth and serviceable.,Phi_U,0.42,7.2,0.103
7111,House Builders,Maintaining and repairing existing structures.,Phi_U,0.58,7.2,0.031
7111,House Builders,"Coordinating and supervising the activities of subcontractors, labourers and other workers.",S_E,0.55,7.2,0.168
7113,Stone Cutters and Carvers,"Set vertical and horizontal alignment of structures, using plumb bob, gauge line, and level.",Phi_U,0.58,11.3,0.031
7113,Stone Cutters and Carvers,"Set stone or marble in place, according to layout or pattern.",Phi_U,0.42,10.5,0.103
7113,Stone Cutters and Carvers,"Prepare base for installation by removing unstable or unsuitable materials, compacting and grading the soil, draining or stabilizing weak or saturated soils and taking measures to prevent water pen...",Phi_U,0.42,10.3,0.103
7113,Stone Cutters and Carvers,"Clean excess mortar or grout from surface of marble, stone, or monument, using sponge, brush, water, or acid.",Phi_U,0.3,9.9,0.231
7113,Stone Cutters and Carvers,"Shape, trim, face and cut marble or stone preparatory to setting, using power saws, cutting equipment, and hand tools.",Phi_U,0.42,9.7,0.103
7113,Stone Cutters and Carvers,Driving wedges into quarried stone to break it into slabs or blocks.,Phi_U,0.45,6.9,0.083
7113,Stone Cutters and Carvers,"Selecting and grading slabs and blocks of granite, marble, and other stone.",Phi_U,0.42,6.9,0.103
7113,Stone Cutters and Carvers,"Cutting, shaping and finishing building and monumental stone such as granite or marble by using hand or hand-powered tools.",Phi_U,0.58,6.9,0.031
7113,Stone Cutters and Carvers,"Making patterns and marking shapes on stone for subsequent sawing, planing, drilling and other dressing and cutting operations.",C_G,0.5,6.9,0.636
7113,Stone Cutters and Carvers,"Cutting and carving characters, figures or designs on stone blocks used for monuments or memorials.",Phi_U,0.75,6.9,0.008
7113,Stone Cutters and Carvers,Setting stone in the erection of monuments and memorials.,Phi_U,0.42,6.9,0.103
7113,Stone Cutters and Carvers,"Repairing and replacing stonework on old buildings, churches and monuments.",Phi_U,0.58,6.9,0.031
7122,Tilers,"Align and straighten tile using levels, squares, and straightedges.",Phi_U,0.58,10.2,0.031
7122,Tilers,Buff and vacuum floors to ensure their cleanliness prior to the application of finish.,Phi_U,0.42,10.0,0.103
7122,Tilers,"Roll out, measure, mark, and cut carpeting to size with a carpet knife, following floor sketches and allowing extra carpet for final fitting.",Phi_U,0.42,9.8,0.103
7122,Tilers,Inspect floors for smoothness.,Phi_U,0.42,9.8,0.103
7122,Tilers,"Scrape and sand floor edges and areas inaccessible to floor sanders, using scrapers, disk-type sanders, and sandpaper.",Phi_U,0.42,9.8,0.103
7122,Tilers,Guide sanding machines over surfaces of floors until surfaces are smooth.,Phi_U,0.42,9.8,0.103
7122,Tilers,Apply filler compound and coats of finish to floors to seal wood.,Phi_U,0.42,9.6,0.103
7122,Tilers,"Plan the layout of the carpet, allowing for expected traffic patterns and placing seams for best appearance and longest wear.",C_G,0.45,9.6,0.723
7122,Tilers,Preparing floor areas for covering with a variety of materials.,Phi_U,0.42,7.5,0.103
7122,Tilers,"Assembling carpet, tiles or other materials and laying them on floors according to design and other specifications.",Phi_U,0.55,6.5,0.039
7122,Tilers,"Setting tiles and constructing and laying mosaic panels to walls, floors and other surfaces.",Phi_U,0.58,7.5,0.031
7127,HVAC Technicians,"Study blueprints, design specifications, or manufacturers' recommendations to ascertain the configuration of heating or cooling equipment components and to ensure the proper installation of compone...",C_G,0.6,10.7,0.44
7127,HVAC Technicians,"Connect heating or air conditioning equipment to fuel, water, or refrigerant source to form complete circuit.",Phi_U,0.42,10.4,0.103
7127,HVAC Technicians,"Repair or replace defective equipment, components, or wiring.",Phi_U,0.58,10.2,0.031
7127,HVAC Technicians,Inspect and test systems to verify system compliance with plans and specifications or to detect and locate malfunctions.,Phi_U,0.58,10.2,0.031
7127,HVAC Technicians,Install or repair self-contained ground source heat pumps or hybrid ground or air source heat pumps to minimize carbon-based energy consumption and reduce carbon emissions.,Phi_U,0.58,10.1,0.031
7127,HVAC Technicians,"Install, connect, or adjust thermostats, humidistats, or timers.",Phi_U,0.58,9.9,0.031
7127,HVAC Technicians,"Install auxiliary components to heating or cooling equipment, such as expansion or discharge valves, air ducts, pipes, blowers, dampers, flues, or stokers.",Phi_U,0.58,9.9,0.031
7127,HVAC Technicians,"Interpreting blueprints, drawings or other specifications.",C_G,0.6,7.2,0.44
7127,HVAC Technicians,"Assembling, installing and repairing components for air conditioning and refrigeration systems.",Phi_U,0.58,7.2,0.031
7127,HVAC Technicians,"Connecting piping and equipment by bolting, riveting, welding or brazing.",Phi_U,0.58,7.2,0.031
7127,HVAC Technicians,"Testing systems, diagnosing faults and performing routine maintenance or servicing.",C_G,0.52,7.2,0.599
7133,Building Cleaners,Follow procedures for the use of chemical cleaners and power equipment to prevent damage to floors and fixtures.,Phi_U,0.42,24.8,0.103
7133,Building Cleaners,"Clean windows, glass partitions, or mirrors, using soapy water or other cleaners, sponges, or squeegees.",Phi_U,0.3,22.7,0.231
7133,Building Cleaners,"Cleaning exterior surfaces of stone, brick, metal or similar materials by means of chemicals, or a jet of steam or sand applied under high pressure.",Phi_U,0.55,17.5,0.039
7133,Building Cleaners,"Removing soot from flues, chimneys and connecting pipes.",Phi_U,0.42,17.5,0.103
7133,Building Cleaners,"Removing asbestos, mould and fire damaged surfaces from buildings.",Phi_U,0.76,17.5,0.008
7234,Bicycle Repairers,Help customers select bicycles that fit their body sizes and intended bicycle uses.,C_G,0.42,11.5,0.769
7234,Bicycle Repairers,Assemble new bicycles.,Phi_U,0.42,11.6,0.103
7234,Bicycle Repairers,Sell bicycles and accessories.,C_R,0.35,11.6,0.964
7234,Bicycle Repairers,"Install, repair, and replace equipment or accessories, such as handlebars, stands, lights, and seats.",Phi_U,0.58,11.4,0.031
7234,Bicycle Repairers,Clean and lubricate bicycle parts.,Phi_U,0.3,11.2,0.231
7234,Bicycle Repairers,Order bicycle parts.,C_R,0.35,11.2,0.964
7234,Bicycle Repairers,"Assembling new bicycles, wheelchairs and similar non-motorized equipment.",Phi_U,0.42,8.6,0.103
7234,Bicycle Repairers,Cleaning and lubricating bearings and other moving parts.,Phi_U,0.3,7.6,0.231
7234,Bicycle Repairers,"Replacing and repairing components and accessories, such as brakes, driving chain mechanism, wheels, handle bars etc.",Phi_U,0.55,7.6,0.039
7234,Bicycle Repairers,Changing tyres and controlling air pressure.,Phi_U,0.42,7.6,0.103
7233,Appliance Technicians,"Reassemble machines and equipment following repair, testing operation and making adjustments, as necessary.",Phi_U,0.58,10.2,0.031
7233,Appliance Technicians,"Conduct preventative maintenance and repair, and lubricate machines and equipment.",Phi_U,0.58,10.2,0.031
7233,Appliance Technicians,"Assemble and install equipment, using hand tools and power tools.",Phi_U,0.58,11.5,0.031
7233,Appliance Technicians,"Maintain, repair, and overhaul farm machinery and vehicles, such as tractors, harvesters, and irrigation systems.",Phi_U,0.58,10.0,0.031
7233,Appliance Technicians,Record details of repairs made and parts used.,C_R,0.35,9.8,0.964
7233,Appliance Technicians,"Fitting, installing, examining, servicing and repairing engines, machinery and mechanical equipment.",Phi_U,0.58,13.7,0.031
7233,Appliance Technicians,Oiling and greasing stationary engines and machinery.,Phi_U,0.42,6.7,0.103
7233,Appliance Technicians,Inspecting and testing new machinery and mechanical equipment for conformity with standards and specifications.,C_R,0.43,6.7,0.933
7233,Appliance Technicians,Disassembling machinery and equipment to remove parts and make repairs.,Phi_U,0.58,7.6,0.031
7233,Appliance Technicians,Examining parts for defects such as breakage and excessive wear.,Phi_U,0.42,6.7,0.103
7233,Appliance Technicians,Recording repairs and maintenance performed.,C_R,0.35,6.7,0.964
9214,Cemetery Groundskeepers,"Repair and maintain farm vehicles, implements, and mechanical equipment.",Phi_U,0.58,14.1,0.031
9214,Cemetery Groundskeepers,"Loading, unloading and moving supplies, produce and equipment.",Phi_U,0.42,10.7,0.103
9214,Cemetery Groundskeepers,Preparing garden sites and plots using hand tools and simple machines.,Phi_U,0.43,10.7,0.096
9214,Cemetery Groundskeepers,"Assisting with planting and transplanting flowers, shrubs, trees and lawns.",Phi_U,0.43,10.7,0.096
9214,Cemetery Groundskeepers,"Maintaining gardens by watering, weeding and mowing lawns.",Phi_U,0.43,10.7,0.096
9214,Cemetery Groundskeepers,Cleaning gardens and removing rubbish.,Phi_U,0.43,10.7,0.096
9214,Cemetery Groundskeepers,"Assisting with propagating, planting and potting seeds, bulbs and cuttings.",Phi_U,0.43,10.7,0.096
9214,Cemetery Groundskeepers,Tending plants by hand watering and weeding.,Phi_U,0.43,10.7,0.096
9214,Cemetery Groundskeepers,"Performing minor repairs on fixtures, buildings and fences.",Phi_U,0.58,10.7,0.031
7536,Cobblers,"Prepare inserts, heel pads, and lifts from casts of customers' feet.",Phi_U,0.42,12.0,0.103
7536,Cobblers,"Check the texture, color, and strength of leather to ensure that it is adequate for a particular purpose.",C_R,0.43,11.0,0.933
7536,Cobblers,"Repair or replace soles, heels, and other parts of footwear, using sewing, buffing and other shoe repair machines, materials, and equipment.",Phi_U,0.58,9.5,0.031
7536,Cobblers,"Construct, decorate, or repair leather products according to specifications, using sewing machines, needles and thread, leather lacing, glue, clamps, hand tools, or rivets.",Phi_U,0.58,9.5,0.031
7536,Cobblers,"Estimate the costs of requested products or services such as custom footwear or footwear repair, and receive payment from customers.",C_R,0.4,9.3,0.947
7536,Cobblers,"Draw patterns, using measurements, designs, plaster casts, or customer specifications, and position or outline patterns on work pieces.",C_G,0.6,9.3,0.44
7536,Cobblers,"Making, modifying and repairing standard footwear to meet individual requirements.",Phi_U,0.58,6.4,0.031
7536,Cobblers,"Making, modifying and repairing orthopaedic or therapeutic footwear according to doctors' prescriptions, or modifying existing footwear for people with foot problems and special needs.",Phi_U,0.58,6.4,0.031
7536,Cobblers,"Repairing belts, luggage, purses and similar products.",Phi_U,0.58,7.4,0.031
7536,Cobblers,Taking plaster casts of deformed legs or foot to prepare drawings.,Phi_U,0.42,6.4,0.103
7536,Cobblers,"Studying work orders and/or shoe part tags to obtain information about workloads, specifications, and the types of materials to be used.",C_R,0.42,6.4,0.938
7536,Cobblers,"Cutting out, shaping and padding parts for making leather articles.",Phi_U,0.5,6.4,0.057
7531,Tailors,"Assemble garment parts and join parts with basting stitches, using needles and thread or sewing machines.",Phi_U,0.5,11.4,0.057
7531,Tailors,"Make garment style changes, such as tapering pant legs, narrowing lapels, and adding or removing padding.",Phi_U,0.58,11.2,0.031
7531,Tailors,"Repair or replace defective garment parts, such as pockets, zippers, snaps, buttons, and linings.",Phi_U,0.58,9.6,0.031
7531,Tailors,"Fit, alter, repair, and make made-to-measure clothing, according to customers' and clothing manufacturers' specifications and fit, and applying principles of garment design, construction, and styling.",Phi_U,0.65,11.0,0.018
7531,Tailors,"Making overcoats, suits, skirts, shirts, blouses, lingerie, corsetry, hats, wigs and similar garments often to clients' individual requirements.",Phi_U,0.42,7.1,0.103
7531,Tailors,"Selecting textile fabrics, leather or fur pelts matching the desired size, colour, texture, and quality of the garment.",Phi_U,0.42,7.1,0.103
7531,Tailors,Cutting to shape them to garment pattern and arranging them on pattern according to the design of the garment.,Phi_U,0.6,7.1,0.027
7531,Tailors,Selecting and modifying commercial patterns to customers' and clothing manufacturers' specifications and fit.,C_G,0.55,7.1,0.54
7531,Tailors,"Making and caring for costumes used in theatrical, television and motion picture productions.",Phi_U,0.42,7.1,0.103
7531,Tailors,"Folding, twisting, and draping material, such as satin or silk, or sewing ribbon or cloth in the form of artificial flowers or bows around crown and brim to shape and decorate hats.",Phi_U,0.42,7.1,0.103
7531,Tailors,"Sewing, and fastening together materials and hair strands to make wigs.",Phi_U,0.43,7.1,0.096
7531,Tailors,Blending shades of hair to give natural appearance to wigs and arranging woven hair in specified position and sewing hair together to form hairpiece.,Phi_U,0.43,7.1,0.096
7411,Electricians,Prepare sketches or follow blueprints to determine the location of wiring or equipment and to ensure conformance to building and safety codes.,Phi_U,0.58,9.5,0.031
7411,Electricians,"Work from ladders, scaffolds, or roofs to install, maintain, or repair electrical wiring, equipment, or fixtures.",Phi_U,0.58,10.6,0.031
7411,Electricians,"Identify electrical, environmental, and safety hazards associated with photovoltaic (PV) installations.",Phi_U,0.58,9.4,0.031
7411,Electricians,"Assemble, install, test, or maintain electrical or electronic wiring, equipment, appliances, apparatus, or fixtures, using hand tools or power tools.",Phi_U,0.58,9.2,0.031
7411,Electricians,"Apply weather sealing to array, building, or support mechanisms.",Phi_U,0.58,9.0,0.031
7411,Electricians,"Diagram layouts and locations for photovoltaic (PV) arrays and equipment, including existing building or site features.",Phi_U,0.58,9.0,0.031
7411,Electricians,"Determine materials, equipment, and installation sequences necessary to maximize installation efficiency.",C_R,0.45,8.8,0.923
7411,Electricians,"Examining blueprints, wiring diagrams and specifications to determine sequences and methods of operation.",C_G,0.5,6.1,0.636
7411,Electricians,"Planning layout and installation of electrical wiring, equipment and fixtures, based on job specifications and relevant standards.",C_G,0.55,6.1,0.54
7411,Electricians,"Inspecting electrical systems, equipment, and components to identify hazards, defects, and the need for adjustment or repair.",Phi_U,0.58,10.1,0.031
7411,Electricians,Measuring and laying out installation reference points.,Phi_U,0.42,6.1,0.103
7411,Electricians,Positioning and installing electrical switchboards.,Phi_U,0.58,6.1,0.031
8113,Offshore Oil Workers,Control the viscosity and weight of the drilling fluid.,C_R,0.45,13.2,0.923
8113,Offshore Oil Workers,"Listen to engines, rotary chains, or other equipment to detect faulty operations or unusual well conditions.",C_G,0.55,15.1,0.54
8113,Offshore Oil Workers,"Assembling and dismantling pipes, casings and drill heads, and replacing dysfunctional equipment.",Phi_U,0.42,10.1,0.103
8113,Offshore Oil Workers,"Operating controls to lower and raise drill pipes and casings in and out of wells, regulate pressure in the well and control the speed of tools.",P_A,0.42,8.8,0.933
8113,Offshore Oil Workers,Preparing drilling fluid and checking the operation of pumps to ensure adequate circulation of fluid in drill pipe and well.,P_A,0.42,8.8,0.933
8113,Offshore Oil Workers,"Maintaining, adjusting, repairing and cleaning drilling rigs, hoisting and other machinery.",Phi_U,0.6,8.8,0.027
8113,Offshore Oil Workers,Maintaining records of drilling and servicing operations.,C_R,0.35,8.8,0.964
8113,Offshore Oil Workers,"Operating machines and tools to extract dust, cuttings and lost and broken drilling equipment from holes and wells.",P_A,0.55,8.8,0.832
8113,Offshore Oil Workers,Closing and sealing wells no longer in use.,Phi_U,0.55,8.8,0.039
8113,Offshore Oil Workers,May supervise and train crew members.,S_E,0.55,8.8,0.168
7421,Electronics Repair Technicians,"Inspect and test equipment and circuits to identify malfunctions or defects, using wiring diagrams and testing devices such as ohmmeters, voltmeters, or ammeters.",C_R,0.43,10.4,0.933
7421,Electronics Repair Technicians,Keep records of maintenance and repair work.,C_R,0.35,10.2,0.964
7421,Electronics Repair Technicians,"Adjust, repair, or replace malfunctioning components or assemblies, using hand tools or soldering irons.",Phi_U,0.58,8.8,0.031
7421,Electronics Repair Technicians,Reassemble machines after making repairs or replacing parts.,Phi_U,0.58,10.0,0.031
7421,Electronics Repair Technicians,"Prepare and maintain records detailing tests, repairs, and maintenance.",C_R,0.58,8.8,0.808
7421,Electronics Repair Technicians,"Install electrical and electronic components, assemblies, and systems in aircraft, using hand tools, power tools, or soldering irons.",Phi_U,0.58,10.0,0.031
7421,Electronics Repair Technicians,Set up and operate ground support and test equipment to perform functional flight tests of electrical and electronic systems.,Phi_S,0.7,11.8,0.128
7421,Electronics Repair Technicians,"Examining and testing machines, intruments, components, other equipment, instruments and control systems to identify faults.",C_R,0.5,6.0,0.889
7421,Electronics Repair Technicians,"Reassembling, test operating and adjusting equipment.",Phi_U,0.42,6.0,0.103
7421,Electronics Repair Technicians,Installing electronic instruments and control systems.,Phi_U,0.58,6.0,0.031
7421,Electronics Repair Technicians,Interpreting test data to diagnose malfunctions and systemic performance problems.,C_G,0.7,6.0,0.261
7421,Electronics Repair Technicians,"Connecting components to assemblies such as radio systems, instruments, magnetos, inverters, and in-flight refueling systems.",Phi_U,0.42,6.0,0.103
7422,Field Service Technicians,"Set up service for customers, installing, connecting, testing, or adjusting equipment.",Phi_U,0.58,11.6,0.031
7422,Field Service Technicians,"Install, service, and repair electronic equipment or instruments such as televisions, radios, and videocassette recorders.",Phi_U,0.58,12.4,0.031
7422,Field Service Technicians,"Test repaired, newly installed, or updated equipment to ensure that it functions properly and conforms to specifications, using test equipment and observation.",Phi_U,0.58,11.4,0.031
7422,Field Service Technicians,"Travel to customers' premises to install, maintain, or repair audio and visual electronic reception equipment or accessories.",Phi_U,0.58,11.4,0.031
7422,Field Service Technicians,"Maintaining, troubleshooting, testing and repairing computers, data transmission equipment and computer peripherals.",Phi_U,0.58,9.2,0.031
7422,Field Service Technicians,Fitting and adjusting computer hardware.,Phi_U,0.42,8.0,0.103
7422,Field Service Technicians,"Installing, maintaining, repairing, and diagnosing malfunctions of microwave, telemetry, multiplexing, satellite and other radio and electromagnetic wave communications systems.",Phi_U,0.58,8.0,0.031
7422,Field Service Technicians,"Providing technical advice and information, and monitoring the performance of complex telecommunications networks and equipment.",C_G,0.55,12.1,0.54
7422,Field Service Technicians,Joining telecommunications and data cables and sealing sheathes.,Phi_U,0.42,8.0,0.103
7422,Field Service Technicians,"Installing, maintaining and repairing antennae used in communications.",Phi_U,0.58,8.0,0.031
7511,Butchers,"Wrap, weigh, label, and price cuts of meat.",Phi_U,0.4,13.4,0.119
7511,Butchers,"Use knives, cleavers, meat saws, bandsaws, or other equipment to perform meat cutting and trimming.",Phi_U,0.43,13.9,0.096
7511,Butchers,"Cut, trim, bone, tie, and grind meats, such as beef, pork, poultry, and fish, to prepare in cooking form.",Phi_U,0.43,13.5,0.096
7511,Butchers,Prepare special cuts of meat ordered by customers.,Phi_U,0.55,13.5,0.039
7511,Butchers,"Boning, cutting and dressing meat and fish for sale or further processing.",Phi_U,0.43,8.8,0.096
7511,Butchers,"Preparing ingredients and making sausages and similar products using chopping, mixing and shaping machines.",Phi_U,0.43,8.8,0.096
7511,Butchers,"Prepare related food items or preserve meat, fish.",Phi_U,0.43,10.3,0.096
7511,Butchers,"Operating smokehouses or ovens to smoke meat, fish and other foodstuffs (g) cooking or in other ways preparing meat, fish and related food items for sale.",Phi_U,0.43,8.8,0.096
7511,Butchers,"Selling meat or fish to customers, including wrapping, weighing and labelling products, and receiving payment.",Phi_U,0.43,8.8,0.096
7512,Bakers and Pastry Chefs,"Set oven temperatures, and place items into hot ovens for baking.",Phi_U,0.43,11.9,0.096
7512,Bakers and Pastry Chefs,"Combine measured ingredients in bowls of mixing, blending, or cooking machinery.",Phi_U,0.43,12.0,0.096
7512,Bakers and Pastry Chefs,"Set time and speed controls for mixing machines, blending machines, or steam kettles so that ingredients will be mixed or cooked according to instructions.",C_R,0.35,10.5,0.964
7512,Bakers and Pastry Chefs,Check the quality of raw materials to ensure that standards and specifications are met.,C_R,0.43,11.9,0.933
7512,Bakers and Pastry Chefs,"Check equipment to ensure that it meets health and safety regulations, and perform maintenance or cleaning, as necessary.",Phi_U,0.3,11.8,0.231
7512,Bakers and Pastry Chefs,"Apply glazes, icings, or other toppings to baked goods, using spatulas or brushes.",Phi_U,0.43,11.1,0.096
7512,Bakers and Pastry Chefs,"Decorate baked goods, such as cakes or pastries.",Phi_U,0.43,9.7,0.096
7512,Bakers and Pastry Chefs,"Making bread, cakes, biscuits, pastries, pies and other flour products.",Phi_U,0.43,7.1,0.096
7512,Bakers and Pastry Chefs,"Making handmade confectionery from mixtures of sugar, chocolate and other ingredients using hand tools and some machines.",Phi_U,0.43,7.1,0.096
7512,Bakers and Pastry Chefs,"Coordinating the forming, loading, baking, unloading, de-panning and cooling of batches of bread, rolls, pastry and confectionary products.",S_E,0.55,7.1,0.168
3131,Power Plant Operators,"Control, monitor, or operate equipment that regulates or distributes electricity or steam, using data obtained from instruments or computers.",P_A,0.55,17.8,0.832
3131,Power Plant Operators,"Direct personnel engaged in controlling or operating distribution equipment or machinery, such as instructing control room operators to start boilers or generators.",S_E,0.55,14.4,0.168
3131,Power Plant Operators,"Monitor or operate boilers, turbines, wells, or auxiliary power plant equipment.",P_A,0.78,16.5,0.44
3131,Power Plant Operators,"Control power generating equipment, including boilers, turbines, generators, or reactors, using control boards or semi-automatic equipment.",P_A,0.65,14.1,0.69
3131,Power Plant Operators,"Operating, monitoring and inspecting various types of energy generating power plants.",P_A,0.78,9.3,0.44
3131,Power Plant Operators,"Taking readings from charts, meters and gauges at established intervals, troubleshooting and performing corrective action as necessary.",P_A,0.65,9.3,0.69
3131,Power Plant Operators,"Completing and maintaining station records, logs and reports, and communicating with other plant personnel to assess equipment operating status.",C_R,0.55,9.3,0.843
3131,Power Plant Operators,"Cleaning and maintaining equipment such as generators, boilers, turbines, pumps, and compressors in order to prevent equipment failure or deterioration.",P_A,0.55,9.3,0.832
9621-gig,Food Delivery Drivers,Turn in receipts and money received from deliveries.,Phi_S,0.55,17.3,0.327
9621-gig,Food Delivery Drivers,"Record information, such as items received and delivered and recipients' responses to messages.",Phi_S,0.55,16.9,0.327
9621-gig,Food Delivery Drivers,"Delivering messages, packages and other items within an establishment or between establishments, or elsewhere.",Phi_S,0.55,11.0,0.327
9621-gig,Food Delivery Drivers,Performing the duties of a post-runner.,Phi_S,0.55,11.0,0.327
9621-gig,Food Delivery Drivers,"Delivering various goods to and from enterprises, shops, households and other places.",Phi_S,0.55,11.0,0.327
9621-gig,Food Delivery Drivers,"Carrying and delivering luggage at hotels, stations, airports, and elsewhere.",Phi_S,0.55,11.0,0.327
9621-gig,Food Delivery Drivers,Planning and following the most efficient route.,Phi_S,0.55,11.0,0.327
9621-gig,Food Delivery Drivers,Sorting items to be delivered according to the delivery route.,Phi_S,0.4,11.0,0.618
5153,Janitors,"Clean building floors by sweeping, mopping, scrubbing, or vacuuming.",Phi_U,0.58,12.5,0.031
5153,Janitors,Notify managers concerning the need for major repairs or additions to building operating systems.,C_R,0.35,13.4,0.964
5153,Janitors,Requisition supplies or equipment needed for cleaning and maintenance duties.,C_R,0.3,11.1,0.975
5153,Janitors,"Supervising the work of cleaning, housekeeping and building maintenance staff and contractors.",S_E,0.48,9.0,0.261
5153,Janitors,"Participating in cleaning, simple repairs and maintenance of building interiors.",Phi_U,0.58,9.0,0.031
5153,Janitors,Tending furnaces and boilers to ensure provision of heat and hot water.,P_A,0.65,9.0,0.69
5153,Janitors,Regulating conduct of tenants and visitors in such matters as noise abatement or misuse of property.,S_E,0.5,9.0,0.231
5153,Janitors,Providing small services to absent tenants such as accepting deliveries on their behalf or providing requested information to callers.,Phi_U,0.42,9.0,0.103
5153,Janitors,Patrolling buildings to ensure security is maintained.,Phi_S,0.55,9.0,0.327
5153,Janitors,Filling out registration forms and providing tenants with copies of rules.,C_R,0.35,9.0,0.964
9121,Hand Launderers,"Hang, fold, package, and tag finished articles for delivery to customers.",Phi_U,0.42,11.5,0.103
9121,Hand Launderers,"Operate steam, hydraulic, or other pressing machines to remove wrinkles from garments and flatwork items, or to shape, form, or patch articles.",P_A,0.55,10.1,0.832
9121,Hand Launderers,"Finish pleated garments, determining sizes of pleats from evidence of old pleats or from work orders, using machine presses or hand irons.",Phi_U,0.42,9.9,0.103
9121,Hand Launderers,Identify and treat spots on garments.,Phi_U,0.42,9.8,0.103
9121,Hand Launderers,"Shrink, stretch, or block articles by hand to conform to original measurements, using forms, blocks, and steam.",Phi_U,0.42,9.8,0.103
9121,Hand Launderers,"Finish fancy garments such as evening gowns and costumes, using hand irons to produce high quality finishes.",Phi_U,0.42,9.8,0.103
9121,Hand Launderers,"Finish pants, jackets, shirts, skirts and other dry-cleaned and laundered articles, using hand irons.",Phi_U,0.3,9.6,0.231
9121,Hand Launderers,"Slide material back and forth over heated, metal, ball-shaped forms to smooth and press portions of garments that cannot be satisfactorily pressed with flat pressers or hand irons.",Phi_U,0.42,9.6,0.103
9121,Hand Launderers,"Laundering and pressing linen, clothing, fabrics and similar articles by hand in a laundry or other establishment.",Phi_U,0.3,6.6,0.231
9121,Hand Launderers,"Cleaning, by hand and with chemical solutions, clothing, fabrics, leather goods and similar articles, in a dry- cleaning or other establishment.",Phi_U,0.3,6.6,0.231
9121,Hand Launderers,Replacing buttons and making minor repairs.,Phi_U,0.58,6.6,0.031
9623,Vending Attendants,"Read electric, gas, water, or steam consumption meters and enter data in route books or hand-held computers.",Phi_S,0.55,18.8,0.327
9623,Vending Attendants,Keep records of merchandise distributed and money collected.,C_R,0.43,12.6,0.933
9623,Vending Attendants,Inspect machines and meters to determine causes of malfunctions and fix minor problems such as jammed bills or stuck products.,Phi_U,0.43,10.3,0.096
9623,Vending Attendants,Walk or drive vehicles along established routes to take readings of meter dials.,Phi_S,0.55,11.6,0.327
9623,Vending Attendants,"Inspect meters for unauthorized connections, defects, and damage, such as broken seals.",Phi_U,0.43,11.4,0.096
9623,Vending Attendants,"Verify readings in cases where consumption appears to be abnormal, and record possible reasons for fluctuations.",C_R,0.43,11.4,0.933
9623,Vending Attendants,Make service calls to maintain and repair machines.,Phi_U,0.55,9.7,0.039
9623,Vending Attendants,Filling storage areas of vending machines and collecting money from their containers.,Phi_U,0.55,7.1,0.039
9623,Vending Attendants,Collecting money from parking meters and similar coin-boxes.,Phi_U,0.55,7.1,0.039
3359,Regulatory Officials,Interpret and enforce government acts and regulations and explain required standards to agricultural workers.,C_G,0.52,32.0,0.599
3359,Regulatory Officials,Examining places of business to ensure the use of correct weights and measures in trade.,Phi_U,0.48,22.7,0.067
3359,Regulatory Officials,Monitoring price regulations to assess appropriateness of costs for goods and services to protect consumer interests.,C_G,0.6,22.7,0.44
3359,Regulatory Officials,Monitoring wage regulations to ensure appropriate levels of pay for work performed and to assess compliance with employment standards legislation.,C_G,0.52,22.7,0.599
1112,Senior Gov. Officials,"Confer with board members, organization officials, or staff members to discuss issues, coordinate activities, or resolve problems.",S_E,0.55,17.1,0.168
1112,Senior Gov. Officials,"Advising national, state, regional or local governments and legislators on policy matters.",C_G,0.7,11.6,0.261
1112,Senior Gov. Officials,"Advising on the preparation of government budgets, laws and regulations, including amendments.",C_G,0.6,11.6,0.44
1112,Senior Gov. Officials,Establishing objectives for government departments or agencies in accordance with government legislation and policy.,C_G,0.75,13.4,0.192
1112,Senior Gov. Officials,"Formulating or approving and evaluating programs and procedures for the implementation of government polices in conjunction or consultation with government: (e) recommending, reviewing, evaluating...",C_G,0.75,11.6,0.192
1112,Senior Gov. Officials,Ensuring appropriate systems and procedures are developed and implemented to provide budgetary control.,C_G,0.48,11.6,0.673
1112,Senior Gov. Officials,Co-ordinating activities with other senior government managers and officials.,C_G,0.75,11.6,0.192
1112,Senior Gov. Officials,Making presentations to legislative and other government committees regarding policies programs or budgets.,C_G,0.75,11.6,0.192
1120,Chief Executives,Monitor and evaluate effectiveness of sustainability programs.,C_G,0.6,8.9,0.44
1120,Chief Executives,"Develop, or oversee the development of, sustainability evaluation or monitoring systems.",S_E,0.48,11.5,0.261
1120,Chief Executives,"Prepare budgets for approval, including those for funding or implementation of programs.",S_E,0.45,8.7,0.31
1120,Chief Executives,"Direct, plan, or implement policies, objectives, or activities of organizations or businesses to ensure continuing operations, to maximize returns on investments, or to increase productivity.",S_E,0.75,8.5,0.039
1120,Chief Executives,"Direct human resources activities, including the approval of human resource plans or activities, the selection of directors or other high-level staff, or establishment or organization of major depa...",S_E,0.7,8.3,0.057
1120,Chief Executives,"Planning, directing and coordinating the general functioning of an enterprise or organization.",S_E,0.68,5.9,0.067
1120,Chief Executives,"Reviewing the operations and results of the enterprise, or organization and reporting to boards of directors and governing bodies.",S_E,0.68,5.9,0.067
1120,Chief Executives,"Determining objectives, strategies, policies and programs for the enterprise or organization.",S_E,0.68,6.9,0.067
1120,Chief Executives,Providing overall leadership and management to the enterprise or organization.,S_E,0.75,5.9,0.039
1120,Chief Executives,"Establishing and managing budgets, controlling expenditure and ensuring the efficient use of resources.",S_E,0.65,5.9,0.083
1120,Chief Executives,"Authorising material, human and financial resources to implement organizational policies and programs.",S_E,0.7,5.9,0.057
1120,Chief Executives,Consulting with senior subordinate staff and reviewing recommendations and reports.,C_G,0.6,5.9,0.44
1120,Chief Executives,"Representing the organization at official occasions and board meetings, in negotiations, at conventions, seminars, public hearings and forums.",C_G,0.7,5.9,0.261
1120,Chief Executives,"Selecting, or approving the selection of senior staff.",S_E,0.65,5.9,0.083
1211,Finance Managers,Prepare and file annual tax returns or prepare financial information so that outside accountants can complete tax returns.,C_R,0.58,9.1,0.808
1211,Finance Managers,"Develop and maintain relationships with banking, insurance, and external accounting personnel to facilitate financial activities.",C_G,0.55,9.1,0.54
1211,Finance Managers,"Establish procedures for custody or control of assets, records, loan collateral, or securities to ensure safekeeping.",S_E,0.48,8.9,0.261
1211,Finance Managers,"Supervise employees performing financial reporting, accounting, billing, collections, payroll, and budgeting duties.",S_E,0.45,8.9,0.31
1211,Finance Managers,Establish and maintain relationships with individual or business customers or provide assistance with problems these customers may encounter.,C_G,0.55,8.8,0.54
1211,Finance Managers,"Develop internal control policies, guidelines, and procedures for activities, such as budget administration, cash and credit management, and accounting.",S_E,0.55,8.8,0.168
1211,Finance Managers,"Coordinate and direct the financial planning, budgeting, procurement, or investment activities of all or part of an organization.",S_E,0.55,12.1,0.168
1211,Finance Managers,"Prepare or direct preparation of financial statements, business activity reports, financial position forecasts, annual budgets, or reports required by regulatory agencies.",S_E,0.45,8.5,0.31
1211,Finance Managers,"Consulting with the chief executive and with managers of other departments or sections (d) establishing and managing budgets, controlling expenditure and ensuring the efficient use of resources.",S_E,0.75,7.2,0.039
1211,Finance Managers,Establishing and directing operational and administrative procedures.,S_E,0.48,6.2,0.261
1211,Finance Managers,"Overseeing the selection, training and performance of staff.",S_E,0.48,6.2,0.261
1211,Finance Managers,Representing the enterprise or organization in dealings with outside bodies.,S_E,0.55,6.2,0.168
1212,Talent Managers,Analyze training needs to develop new training programs or modify and improve existing programs.,C_G,0.6,17.2,0.44
1212,Talent Managers,"Advise managers on organizational policy matters, such as equal employment opportunity and sexual harassment, and recommend needed changes.",C_G,0.7,13.8,0.261
1212,Talent Managers,"Planning, directing and coordinating the personnel and industrial relations activities, policies and practices of an enterprise or organization.",S_E,0.68,9.9,0.067
1212,Talent Managers,"Establishing and managing budgets, controlling expenditure and ensuring the efficient use of resources.",S_E,0.45,9.9,0.31
1212,Talent Managers,Establishing and directing operational and administrative procedures.,S_E,0.48,9.9,0.261
1212,Talent Managers,Overseeing the development and implementation of management information systems.,S_E,0.55,9.9,0.168
1212,Talent Managers,"Overseeing the selection, training and performance of staff for the entire enterprise or organization.",S_E,0.68,9.9,0.067
1212,Talent Managers,Consulting with senior management and with managers of other departments.,C_G,0.6,9.9,0.44
1212,Talent Managers,Representing the enterprise or organization in dealings with outside bodies.,C_G,0.6,9.9,0.44
1221,Marketing Managers,Oversee regional and local sales managers and their staffs.,S_E,0.48,11.3,0.261
1221,Marketing Managers,Monitor customer preferences to determine focus of sales efforts.,C_G,0.6,10.8,0.44
1221,Marketing Managers,"Formulate, direct, or coordinate marketing activities or policies to promote products or services, working with advertising or promotion managers.",S_E,0.55,10.6,0.168
1221,Marketing Managers,"Plan and direct staffing, training, and performance evaluations to develop and control sales and service programs.",S_E,0.48,10.4,0.261
1221,Marketing Managers,"Direct the hiring, training, or performance evaluations of marketing or sales staff and oversee their daily activities.",S_E,0.48,11.3,0.261
1221,Marketing Managers,Planning and organizing special sales and marketing programmes based on sales records and market assessments.,C_G,0.48,7.6,0.673
1221,Marketing Managers,"Determining price lists, discount and delivery terms, sales promotion budgets, sales methods, special incentives and campaigns.",C_G,0.45,7.6,0.723
1221,Marketing Managers,Establishing and directing operational and administrative procedures related to sales and marketing activities.,S_E,0.48,7.6,0.261
1221,Marketing Managers,Planning and directing daily operations.,S_E,0.45,7.6,0.31
1221,Marketing Managers,Establishing and managing budgets and controlling expenditure to ensure the efficient use of resources.,S_E,0.45,7.6,0.31
1221,Marketing Managers,"Representing the enterprise or organization at sales and marketing conventions, trade exhibitions and other forums.",C_G,0.6,7.6,0.44
1321,Production Managers,"Supervise production employees in the manufacturing of biofuels, such as biodiesel or ethanol.",S_E,0.48,9.6,0.261
1321,Production Managers,Monitor performance of quality control systems to ensure effectiveness and efficiency.,S_E,0.55,9.2,0.168
1321,Production Managers,"Confer with technical and supervisory personnel to report or resolve conditions affecting biofuels plant safety, operational efficiency, and product quality.",S_E,0.5,9.2,0.231
1321,Production Managers,Analyze quality control test results and provide feedback and interpretation to production management or staff.,S_E,0.48,9.0,0.261
1321,Production Managers,"Determining, implementing and monitoring production strategies, policies and plans.",C_G,0.55,6.3,0.54
1321,Production Managers,"Planning details of production activities in terms of output quality and quantity, cost, time available and labour requirements.",S_E,0.48,6.3,0.261
1321,Production Managers,"Controlling the operation of production plant and quality procedures through planning of maintenance, designation of operating hours and supply of parts and tools.",C_G,0.55,6.3,0.54
1321,Production Managers,"Establishing and managing budgets, monitoring production output and costs, and adjusting processes and resources to minimize costs.",S_E,0.45,6.3,0.31
1321,Production Managers,Consulting with and informing other managers about production matters.,C_G,0.6,6.3,0.44
1321,Production Managers,Overseeing the acquisition and installation of new plant and equipment.,S_E,0.48,6.3,0.261
1321,Production Managers,Controlling the preparation of production records and reports.,S_E,0.48,6.3,0.261
1321,Production Managers,Coordinating the implementation of occupational health and safety requirements.,S_E,0.55,6.3,0.168
1321,Production Managers,Identifying business opportunities and determining products to be manufactured.,C_G,0.55,6.3,0.54
1321,Production Managers,Researching and implementing regulatory and statutory requirements affecting manufacturing operations and the environment.,C_G,0.48,6.3,0.673
1323,Construction & Mining Managers,"Plan, schedule, or coordinate construction project activities to meet deadlines.",S_E,0.55,8.3,0.168
1323,Construction & Mining Managers,Determine labor requirements for dispatching workers to construction sites.,S_E,0.48,8.3,0.261
1323,Construction & Mining Managers,"Plan, organize, or direct activities concerned with the construction or maintenance of structures, facilities, or systems.",S_E,0.48,8.1,0.261
1323,Construction & Mining Managers,Study job specifications to determine appropriate construction methods.,C_G,0.48,8.1,0.673
1323,Construction & Mining Managers,"Investigate damage, accidents, or delays at construction sites to ensure that proper construction procedures are being followed.",S_E,0.48,7.9,0.261
1323,Construction & Mining Managers,"Implement new or modified plans in response to delays, bad weather, or construction site emergencies.",S_E,0.68,7.7,0.067
1323,Construction & Mining Managers,Requisition supplies or materials to complete construction projects.,C_R,0.42,7.7,0.938
1323,Construction & Mining Managers,"Coordinating labour resources, and procurement and delivery of materials, plant and equipment.",S_E,0.55,5.9,0.168
1323,Construction & Mining Managers,"Negotiating with building owners, property developers and subcontractors involved in the construction process to ensure projects are completed on time and within budget.",S_E,0.55,5.9,0.168
1323,Construction & Mining Managers,Operating and implementing coordinated work programs for sites.,S_E,0.55,8.5,0.168
1323,Construction & Mining Managers,"Ensuring adherence to building legislation and standards of performance, quality, cost and safety.",S_E,0.48,5.9,0.261
1323,Construction & Mining Managers,Arranging submission of plans to local authorities.,C_G,0.48,5.9,0.673
1323,Construction & Mining Managers,"Building under contract, or subcontracting specialized building services.",Phi_U,0.58,5.9,0.031
1323,Construction & Mining Managers,Arranging building inspections by relevant authorities.,C_R,0.58,5.9,0.808
1324,Supply Chain Managers,Analyze all aspects of corporate logistics to determine the most cost-effective or efficient means of transporting products or supplies.,C_G,0.6,11.5,0.44
1324,Supply Chain Managers,Monitor inventory levels of products or materials in warehouses.,C_R,0.43,11.3,0.933
1324,Supply Chain Managers,"Determining, implementing and monitoring purchasing, storage and distribution strategies, policies and plans.",C_G,0.55,8.6,0.54
1324,Supply Chain Managers,Preparing and implementing plans to maintain required stock levels at minimum cost.,S_E,0.48,8.6,0.261
1324,Supply Chain Managers,"Negotiating contracts with suppliers to meet quality, cost and delivery requirements.",C_G,0.6,8.6,0.44
1324,Supply Chain Managers,Monitoring and reviewing storage and inventory systems to meet supply requirements and control stock levels.,S_E,0.48,8.6,0.261
1324,Supply Chain Managers,Liaising with other departments and customers concerning requirements for outward goods and associated forwarding transportation.,S_E,0.55,8.6,0.168
1324,Supply Chain Managers,"Overseeing the recording of purchase, storage and distribution transactions.",C_G,0.48,8.6,0.673
1324,Supply Chain Managers,"Establishing and managing budgets, controlling expenditure and ensuring the efficient use of resources.",S_E,0.45,8.6,0.31
1324,Supply Chain Managers,Establishing and directing operational and administrative procedures.,S_E,0.48,8.6,0.261
1324,Supply Chain Managers,Planning and directing daily operations.,S_E,0.45,8.6,0.31
1345,School Principals,"Plan and lead professional development activities for teachers, administrators, and support staff.",C_G,0.48,13.9,0.673
1345,School Principals,Determining educational programs based on frameworks established by education authorities and governing bodies.,S_E,0.48,9.6,0.261
1345,School Principals,Implementing systems and procedures to monitor school performance and student enrolments.,S_E,0.48,9.6,0.261
1345,School Principals,Directing administrative and clerical activities concerning student admissions and educational services.,S_E,0.48,9.6,0.261
1345,School Principals,"Controlling administrative operations such as budget planning, report preparation, expenditure on supplies, equipment and services.",S_E,0.45,9.6,0.31
1345,School Principals,"Providing leadership and guidance to teaching, academic and administrative staff as well as to students.",C_G,0.6,9.6,0.44
1345,School Principals,"Evaluating the work of teachers and lecturers by visiting classrooms, observing teaching methods, reviewing instructional objectives and examining learning materials.",C_G,0.6,9.6,0.44
1345,School Principals,"Promoting the educational program, and representing the service or institution in the wider community.",C_G,0.6,9.6,0.44
1345,School Principals,Supervising the maintenance of educational facilities.,S_E,0.48,9.6,0.261
1345,School Principals,Developing and enforcing a disciplinary code to create a safe and conducive environment for students and teachers.,C_G,0.6,9.6,0.44
1345-highered,Department Heads,"Direct activities of administrative departments, such as admissions, registration, and career services.",S_E,0.55,13.7,0.168
1345-highered,Department Heads,Design or use assessments to monitor student learning outcomes.,C_G,0.6,10.1,0.44
1345-highered,Department Heads,"Provide assistance to faculty and staff in duties such as teaching classes, conducting orientation programs, issuing transcripts, and scheduling events.",C_G,0.45,9.5,0.723
1345-highered,Department Heads,Determining educational programs based on frameworks established by education authorities and governing bodies.,S_E,0.48,7.4,0.261
1345-highered,Department Heads,Implementing systems and procedures to monitor school performance and student enrolments.,S_E,0.48,7.4,0.261
1345-highered,Department Heads,"Controlling administrative operations such as budget planning, report preparation, expenditure on supplies, equipment and services.",S_E,0.45,7.4,0.31
1345-highered,Department Heads,"Providing leadership and guidance to teaching, academic and administrative staff as well as to students.",C_G,0.6,7.4,0.44
1345-highered,Department Heads,"Evaluating the work of teachers and lecturers by visiting classrooms, observing teaching methods, reviewing instructional objectives and examining learning materials.",C_G,0.6,7.4,0.44
1345-highered,Department Heads,"Promoting the educational program, and representing the service or institution in the wider community.",C_G,0.6,7.4,0.44
1345-highered,Department Heads,Supervising the maintenance of educational facilities.,S_E,0.48,7.4,0.261
1345-highered,Department Heads,Developing and enforcing a disciplinary code to create a safe and conducive environment for students and teachers.,C_G,0.6,7.4,0.44
1345-highered,Department Heads,Organizing and implementing methods of raising additional funds in conjunction with parent and community groups and sponsors.,S_E,0.48,7.4,0.261
1349,Museum Managers,Direct or participate in emergency management and contingency planning.,S_E,0.68,12.7,0.067
1349,Museum Managers,Develop or implement fund investment policies or strategies.,C_G,0.55,15.6,0.54
1349,Museum Managers,"Providing overall direction and management for a service, facility, organization or centre.",C_G,0.6,8.3,0.44
1349,Museum Managers,"Directing, supervising and evaluating the work activities of professional technical, clerical, service, maintenance, and other personnel.",S_E,0.48,13.6,0.261
1349,Museum Managers,Monitoring and evaluating resources devoted to the provision of services.,C_G,0.6,8.3,0.44
1349,Museum Managers,"Controlling administrative operations such as budget planning, report preparation, expenditure on supplies, equipment and services.",S_E,0.45,8.3,0.31
1349,Museum Managers,"Planning, directing and coordinating the provision of services.",S_E,0.55,8.3,0.168
1349,Museum Managers,Coordinating cooperation with other service provision agencies in the same or related fields.,S_E,0.55,8.3,0.168
1349,Museum Managers,"Managing budgets, controlling expenditure and ensuring the efficient use of resources.",S_E,0.45,8.3,0.31
1349,Museum Managers,"Overseeing the selection, training and performance of staff.",S_E,0.48,8.3,0.261
1349-prison,Prison Governors,"Providing overall direction and management for a service, facility, organization or centre.",S_E,0.68,11.1,0.067
1349-prison,Prison Governors,"Developing, implementing and monitoring procedures, policies and standards for staff.",S_E,0.68,11.1,0.067
1349-prison,Prison Governors,"Directing, supervising and evaluating the work activities of professional technical, clerical, service, maintenance, and other personnel.",S_E,0.68,11.1,0.067
1349-prison,Prison Governors,Monitoring and evaluating resources devoted to the provision of services.,C_G,0.6,11.1,0.44
1349-prison,Prison Governors,"Controlling administrative operations such as budget planning, report preparation, expenditure on supplies, equipment and services.",C_G,0.45,11.1,0.723
1349-prison,Prison Governors,"Planning, directing and coordinating the provision of services.",S_E,0.68,11.1,0.067
1349-prison,Prison Governors,Coordinating cooperation with other service provision agencies in the same or related fields.,S_E,0.68,11.1,0.067
1349-prison,Prison Governors,"Managing budgets, controlling expenditure and ensuring the efficient use of resources.",C_G,0.45,11.1,0.723
1349-prison,Prison Governors,"Overseeing the selection, training and performance of staff.",S_E,0.68,11.1,0.067
1411,Accommodation Manager,Confer and cooperate with other managers to ensure coordination of hotel activities.,S_E,0.48,11.5,0.261
1411,Accommodation Manager,Monitor the revenue activity of the hotel or facility.,C_R,0.43,11.5,0.933
1411,Accommodation Manager,Train staff members.,S_E,0.48,12.8,0.261
1411,Accommodation Manager,"Coordinate front-office activities of hotels or motels, and resolve problems.",S_E,0.55,11.0,0.168
1411,Accommodation Manager,"Directing and overseeing reservation, reception, room service and housekeeping activities.",S_E,0.48,7.6,0.261
1411,Accommodation Manager,"Supervising security arrangements, and garden and property maintenance.",S_E,0.48,7.6,0.261
1411,Accommodation Manager,"Planning and supervising bar, restaurant, function and conference activities.",S_E,0.48,7.6,0.261
1411,Accommodation Manager,"Observing liquor, gaming, and other laws and regulations.",C_R,0.43,7.6,0.933
1411,Accommodation Manager,Assessing and reviewing customer satisfaction.,C_G,0.6,7.6,0.44
1411,Accommodation Manager,Ensuring compliance with occupational health and safety regulations.,S_E,0.48,7.6,0.261
1411,Accommodation Manager,"Providing guests with local tourism information, and arranging tours and transportation.",C_R,0.43,7.6,0.933
1411-front,Front Office Managers,Confer and cooperate with other managers to ensure coordination of hotel activities.,S_E,0.48,12.9,0.261
1411-front,Front Office Managers,Train staff members.,S_E,0.48,14.7,0.261
1411-front,Front Office Managers,"Coordinate front-office activities of hotels or motels, and resolve problems.",S_E,0.55,12.4,0.168
1411-front,Front Office Managers,"Directing and overseeing reservation, reception, room service and housekeeping activities.",S_E,0.48,8.6,0.261
1411-front,Front Office Managers,"Supervising security arrangements, and garden and property maintenance.",S_E,0.48,8.6,0.261
1411-front,Front Office Managers,"Planning and supervising bar, restaurant, function and conference activities.",S_E,0.48,8.6,0.261
1411-front,Front Office Managers,"Observing liquor, gaming, and other laws and regulations.",C_R,0.43,8.6,0.933
1411-front,Front Office Managers,Assessing and reviewing customer satisfaction.,C_G,0.6,8.6,0.44
1411-front,Front Office Managers,Ensuring compliance with occupational health and safety regulations.,S_E,0.48,8.6,0.261
1411-front,Front Office Managers,"Providing guests with local tourism information, and arranging tours and transportation.",C_R,0.43,8.6,0.933
1411-revenue,Hotel Revenue Managers,Confer and cooperate with other managers to ensure coordination of hotel activities.,S_E,0.48,26.2,0.261
1411-revenue,Hotel Revenue Managers,Monitor the revenue activity of the hotel or facility.,C_R,0.43,26.2,0.933
1411-revenue,Hotel Revenue Managers,Train staff members.,S_E,0.48,30.4,0.261
1411-revenue,Hotel Revenue Managers,Assessing and reviewing customer satisfaction.,C_G,0.6,17.2,0.44
1411-ops,Hotel Operations Managers,Confer and cooperate with other managers to ensure coordination of hotel activities.,S_E,0.48,11.5,0.261
1411-ops,Hotel Operations Managers,Monitor the revenue activity of the hotel or facility.,C_R,0.43,11.5,0.933
1411-ops,Hotel Operations Managers,Train staff members.,S_E,0.48,12.8,0.261
1411-ops,Hotel Operations Managers,"Coordinate front-office activities of hotels or motels, and resolve problems.",S_E,0.55,11.0,0.168
1411-ops,Hotel Operations Managers,"Directing and overseeing reservation, reception, room service and housekeeping activities.",S_E,0.48,7.6,0.261
1411-ops,Hotel Operations Managers,"Supervising security arrangements, and garden and property maintenance.",S_E,0.48,7.6,0.261
1411-ops,Hotel Operations Managers,"Planning and supervising bar, restaurant, function and conference activities.",S_E,0.48,7.6,0.261
1411-ops,Hotel Operations Managers,"Observing liquor, gaming, and other laws and regulations.",C_R,0.43,7.6,0.933
1411-ops,Hotel Operations Managers,Assessing and reviewing customer satisfaction.,C_G,0.6,7.6,0.44
1411-ops,Hotel Operations Managers,Ensuring compliance with occupational health and safety regulations.,S_E,0.48,7.6,0.261
1411-ops,Hotel Operations Managers,"Providing guests with local tourism information, and arranging tours and transportation.",C_R,0.43,7.6,0.933
1412,Catering Managers,Planning menus in consultation with chefs and cooks.,C_G,0.55,9.9,0.54
1412,Catering Managers,Planning and organizing special functions.,S_E,0.48,10.0,0.261
1412,Catering Managers,Arranging the purchasing and pricing of goods according to budget.,C_G,0.45,10.0,0.723
1412,Catering Managers,Maintaining records of stock levels and financial transactions.,C_R,0.43,10.0,0.933
1412,Catering Managers,"Ensuring dining, kitchen and food storage facilities comply with health regulations and are clean, functional and of suitable appearance.",S_E,0.48,10.0,0.261
1412,Catering Managers,Conferring with customers to assess their satisfaction with meals and service.,C_G,0.6,10.0,0.44
1412,Catering Managers,"Selecting, set staff work schedules, training and supervising waiting and kitchen staff.",S_E,0.55,10.0,0.168
1412,Catering Managers,"Taking reservations, greeting guests and assisting in taking orders.",C_R,0.43,10.0,0.933
1412,Catering Managers,Negotiating arrangements with clients and suppliers.,C_G,0.6,10.0,0.44
1412,Catering Managers,Ensuring compliance with occupational health and safety regulations.,S_E,0.48,10.0,0.261
2120,Mathematicians,Present the results of mathematical modeling and data analysis to management or other end users.,C_G,0.7,11.1,0.261
2120,Mathematicians,"Define data requirements, and gather and validate information, applying judgment and statistical tests.",C_G,0.6,10.9,0.44
2120,Mathematicians,Prepare management reports defining and evaluating problems and recommending solutions.,C_G,0.6,12.1,0.44
2120,Mathematicians,"Studying, improving and developing mathematical, actuarial and statistical theories and techniques.",C_G,0.75,7.2,0.192
2120,Mathematicians,"Advising on or applying mathematical principles, models and techniques to a wide range of tasks in the fields of engineering, natural, social or life sciences.",C_G,0.7,8.3,0.261
2120,Mathematicians,"Conducting logical analyzes of management problems, especially in terms of input-output effectiveness, and formulating mathematical models of each problem usually for programming and solution by…",C_G,0.65,7.2,0.345
2120,Mathematicians,"Designing and putting into operation pension schemes and life, health, social and other types of insurance systems.",C_G,0.6,7.2,0.44
2120,Mathematicians,"Applying mathematics, statistics, probability and risk theory to assess potential financial impacts of future events.",C_G,0.6,7.2,0.44
2120,Mathematicians,"Planning and organizing surveys and other statistical collections, and designing questionnaires.",C_G,0.6,7.2,0.44
2120,Mathematicians,"Evaluating, processing, analyzing, and interpreting statistical data and preparing them for publication.",C_G,0.6,7.2,0.44
2120,Mathematicians,Preparing scientific papers and reports.,C_G,0.7,7.2,0.261
2120,Mathematicians,"Supervising the work of mathematical, actuarial and statistical assistants and statistical clerks.",S_E,0.6,7.2,0.119
2131,Biologists and Zoologists,Share research findings by writing scientific articles or by making presentations at scientific conferences.,C_G,0.7,13.4,0.261
2131,Biologists and Zoologists,Study nutritional requirements of animals and nutritive values of animal feed materials.,C_G,0.6,14.0,0.44
2131,Biologists and Zoologists,"Plan and direct studies to investigate human or animal disease, preventive methods, and treatments for disease.",C_G,0.7,14.4,0.261
2131,Biologists and Zoologists,Undertaking research in laboratories and in the field to increase scientific knowledge of living organisms.,C_G,0.7,9.7,0.261
2131,Biologists and Zoologists,Designing and conducting experiments and tests.,C_G,0.6,9.7,0.44
2131,Biologists and Zoologists,"Gathering human, animal, insect and plant specimens and data, and studying their origin, development, chemical and physical form, structure, composition, and life and reproductive processes.",C_G,0.65,9.7,0.345
2131,Biologists and Zoologists,"Examining living organisms using a variety of specialised equipment, instruments, technologies and techniques such as electron microscopes, telemetry, global positioning systems, biotechnology…",C_G,0.42,9.7,0.769
2131,Biologists and Zoologists,"Identifying, classifying, recording and monitoring living organisms and maintaining databases.",C_R,0.43,9.7,0.933
2131,Biologists and Zoologists,Designing and carrying out environmental impact assessments to identify changes caused by natural or human factors.,C_G,0.6,9.7,0.44
2133,Environmental Professionals,Develop environmental restoration project schedules and budgets.,C_G,0.55,11.8,0.54
2133,Environmental Professionals,"Provide technical direction on environmental planning to energy engineers, biologists, geologists, or other professionals working to develop restoration plans or strategies.",S_E,0.7,11.6,0.057
2133,Environmental Professionals,"Identify environmental impacts caused by products, systems, or projects.",C_G,0.55,13.6,0.54
2133,Environmental Professionals,Identify or develop strategies or methods to minimize the environmental impact of industrial production processes.,C_G,0.7,11.6,0.261
2133,Environmental Professionals,"Prepare study reports, memoranda, briefs, testimonies, or other written materials to inform government or environmental groups on environmental issues, such as climate change.",C_G,0.6,11.4,0.44
2133,Environmental Professionals,"Conducting research, performing tests, collecting samples, performing field and laboratory analysis to identify sources of environmental problems and recommending ways to prevent, control and remed...",C_G,0.7,8.0,0.261
2133,Environmental Professionals,"Assessing the likely impact that potential or proposed activities, projects and developments may have on the environment, and recommending whether such developments should proceed.",C_G,0.6,8.0,0.44
2133,Environmental Professionals,"Conducting audits to evaluate environmental impact of existing activities, processes, wastes, noises and substances.",C_G,0.6,8.0,0.44
2133,Environmental Professionals,"Assessing an organization's compliance with government and internal environmental regulations and guidelines, identifying violations and determining appropriate remedial action.",C_G,0.6,8.0,0.44
2133,Environmental Professionals,Providing technical advice and support services to organizations on how best to deal with environmental problems in order to reduce environmental damage and minimize financial loss.,C_G,0.6,8.0,0.44
2142,Structural Engineers,"Check construction plans, design calculations, or cost estimations to ensure completeness, accuracy, or conformity to engineering standards or practices.",C_G,0.52,13.6,0.599
2142,Structural Engineers,"Manage and direct the construction, operations, or maintenance activities at project site.",S_E,0.55,14.9,0.168
2142,Structural Engineers,Conducting research and developing new or improved theories and methods related to civil engineering.,C_G,0.7,11.3,0.261
2142,Structural Engineers,"Advising on and designing structures such as bridges, dams, docks, roads, airports, railways, canals, pipelines, waste-disposal and flood-control systems, and industrial and other large buildings.",C_G,0.6,9.8,0.44
2142,Structural Engineers,"Determining and specifying construction methods, materials and quality standards, and directing construction work.",C_G,0.6,9.8,0.44
2142,Structural Engineers,Establishing control systems to ensure efficient functioning of structures as well as safety and environmental protection.,S_E,0.55,9.8,0.168
2142,Structural Engineers,Organising and directing maintenance and repair of existing civil engineering structures.,S_E,0.58,11.3,0.137
2142,Structural Engineers,Analyzing the behaviour of soil and rock when placed under pressure by proposed structures and designing structural foundations.,C_G,0.6,9.8,0.44
2142,Structural Engineers,Analyzing the stability of structures and testing the behaviour and durability of materials used in their construction.,C_G,0.6,9.8,0.44
2166,Graphic Designers,Key information into computer equipment to create layouts for client or supervisor.,C_G,0.6,10.2,0.44
2166,Graphic Designers,"Develop graphics and layouts for product illustrations, company logos, and Web sites.",C_G,0.6,9.8,0.44
2166,Graphic Designers,"Design complex graphics and animation, using independent judgment, creativity, and computer equipment.",C_G,0.8,9.6,0.137
2166,Graphic Designers,Determining the objectives and constraints of the design brief by consulting with clients and stakeholders.,C_G,0.6,6.4,0.44
2166,Graphic Designers,Undertaking research and analysing functional communication requirements.,C_G,0.7,6.4,0.261
2166,Graphic Designers,Formulating design concepts for the subject to be communicated.,C_G,0.6,6.4,0.44
2166,Graphic Designers,"Preparing sketches, diagrams, illustrations and layouts to communicate design concepts.",C_G,0.6,6.4,0.44
2166,Graphic Designers,"Designing complex graphics and animation to satisfy functional, aesthetic and creative requirements of the design brief.",C_G,0.8,6.4,0.137
2166,Graphic Designers,"Creating two-dimensional and three-dimensional images depicting objects in motion or illustrating a process, using computer animation or modeling programs.",C_G,0.7,12.8,0.261
2166,Graphic Designers,"Negotiating design solutions with clients, management, sales and production staff.",S_E,0.6,6.4,0.119
2166,Graphic Designers,"Selecting, specifying or recommending functional and aesthetic materials and media for publication, delivery or display.",C_G,0.6,6.4,0.44
2166,Graphic Designers,Detailing and documenting the selected design for production.,C_G,0.6,6.4,0.44
2166,Graphic Designers,Supervising or carrying out production in the chosen media.,S_E,0.48,6.4,0.261
2166-illustrator,Illustrators,Determining the objectives and constraints of the design brief by consulting with clients and stakeholders.,C_G,0.6,9.3,0.44
2166-illustrator,Illustrators,Undertaking research and analysing functional communication requirements.,C_G,0.7,9.3,0.261
2166-illustrator,Illustrators,Formulating design concepts for the subject to be communicated.,C_G,0.6,9.3,0.44
2166-illustrator,Illustrators,"Preparing sketches, diagrams, illustrations and layouts to communicate design concepts.",C_G,0.6,9.3,0.44
2166-illustrator,Illustrators,"Designing complex graphics and animation to satisfy functional, aesthetic and creative requirements of the design brief.",C_G,0.8,9.3,0.137
2166-illustrator,Illustrators,"Creating two-dimensional and three-dimensional images depicting objects in motion or illustrating a process, using computer animation or modeling programs.",C_G,0.7,16.6,0.261
2166-illustrator,Illustrators,"Negotiating design solutions with clients, management, sales and production staff.",S_E,0.6,9.3,0.119
2166-illustrator,Illustrators,"Selecting, specifying or recommending functional and aesthetic materials and media for publication, delivery or display.",C_G,0.6,9.3,0.44
2166-illustrator,Illustrators,Detailing and documenting the selected design for production.,C_G,0.6,9.3,0.44
2166-illustrator,Illustrators,Supervising or carrying out production in the chosen media.,S_E,0.48,9.3,0.261
2212-surgeon,Surgeons,Provide or direct the provision of postoperative care.,Phi_U,0.6,11.7,0.027
2212-surgeon,Surgeons,"Develop treatment plans based on patients' histories and goals, the nature and severity of disorders, and treatment risks and benefits.",C_G,0.7,11.7,0.261
2212-surgeon,Surgeons,Document or evaluate patients' medical histories.,C_G,0.6,11.2,0.44
2212-surgeon,Surgeons,Conducting physical examinations of patients and interviewing them and their families to determine their health status.,C_G,0.6,7.2,0.44
2212-surgeon,Surgeons,"Considering medical information provided by a referring doctor or other health care provider, (c) ordering specialized diagnostic tests to determine the nature of disorders or illnesses.",C_G,0.8,7.2,0.137
2212-surgeon,Surgeons,"Prescribing, administering and monitoring patients' responses to treatments, medications, anaesthetics, psychotherapies, physical rehabilitation programmes and other preventive and curative measures.",C_G,0.48,7.2,0.673
2212-surgeon,Surgeons,Performing surgery of a general or specialized nature.,Phi_U,0.8,7.2,0.005
2212-surgeon,Surgeons,"Managing complications before, during and after childbirth.",C_G,0.6,7.2,0.44
2212-surgeon,Surgeons,Recording patients' medical information and exchanging information with other health professionals to ensure the provision of comprehensive care.,C_G,0.65,15.1,0.345
2212-surgeon,Surgeons,"Providing information to patients and families and communities about preventive measures, treatment and care for specific ailments.",C_G,0.7,7.2,0.261
2212-surgeon,Surgeons,Conducting research into specific human disorders and illnesses and preventive or curative methods and disseminating the findings such as through scientific reports.,C_G,0.7,7.2,0.261
2212-pathologist,Anatomists,Consult with physicians about ordering and interpreting tests or providing treatments.,C_G,0.7,21.0,0.261
2212-pathologist,Anatomists,"Considering medical information provided by a referring doctor or other health care provider, (c) ordering specialized diagnostic tests to determine the nature of disorders or illnesses.",C_G,0.8,15.1,0.137
2212-pathologist,Anatomists,Recording patients' medical information and exchanging information with other health professionals to ensure the provision of comprehensive care.,C_R,0.43,18.8,0.933
2212-pathologist,Anatomists,"Providing information to patients and families and communities about preventive measures, treatment and care for specific ailments.",C_G,0.7,15.1,0.261
2212-pathologist,Anatomists,Performing autopsies to determine cause of death.,Phi_U,0.6,15.1,0.027
2212-pathologist,Anatomists,Conducting research into specific human disorders and illnesses and preventive or curative methods and disseminating the findings such as through scientific reports.,C_G,0.7,15.1,0.261
2222,Nurse Midwives,"Provide patients with direct family planning services, such as inserting intrauterine devices, dispensing oral contraceptives, and fitting cervical barriers, including cervical caps or diaphragms.",Phi_U,0.42,12.0,0.103
2222,Nurse Midwives,Develop and implement individualized plans for health care management.,C_G,0.6,11.8,0.44
2222,Nurse Midwives,Write information in medical records or provide narrative summaries to communicate patient information to other health care providers.,C_R,0.58,12.9,0.808
2222,Nurse Midwives,"Provide primary health care, including pregnancy and childbirth, to women.",Phi_U,0.6,11.3,0.027
2222,Nurse Midwives,"Planning, providing and evaluating care and support services for women and babies before, during and after pregnancy and childbirth according to the practice and standards of modern midwifery care.",C_G,0.52,7.3,0.599
2222,Nurse Midwives,"Providing advice to women and families and conducting community education on health, nutrition, hygiene, exercise, birth and emergency plans, breastfeeding, infant care, family planning and contrac...",C_G,0.68,7.3,0.293
2222,Nurse Midwives,"Assessing progress during pregnancy and childbirth, managing complications and recognising warning signs requiring referral to a medical doctor with specialized skills in obstetrics.",C_G,0.8,8.3,0.137
2222,Nurse Midwives,"Monitoring pain and discomfort experienced by women during labour and delivery and alleviating pain using a variety of therapies, including the use of pain-killing drugs.",C_G,0.7,7.3,0.261
2222,Nurse Midwives,Reporting birhts to government authorities to meet legal and professional requirements.,C_R,0.35,7.3,0.964
2222,Nurse Midwives,Conducting research on midwifery practices and procedures and disseminating findings such as through scientific papers and reports.,C_G,0.7,7.3,0.261
2222,Nurse Midwives,Planning and conducting midwifery education activities in clinical and community settings.,S_E,0.48,7.3,0.261
2250,Veterinarians,"Treat sick or injured animals by prescribing medication, setting bones, dressing wounds, or performing surgery.",Phi_U,0.76,13.1,0.008
2250,Veterinarians,"Operate diagnostic equipment, such as radiographic or ultrasound equipment, and interpret the resulting images.",C_G,0.6,11.5,0.44
2250,Veterinarians,"Advise animal owners regarding sanitary measures, feeding, general care, medical conditions, or treatment options.",C_G,0.7,10.9,0.261
2250,Veterinarians,Establish or conduct quarantine or testing procedures that prevent the spread of diseases to other animals or to humans and that comply with applicable government regulations.,C_G,0.52,9.9,0.599
2250,Veterinarians,"Determining the presence and nature of abnormal conditions by physical examination, laboratory testing and through diagnostic imaging techniques including radiography and ultrasound.",C_G,0.6,7.6,0.44
2250,Veterinarians,"Treating animals medically and surgically, and administering and prescribing drugs, analgesics, and general and local anaesthetics.",Phi_U,0.7,7.6,0.012
2250,Veterinarians,Rendering obstetric and dental services to animals.,Phi_U,0.76,8.7,0.008
2250,Veterinarians,Participating in programs designed to prevent the occurrence and spread of animal diseases.,C_G,0.6,7.6,0.44
2250,Veterinarians,"Inoculating animals against, and testing for, infectious diseases and notifying authorities of outbreaks of infectious animal diseases.",Phi_U,0.6,7.6,0.027
2250,Veterinarians,Performing autopsies to determine cause of death.,Phi_U,0.6,7.6,0.027
2250,Veterinarians,"Advising clients on health, nutrition and feeding, hygiene, breeding and care of animals.",C_G,0.6,7.6,0.44
2263,Occupational Health & Safety Pros,"Prepare and distribute health education materials, such as reports, bulletins, and visual aids, to address smoking, vaccines, and other public health concerns.",C_G,0.6,9.5,0.44
2263,Occupational Health & Safety Pros,Develop and maintain cooperative working relationships with agencies and organizations interested in public health care.,S_E,0.55,12.9,0.168
2263,Occupational Health & Safety Pros,"Maintain databases, mailing lists, telephone networks, and other information to facilitate the functioning of health education programs.",C_R,0.43,9.3,0.933
2263,Occupational Health & Safety Pros,"Investigate the adequacy of ventilation, exhaust equipment, lighting, or other conditions that could affect employee health, comfort, or performance.",C_G,0.6,9.1,0.44
2263,Occupational Health & Safety Pros,"Develop and present health education and promotion programs, such as training workshops, conferences, and school or community presentations.",C_G,0.48,9.1,0.673
2263,Occupational Health & Safety Pros,Investigate health-related complaints and inspect facilities to ensure that they comply with public health legislation and regulations.,C_G,0.48,9.1,0.673
2263,Occupational Health & Safety Pros,"Developing, implementing and reviewing programs and policies to minimize potential environmental and occupational risks to health and safety.",C_G,0.55,6.8,0.54
2263,Occupational Health & Safety Pros,"Preparing and implementing plans and strategies for the safe, economic and suitable disposal of commercial, industrial, medical and household wastes.",C_G,0.7,6.8,0.261
2263,Occupational Health & Safety Pros,"Implementing prevention programs and strategies for communicable diseases, food safety, waste water treatment and disposal systems, recreation and domestic water quality, contaminated and hazardous...",C_G,0.48,6.8,0.673
2263,Occupational Health & Safety Pros,"Developing, implementing and monitoring programs to minimize workplace and environmental pollution involving chemical, physical and biological hazards.",C_G,0.48,6.8,0.673
2263,Occupational Health & Safety Pros,"Advising methods to prevent, eliminate, control, or reduce the exposure of workers, students, the public and the environment to radiological and other hazards.",C_G,0.6,6.8,0.44
2263,Occupational Health & Safety Pros,"Providing education, information, training, and advice to persons at all levels on aspects of occupational hygiene and environmental health.",C_G,0.6,6.8,0.44
2264,Physiotherapists,"Plan, prepare, or carry out individually designed programs of physical treatment to maintain, improve, or restore physical functioning, alleviate pain, or prevent physical dysfunction in patients.",Phi_U,0.48,12.3,0.067
2264,Physiotherapists,Instruct patient and family in treatment procedures to be continued at home.,C_G,0.7,12.6,0.261
2264,Physiotherapists,"Confer with the patient, medical practitioners, or appropriate others to plan, implement, or assess the intervention program.",S_E,0.48,11.0,0.261
2264,Physiotherapists,"Administer manual exercises, massage, or traction to help relieve pain, increase patient strength, or decrease or prevent deformity or crippling.",Phi_U,0.42,11.0,0.103
2264,Physiotherapists,"Administering muscle, nerve, joint and functional ability tests to identify and assess physical problems of patients.",Phi_U,0.6,7.2,0.027
2264,Physiotherapists,"Developing, implementing and monitoring programs and treatments using the therapeutic properties of exercise, heat, cold, massage, manipulation, hydrotherapy, electrotherapy, ultraviolet and infra-...",Phi_U,0.42,7.2,0.103
2264,Physiotherapists,"Recording information on patients' health status and responses to treatment in medical records-keeping systems, and sharing information with other health professionals as required to ensure continu...",C_R,0.48,7.2,0.904
2264,Physiotherapists,Developing and implementing programmes for screening and prevention of common physical ailments and disorders.,S_E,0.48,7.2,0.261
2264,Physiotherapists,Supervising the work of physiotherapy assitants and others.,S_E,0.6,9.9,0.119
2264,Physiotherapists,"Implement rehabilitative programs that improve or restore human motor functions, maximize movement ability, relieve pain syndromes.",S_E,0.48,7.2,0.261
2264,Physiotherapists,"Treat or prevent physical challenges associated with injuries, diseases.",Phi_U,0.6,7.2,0.027
2269,Health Specialists,Provide instructions to patients or family members concerning diagnoses or treatment plans.,C_G,0.7,11.8,0.261
2269,Health Specialists,"Perform diagnostic tests or measurements, such as motor testing, visual acuity testing, lensometry, retinoscopy, and color vision testing.",C_G,0.6,12.0,0.44
2269,Health Specialists,"Design or provide music therapy experiences to address client needs, such as using music for self-care, adjusting to life changes, improving cognitive functioning, raising self-esteem, communicatin...",C_G,0.7,12.0,0.261
2269,Health Specialists,"Diagnose health problems by reviewing patients' health and medical histories, questioning, observing, and examining patients and interpreting x-rays.",C_G,0.7,12.0,0.261
2269,Health Specialists,"Interviewing patients and conducting diagnostic tests to determine their health status and the nature of physical or mental disorders, illnesses or other health problems.",C_G,0.6,7.5,0.44
2269,Health Specialists,"Developing and implementing treatment plans for injuries, illnesses and other physical and mental impairments (c) evaluating and documenting patients' progress through treatment plans, and referrin...",C_G,0.7,7.5,0.261
2269,Health Specialists,"Assessing functional limitations of clients resulting from illness, disability or other impairment, and providing therapy.",C_G,0.7,7.5,0.261
2269,Health Specialists,"Recommending environmental adaptations in the home, leisure, work and school environments on an individual or group basis to enable them to perform their daily activities and occupations.",C_G,0.6,7.5,0.44
2269,Health Specialists,"Planning and implementing therapeutic programs on an individual and group basis for improving and maintaining physical, cognitive, emotional and social functioning, including through the use of art...",S_E,0.48,7.5,0.261
2269,Health Specialists,"Identifying and prescribing treatments for conditions affecting the foot, ankle and related structures of the leg due to illness, disease or other physical impairment, and prescribing corrective…",C_G,0.7,7.5,0.261
2269,Health Specialists,Performing minor surgical procedures such as on the foot and ankles.,Phi_U,0.76,7.5,0.008
2269-ot,Occupational Therapy Aides,"Plan, organize, and conduct occupational therapy programs in hospital, institutional, or community settings to help rehabilitate persons with disabilities because of illness, injury or psychologica...",S_E,0.48,16.4,0.261
2269-ot,Occupational Therapy Aides,Consult with rehabilitation team to select activity programs or coordinate occupational therapy with other therapeutic activities.,S_E,0.55,16.1,0.168
2269-ot,Occupational Therapy Aides,Conduct research in occupational therapy.,C_G,0.7,13.5,0.261
2269-ot,Occupational Therapy Aides,"Interviewing patients and conducting diagnostic tests to determine their health status and the nature of physical or mental disorders, illnesses or other health problems.",C_G,0.6,10.8,0.44
2269-ot,Occupational Therapy Aides,"Developing and implementing treatment plans for injuries, illnesses and other physical and mental impairments (c) evaluating and documenting patients' progress through treatment plans, and referrin...",C_G,0.7,10.8,0.261
2269-ot,Occupational Therapy Aides,"Assessing functional limitations of clients resulting from illness, disability or other impairment, and providing therapy.",C_G,0.7,10.8,0.261
2269-ot,Occupational Therapy Aides,"Recommending environmental adaptations in the home, leisure, work and school environments on an individual or group basis to enable them to perform their daily activities and occupations.",C_G,0.6,10.8,0.44
2269-ot,Occupational Therapy Aides,"Planning and implementing therapeutic programs on an individual and group basis for improving and maintaining physical, cognitive, emotional and social functioning, including through the use of art...",S_E,0.48,10.8,0.261
2310,University Lecturers,"Evaluate and grade students' class work, assignments, and papers.",C_G,0.6,12.8,0.44
2310,University Lecturers,"Initiate, facilitate, and moderate classroom discussions.",C_G,0.6,13.0,0.44
2310,University Lecturers,"Prepare and deliver lectures to undergraduate or graduate students on topics such as organic chemistry, analytical chemistry, and chemical separation.",C_G,0.6,8.9,0.44
2310,University Lecturers,"Prepare and deliver lectures to undergraduate or graduate students on topics such as financial accounting, principles of marketing, and operations management.",C_G,0.6,8.9,0.44
2310,University Lecturers,"Advise students on academic and vocational curricula, career issues, and laboratory and field research.",C_G,0.7,8.7,0.261
2310,University Lecturers,Supervise students' laboratory and clinical work.,C_G,0.6,8.7,0.44
2310,University Lecturers,Designing and modifying curricula and preparing courses of study in accordance with requirements.,C_G,0.6,5.6,0.44
2310,University Lecturers,"Preparing and delivering lectures and conducting tutorials, seminars and laboratory experiments.",C_G,0.6,5.6,0.44
2310,University Lecturers,Stimulating discussion and independent thought among students.,C_G,0.6,5.6,0.44
2310,University Lecturers,"Supervising, where appropriate, experimental and practical work undertaken by students.",C_G,0.6,5.6,0.44
2310,University Lecturers,"Administering, evaluating and marking examination papers and tests.",C_G,0.6,5.6,0.44
2310,University Lecturers,Directing research of post-graduate students or other members of department.,S_E,0.55,5.6,0.168
2310,University Lecturers,"Researching into and developing concepts, theories and operational methods for application in industrial and other fields.",C_G,0.7,5.6,0.261
2355,Visual Arts Teachers,Follow lesson plans designed by absent teachers.,C_G,0.52,9.8,0.599
2355,Visual Arts Teachers,"Instruct students individually and in groups, using various teaching methods, such as lectures, discussions, and demonstrations.",C_G,0.6,9.6,0.44
2355,Visual Arts Teachers,"Provide private instruction to individual or small groups of students to improve academic performance, improve occupational skills, or prepare for academic or occupational tests.",C_G,0.6,9.6,0.44
2355,Visual Arts Teachers,Adapt teaching methods and instructional materials to meet students' varying needs and interests.,C_G,0.6,9.6,0.44
2355,Visual Arts Teachers,"Observe students to determine qualifications, limitations, abilities, interests, and other individual characteristics.",C_G,0.6,9.1,0.44
2355,Visual Arts Teachers,"Planning, preparing and delivering programs of study, lessons and workshops for individual students and groups.",C_G,0.48,6.6,0.673
2355,Visual Arts Teachers,Preparing and presenting material on the theory of the subject area being studied.,C_G,0.6,6.6,0.44
2355,Visual Arts Teachers,"Instructing and demonstrating practical aspects of drama, dance, visual or other arts.",Phi_U,0.6,6.6,0.027
2355,Visual Arts Teachers,"Assessing students and offering advice, criticism and encouragement.",C_G,0.6,6.6,0.44
2355,Visual Arts Teachers,"Revising curricula, course content, course materials and methods of instruction.",C_G,0.6,6.6,0.44
2355,Visual Arts Teachers,"Preparing students for examinations, performance and assessments.",Phi_U,0.6,6.6,0.027
2355,Visual Arts Teachers,Arranging visits and tours to exhibitions and performances.,C_R,0.4,6.6,0.947
2355,Visual Arts Teachers,Organising and assisting in performances or exhibitions of students' work.,S_E,0.6,6.6,0.119
2412,Investment Advisors,"Interview clients to determine their current income, expenses, insurance coverage, tax status, financial objectives, risk tolerance, or other information needed to develop a financial plan.",C_G,0.6,12.3,0.44
2412,Investment Advisors,Analyze financial information obtained from clients to determine strategies for meeting clients' financial objectives.,C_G,0.7,10.4,0.261
2412,Investment Advisors,"Manage client portfolios, keeping client plans up-to-date.",C_G,0.6,11.5,0.44
2412,Investment Advisors,"Recommend to clients strategies in cash management, insurance coverage, investment planning, or other areas to help them achieve their financial goals.",C_G,0.7,10.0,0.261
2412,Investment Advisors,"Recommend financial products, such as stocks, bonds, mutual funds, or insurance.",C_G,0.6,9.5,0.44
2412,Investment Advisors,"Prepare or interpret for clients information, such as investment performance reports, financial document summaries, or income projections.",C_G,0.6,9.1,0.44
2412,Investment Advisors,Investigate available investment opportunities to determine compatibility with client financial plans.,C_G,0.6,8.9,0.44
2412,Investment Advisors,Monitor financial market trends to ensure that client plans are responsive.,C_G,0.55,8.2,0.54
2412,Investment Advisors,"Setting financial objectives, and developing and implementing strategies for achieving the financial objectives.",C_G,0.7,6.7,0.261
2412,Investment Advisors,Arranging to buy and sell stocks and bonds for clients.,C_R,0.43,6.7,0.933
2412,Investment Advisors,"Monitoring investment performance, and reviewing and revising investment plans based on modified needs and changes in markets.",C_G,0.6,6.7,0.44
2421,Management Consultants,"Maintain and develop positive business relationships with a customer's key personnel involved in, or directly relevant to, a logistics activity.",S_E,0.55,9.3,0.168
2421,Management Consultants,Analyze data gathered and develop solutions or alternative methods of proceeding.,C_G,0.6,9.7,0.44
2421,Management Consultants,"Document findings of study and prepare recommendations for implementation of new systems, procedures, or organizational changes.",C_G,0.6,9.2,0.44
2421,Management Consultants,"Interpret data on logistics elements, such as availability, maintainability, reliability, supply chain management, strategic sourcing or distribution, supplier management, or transportation.",C_G,0.7,9.2,0.261
2421,Management Consultants,"Manage subcontractor activities, reviewing proposals, developing performance specifications, and serving as liaisons between subcontractors and organizations.",S_E,0.55,9.0,0.168
2421,Management Consultants,"Assisting and encouraging the development of objectives, strategies and plans aimed at achieving customer satisfaction and the efficient use of organizations? resources.",C_G,0.55,6.7,0.54
2421,Management Consultants,Analyzing and evaluating current systems and structures.,C_G,0.6,6.7,0.44
2421,Management Consultants,Discussing current systems with staff and observing systems at all levels of organization.,C_G,0.6,6.7,0.44
2421,Management Consultants,Directing clients towards more efficient organization and developing solutions to organizational problems.,C_G,0.55,6.7,0.54
2421,Management Consultants,Undertaking and reviewing work studies by analyzing existing and proposed methods and procedures such as administrative and clerical procedures.,C_G,0.6,6.7,0.44
2421,Management Consultants,"Preparing and recommending proposals to revise methods and procedures, alter work flows, redefine job functions and resolve organizational problems.",C_G,0.6,6.7,0.44
2421,Management Consultants,"Assisting in implementing approved recommendations, issuing revised instructions and procedure manuals, and drafting other documentation.",C_G,0.6,6.7,0.44
2421,Management Consultants,Reviewing operating procedures and advising of departures from procedures and standards.,C_G,0.52,6.7,0.599
2423,HR Specialists,Negotiate collective bargaining agreements.,C_G,0.7,12.8,0.261
2423,HR Specialists,"Counsel students regarding educational issues, such as course and program selection, class scheduling and registration, school adjustment, truancy, study habits, and career planning.",C_G,0.6,11.6,0.44
2423,HR Specialists,"Administer employee insurance, pension, and savings plans, working with insurance brokers and plan carriers.",C_G,0.6,11.4,0.44
2423,HR Specialists,Investigate and evaluate union complaints or arguments to determine viability.,C_G,0.6,11.4,0.44
2423,HR Specialists,"Prepare or maintain employment records related to events, such as hiring, termination, leaves, transfers, or promotions, using human resources management system software.",C_R,0.43,11.2,0.933
2423,HR Specialists,"Address employee relations issues, such as harassment allegations, work complaints, or other employee concerns.",C_G,0.7,11.2,0.261
2423,HR Specialists,"Advising on and performing personnel functions relating to employee recruitment, placement, training, promotion, compensation, and employee-management relations or other areas of personnel policy.",C_G,0.7,7.6,0.261
2423,HR Specialists,"Studying and analyzing jobs performed in an establishment by various means, including interviews with workers, supervisors and management, and writing detailed position, job or occupation descripti...",C_G,0.6,7.6,0.44
2423,HR Specialists,Preparing occupational information or working on occupational classification systems.,C_G,0.6,7.6,0.44
2423,HR Specialists,"Studying and advising individuals on employment opportunities, career choices and further education or training that may be desirable.",C_G,0.6,7.6,0.44
2424,Training & Development Specialists,"Obtain, organize, or develop training procedure manuals, guides, or course materials, such as handouts or visual materials.",C_G,0.6,10.5,0.44
2424,Training & Development Specialists,Offer specific training programs to help workers maintain or improve job skills.,C_G,0.6,10.0,0.44
2424,Training & Development Specialists,"Monitor, evaluate, or record training activities or program effectiveness.",C_G,0.43,10.0,0.754
2424,Training & Development Specialists,"Design, plan, organize, or direct orientation and training programs for employees or customers.",C_G,0.48,9.8,0.673
2424,Training & Development Specialists,Identifying training needs and requirements of individuals and organizations.,C_G,0.6,12.1,0.44
2424,Training & Development Specialists,Setting human resource development objectives and evaluating learning outcomes.,C_G,0.6,6.8,0.44
2424,Training & Development Specialists,"Preparing and developing instructional training material and aids such as handbooks, visual aids, online tutorials, demonstration models, and supporting training reference documentation.",C_G,0.7,6.8,0.261
2424,Training & Development Specialists,"Designing, coordinating, scheduling and conducting training and development programs that can be delivered in the form of individual and group instruction, and facilitating workshops, meetings…",C_G,0.55,6.8,0.54
2424,Training & Development Specialists,Liaising with external training providers to arrange delivery of specific training and development programs.,C_G,0.6,6.8,0.44
2424,Training & Development Specialists,"Promoting internal and external training and development, and evaluating these promotional activities.",C_G,0.6,6.8,0.44
2424,Training & Development Specialists,"Monitoring and performing ongoing evaluation and assessment of internal and external training quality and effectiveness, and reviewing and modifying training objectives, methods and course delivera...",C_G,0.6,6.8,0.44
2424,Training & Development Specialists,"Gathering, investigating and researching background materials to gain an understanding of various subject matters and systems.",C_G,0.7,6.8,0.261
2431,Advertisers,"Develop advertising campaigns for a wide range of clients, working with an advertising agency's creative director and art director to determine the best way to present advertising information.",C_G,0.48,13.1,0.673
2431,Advertisers,"Collect and analyze data on customer demographics, preferences, needs, and buying habits to identify potential markets and factors affecting product demand.",C_G,0.6,12.7,0.44
2431,Advertisers,"Conduct research on consumer opinions and marketing strategies, collaborating with marketing professionals, statisticians, pollsters, and other professionals.",C_G,0.7,12.7,0.261
2431,Advertisers,"Planning, developing and organizing advertising policies and campaigns to support sales objectives.",C_G,0.55,8.8,0.54
2431,Advertisers,"Advising managers and clients on strategies and campaigns to reach target markets, creating consumer awareness and effectively promoting the attributes of goods and services.",C_G,0.7,8.8,0.261
2431,Advertisers,"Writing advertising copy and media scripts, and arranging television and film production and media placement.",C_G,0.6,8.8,0.44
2431,Advertisers,Researching potential demand and market characteristics for new goods and services and collecting and analyzing data and other statistical information.,C_G,0.7,8.8,0.261
2431,Advertisers,"Supporting business growth and development through the preparation and execution of marketing objectives, policies and programs.",C_G,0.7,8.8,0.261
2431,Advertisers,Commissioning and undertaking market research to identify market opportunities for new and existing goods and services.,C_G,0.7,8.8,0.261
2431,Advertisers,"Advising on all elements of marketing such as product mix, pricing, advertising and sales promotion, selling, and distribution channels.",C_G,0.6,8.8,0.44
2431-social,Social Media Managers,"Collect and analyze data on customer demographics, preferences, needs, and buying habits to identify potential markets and factors affecting product demand.",C_G,0.6,14.5,0.44
2431-social,Social Media Managers,"Planning, developing and organizing advertising policies and campaigns to support sales objectives.",C_G,0.55,9.5,0.54
2431-social,Social Media Managers,"Advising managers and clients on strategies and campaigns to reach target markets, creating consumer awareness and effectively promoting the attributes of goods and services.",C_G,0.7,9.5,0.261
2431-social,Social Media Managers,"Writing advertising copy and media scripts, and arranging television and film production and media placement.",C_G,0.6,9.5,0.44
2431-social,Social Media Managers,Analyzing data regarding consumer patterns and preferences.,C_G,0.6,9.5,0.44
2431-social,Social Media Managers,Interpreting and predicting current and future consumer trends.,C_G,0.6,9.5,0.44
2431-social,Social Media Managers,Researching potential demand and market characteristics for new goods and services and collecting and analyzing data and other statistical information.,C_G,0.7,9.5,0.261
2431-social,Social Media Managers,"Supporting business growth and development through the preparation and execution of marketing objectives, policies and programs.",C_G,0.55,9.5,0.54
2431-social,Social Media Managers,Commissioning and undertaking market research to identify market opportunities for new and existing goods and services.,C_G,0.7,9.5,0.261
2431-social,Social Media Managers,"Advising on all elements of marketing such as product mix, pricing, advertising and sales promotion, selling, and distribution channels.",C_G,0.6,9.5,0.44
2511,IT Business Analysts,Analyze problems to develop solutions involving computer hardware and software.,C_G,0.6,11.4,0.44
2511,IT Business Analysts,"Test, maintain, and monitor computer programs and systems, including coordinating the installation of computer programs and systems.",S_E,0.55,13.0,0.168
2511,IT Business Analysts,"Use the computer in the analysis and solution of business problems, such as development of integrated production and inventory control and cost analysis systems.",C_G,0.55,10.7,0.54
2511,IT Business Analysts,Consulting with users to formulate and document requirements and with management to ensure agreement on systems principles.,C_G,0.6,8.1,0.44
2511,IT Business Analysts,"Identifying and analyzing business processes, procedures and work practices.",C_G,0.6,8.1,0.44
2511,IT Business Analysts,"Identifying and evaluating inefficiencies and recommending optimal business practices, and system functionality and behaviour.",C_G,0.6,8.1,0.44
2511,IT Business Analysts,"Taking responsibility for deploying functional solutions, such as creating, adopting and implementing system test plans.",C_G,0.6,8.1,0.44
2511,IT Business Analysts,Developing functional specifications for use by systems developers.,C_G,0.6,8.1,0.44
2511,IT Business Analysts,Expanding or modifying systems to improve work flow or serve new purposes.,C_G,0.6,8.1,0.44
2511,IT Business Analysts,Coordinating and linking the computer systems within an organization to increase compatibility.,S_E,0.55,8.1,0.168
2511,IT Business Analysts,"Evaluate client information technology requirements, procedures or problems.",C_G,0.6,8.1,0.44
2511-architect,Network Architects,Monitor system operation to detect potential problems.,C_R,0.43,13.8,0.933
2511-architect,Network Architects,"Direct the installation of operating systems, network or application software, or computer or network hardware.",S_E,0.55,15.3,0.168
2511-architect,Network Architects,Consulting with users to formulate and document requirements and with management to ensure agreement on systems principles.,C_G,0.6,8.9,0.44
2511-architect,Network Architects,"Identifying and analyzing business processes, procedures and work practices.",C_G,0.6,8.9,0.44
2511-architect,Network Architects,"Identifying and evaluating inefficiencies and recommending optimal business practices, and system functionality and behaviour.",C_G,0.6,8.9,0.44
2511-architect,Network Architects,"Taking responsibility for deploying functional solutions, such as creating, adopting and implementing system test plans.",C_G,0.6,8.9,0.44
2511-architect,Network Architects,Developing functional specifications for use by systems developers.,C_G,0.6,8.9,0.44
2511-architect,Network Architects,Expanding or modifying systems to improve work flow or serve new purposes.,C_G,0.6,8.9,0.44
2511-architect,Network Architects,Coordinating and linking the computer systems within an organization to increase compatibility.,S_E,0.55,8.9,0.168
2511-architect,Network Architects,"Evaluate client information technology requirements, procedures or problems.",C_G,0.6,8.9,0.44
2512,Software Developers,"Document software defects, using a bug tracking system, and report defects to software developers.",C_R,0.43,10.0,0.933
2512,Software Developers,"Develop testing programs that address areas such as database impacts, software scenarios, regression testing, negative testing, error or bug retests, or usability.",C_G,0.6,9.7,0.44
2512,Software Developers,Provide feedback and recommendations to developers on software usability and functionality.,C_G,0.55,9.1,0.54
2512,Software Developers,"Install, maintain, or use software testing programs.",C_R,0.58,9.1,0.808
2512,Software Developers,Analyze user needs and software requirements to determine feasibility of design within time and cost constraints.,C_G,0.6,8.8,0.44
2512,Software Developers,"Researching, analyzing and evaluating requirements for software applications and operating systems.",C_G,0.7,14.4,0.261
2512,Software Developers,Consulting with engineering staff to evaluate interface between hardware and software.,C_G,0.6,6.5,0.44
2512,Software Developers,Developing and directing software testing and validation procedures.,C_G,0.6,6.5,0.44
2512,Software Developers,"Modifying existing software to correct errors, to adapt it to new hardware or to upgrade interfaces and improve performance.",C_G,0.55,6.5,0.54
2512,Software Developers,Directing software programming and development of documentation.,S_E,0.48,6.5,0.261
2512,Software Developers,"Assessing, developing, upgrading and documenting maintenance procedures for operating systems, communications environments and applications software.",C_G,0.6,6.5,0.44
2512,Software Developers,Consulting with customers concerning maintenance of software system.,C_G,0.6,6.5,0.44
2513,Web & App Developers,Write supporting code for Web applications or Web sites.,C_G,0.6,12.2,0.44
2513,Web & App Developers,"Design, build, or maintain Web sites, using authoring or scripting languages, content creation tools, management tools, and digital media.",C_G,0.6,12.1,0.44
2513,Web & App Developers,Back up files from Web sites to local directories for instant recovery in case of problems.,C_R,0.28,11.9,0.979
2513,Web & App Developers,"Select programming languages, design tools, or applications.",C_G,0.6,11.4,0.44
2513,Web & App Developers,Develop databases that support Web applications and Web sites.,C_G,0.6,11.0,0.44
2513,Web & App Developers,"Analyzing, designing and developing Internet sites applying a mixture of artistry and creativity with software programming and scripting languages and interfacing with operating environments.",C_G,0.6,8.3,0.44
2513,Web & App Developers,"Designing and developing digital animations, imaging, presentations, games, audio and video clips, and Internet applications using multimedia software, tools and utilities, interactive graphics and...",C_G,0.6,8.3,0.44
2513,Web & App Developers,"Communicating with network specialists regarding web-related issues, such as security and hosting web sites, to control and enforce Internet and web server security, space allocation, user access...",S_E,0.55,8.3,0.168
2513,Web & App Developers,"Designing, developing and integrating computer code with other specialised inputs, such as image files, audio files and scripting languages, to produce, maintain and support web sites.",C_G,0.6,8.3,0.44
2513,Web & App Developers,"Assisting in analyzing, specifying and developing Internet strategies, web-based methodologies and development plans.",C_G,0.7,8.3,0.261
2519,Software Engineers,"Document software defects, using a bug tracking system, and report defects to software developers.",C_R,0.43,17.2,0.933
2519,Software Engineers,"Design or prepare graphic representations of Geographic Information Systems (GIS) data, using GIS hardware or software applications.",C_G,0.6,20.7,0.44
2519,Software Engineers,Develop and document database architectures.,C_G,0.7,21.6,0.261
2519,Software Engineers,Installing software and hardware and configuring operating system software in preparation for testing.,C_R,0.58,11.1,0.808
2519,Software Engineers,Verifying that programmes function according to user requirements and established guidelines.,C_G,0.55,11.1,0.54
2519,Software Engineers,"Executing, analyzing and documenting results of software application tests and information and telecommunication systems tests.",C_G,0.6,18.2,0.44
2519-qa,Software QA Engineers,"Document software defects, using a bug tracking system, and report defects to software developers.",C_R,0.43,10.8,0.933
2519-qa,Software QA Engineers,"Develop testing programs that address areas such as database impacts, software scenarios, regression testing, negative testing, error or bug retests, or usability.",C_G,0.6,10.6,0.44
2519-qa,Software QA Engineers,Provide feedback and recommendations to developers on software usability and functionality.,C_G,0.55,10.0,0.54
2519-qa,Software QA Engineers,"Install, maintain, or use software testing programs.",C_R,0.58,11.3,0.808
2519-qa,Software QA Engineers,Developing and documenting software testing plans.,C_G,0.6,11.6,0.44
2519-qa,Software QA Engineers,Verifying that programmes function according to user requirements and established guidelines.,C_G,0.55,7.1,0.54
2519-qa,Software QA Engineers,"Executing, analyzing and documenting results of software application tests and information and telecommunication systems tests.",C_G,0.6,10.4,0.44
2519-qa,Software QA Engineers,"Create test plans covering functional, integration, regression, and non-functional quality requirements.",C_G,0.6,7.1,0.44
2519-qa,Software QA Engineers,"Develop automated test suites for APIs, UI flows, and critical business logic paths.",C_G,0.6,7.1,0.44
2519-qa,Software QA Engineers,Execute exploratory testing to uncover edge-case failures and ambiguous requirements.,C_G,0.6,7.1,0.44
2519-qa,Software QA Engineers,"Log reproducible defects with severity classification, stack traces, and environment context.",C_R,0.43,7.1,0.933
2521,Database Specialists,Develop and document database architectures.,C_G,0.7,11.4,0.261
2521,Database Specialists,"Develop database architectural strategies at the modeling, design and implementation stages to address business or industry requirements.",C_G,0.7,11.3,0.261
2521,Database Specialists,"Develop data models for applications, metadata tables, views or related database structures.",C_G,0.7,11.8,0.261
2521,Database Specialists,"Develop data model describing data elements and their use, following procedures and using pen, template or computer software.",C_G,0.52,14.6,0.599
2521,Database Specialists,Plan and install upgrades of database management system software to enhance database performance.,S_E,0.48,9.8,0.261
2521,Database Specialists,"Set up database clusters, backup, or recovery processes.",C_G,0.6,11.3,0.44
2521,Database Specialists,"Designing, constructing, modifying, integrating, implementing and testing database management systems.",S_E,0.48,7.5,0.261
2521,Database Specialists,"Conducting research and providing advice on the selection, application and implementation of database management tools.",C_G,0.7,7.5,0.261
2521,Database Specialists,"Developing and implementing data administration policy, documentation, standards and models.",C_G,0.55,7.5,0.54
2521,Database Specialists,"Performing the operational establishment and preventive maintenance of backups, recovery procedures, and enforcing security and integrity controls.",S_E,0.48,7.5,0.261
2522,Systems Admins,"Maintain and administer computer networks and related computing environments, including computer hardware, systems software, applications software, and all configurations.",S_E,0.48,13.9,0.261
2522,Systems Admins,Perform data backups and disaster recovery operations.,S_E,0.68,10.5,0.067
2522,Systems Admins,"Diagnose, troubleshoot, and resolve hardware, software, or other network and system problems, and replace defective components when necessary.",C_G,0.7,9.1,0.261
2522,Systems Admins,"Configure, monitor, and maintain email applications or virus protection software.",C_R,0.43,8.8,0.933
2522,Systems Admins,Operate master consoles to monitor the performance of computer systems and networks and to coordinate computer network access and use.,C_R,0.55,9.9,0.843
2522,Systems Admins,Monitor network performance to determine whether adjustments are needed and where changes will be needed in the future.,S_E,0.48,8.3,0.261
2522,Systems Admins,"Plan, coordinate, and implement network security measures to protect data, software, and hardware.",S_E,0.55,8.3,0.168
2522,Systems Admins,"Recommend changes to improve systems and network configurations, and determine hardware or software requirements related to such changes.",C_G,0.6,9.1,0.44
2522,Systems Admins,"Design, configure, and test computer hardware, networking software and operating system software.",C_G,0.6,7.9,0.44
2522,Systems Admins,"Perform routine network startup and shutdown procedures, and maintain control records.",C_R,0.48,7.6,0.904
2522,Systems Admins,Diagnosing hardware and software problems.,C_G,0.7,6.7,0.261
2621,Museum Curators,Organize archival records and develop classification systems to facilitate access to archival materials.,C_G,0.6,11.4,0.44
2621,Museum Curators,"Direct activities of workers who assist in arranging, cataloguing, exhibiting, and maintaining collections of valuable materials.",S_E,0.48,10.7,0.261
2621,Museum Curators,Research and record the origins and historical significance of archival materials.,C_G,0.7,12.4,0.261
2621,Museum Curators,Provide information from the institution's holdings to other curators and to the public.,C_R,0.43,9.3,0.933
2621,Museum Curators,"Evaluating and preserving records for administrative, historical, legal, evidential and other purposes.",C_G,0.43,7.0,0.754
2621,Museum Curators,"Directing or carrying out the preparation of indexes, bibliographies, microfilm copies and other reference aids to the collected material and making them available to users.",C_G,0.6,7.0,0.44
2621,Museum Curators,"Organizing, developing and maintaining collections of artistic, cultural, scientific or historically significant items.",C_G,0.7,7.0,0.261
2621,Museum Curators,Directing or undertaking classification and cataloguing of museum and art gallery collections and organizing exhibitions.,C_G,0.6,7.0,0.44
2621,Museum Curators,"Researching into, appraising, and developing, organizing and preserving historically significant and valuable documents such as government papers, private papers, photographs, maps, manuscripts…",C_G,0.7,7.0,0.261
2621,Museum Curators,Planning and implementing the computerized management of archives and electronic records.,C_R,0.43,7.0,0.933
2621,Museum Curators,"Organizing exhibitions at museums and art galleries, publicizing exhibits and arranging special displays for general, specialized or educational interest.",C_G,0.8,7.0,0.137
2621,Museum Curators,Appraising and acquiring archival materials to build and develop an archival collection for research purposes.,C_G,0.7,7.0,0.261
2634,Psychologists,"Write or prepare detailed clinical neuropsychological reports, using data from psychological or neuropsychological tests, self-report measures, rating scales, direct observations, or interviews.",C_G,0.6,13.2,0.44
2634,Psychologists,"Document patient information including session notes, progress notes, recommendations, and treatment plans.",C_G,0.7,10.9,0.261
2634,Psychologists,"Compile and interpret students' test results, along with information from teachers and parents, to diagnose conditions and to help assess eligibility for special services.",C_G,0.7,10.7,0.261
2634,Psychologists,"Identify psychological, emotional, or behavioral issues and diagnose disorders, using information obtained from interviews, tests, records, or reference materials.",C_G,0.7,10.5,0.261
2634,Psychologists,"Planning and carrying out tests to measure mental, physical and other characteristics such as intelligence, abilities, aptitudes, potentialities, etc., interpreting and evaluating results, and prov...",C_G,0.6,6.8,0.44
2634,Psychologists,"Analyzing the effect of heredity, social, occupational and other factors on individual thought and behaviour.",C_G,0.6,6.8,0.44
2634,Psychologists,"Conducting counselling or therapeutic interviews with individuals and groups, and providing follow-up services.",C_G,0.7,6.8,0.261
2634,Psychologists,"Maintaining required contacts, such as those with family members, educational authorities or employers, and recommending possible solutions to, and treatment of, problems.",C_G,0.7,6.8,0.261
2634,Psychologists,"Studying psychological factors in the diagnosis, treatment and prevention of mental illnesses and emotional or personality disorders, and conferring with related professionals.",C_G,0.7,6.8,0.261
2634,Psychologists,"Formulating achievement, diagnostic and predictive tests for use by teachers in planning methods and content of instruction.",C_G,0.6,6.8,0.44
2634,Psychologists,"Conducting surveys and research studies on job design, work groups, morale, motivation, supervision and management.",C_G,0.7,6.8,0.261
2634,Psychologists,"Developing theories, models and methods to interpret and describe human behaviour.",C_G,0.7,6.8,0.261
2634-edu,Educational Psychologists,"Compile and interpret students' test results, along with information from teachers and parents, to diagnose conditions and to help assess eligibility for special services.",C_G,0.7,11.6,0.261
2634-edu,Educational Psychologists,"Interpret test results and prepare psychological reports for teachers, administrators, and parents.",C_G,0.6,10.5,0.44
2634-edu,Educational Psychologists,Develop individualized educational plans in collaboration with teachers and other staff members.,C_G,0.6,10.5,0.44
2634-edu,Educational Psychologists,Collaborate with other educational professionals to develop teaching strategies and school programs.,C_G,0.48,10.9,0.673
2634-edu,Educational Psychologists,"Planning and carrying out tests to measure mental, physical and other characteristics such as intelligence, abilities, aptitudes, potentialities, etc., interpreting and evaluating results, and prov...",C_G,0.6,7.1,0.44
2634-edu,Educational Psychologists,"Analyzing the effect of heredity, social, occupational and other factors on individual thought and behaviour.",C_G,0.6,7.1,0.44
2634-edu,Educational Psychologists,"Conducting counselling or therapeutic interviews with individuals and groups, and providing follow-up services.",C_G,0.7,7.1,0.261
2634-edu,Educational Psychologists,"Maintaining required contacts, such as those with family members, educational authorities or employers, and recommending possible solutions to, and treatment of, problems.",C_G,0.7,7.1,0.261
2634-edu,Educational Psychologists,"Studying psychological factors in the diagnosis, treatment and prevention of mental illnesses and emotional or personality disorders, and conferring with related professionals.",C_G,0.7,7.1,0.261
2634-edu,Educational Psychologists,"Formulating achievement, diagnostic and predictive tests for use by teachers in planning methods and content of instruction.",C_G,0.6,7.1,0.44
2634-edu,Educational Psychologists,"Conducting surveys and research studies on job design, work groups, morale, motivation, supervision and management.",C_G,0.7,7.1,0.261
2634-edu,Educational Psychologists,"Developing theories, models and methods to interpret and describe human behaviour.",C_G,0.7,7.1,0.261
2642,Journalists and Reporters,Analyze and interpret news and information received from various sources to broadcast the information.,C_G,0.6,13.1,0.44
2642,Journalists and Reporters,"Gather information and develop perspectives about news subjects through research, interviews, observation, and experience.",C_G,0.7,10.9,0.261
2642,Journalists and Reporters,"Present news stories, and introduce in-depth videotaped segments or live transmissions from on-the-scene reporters.",C_G,0.6,10.7,0.44
2642,Journalists and Reporters,"Collecting local, national and international news through interviews, investigation and observation, attending public events, seeking out records, reviewing written work, attending film and stage p...",C_G,0.6,7.3,0.44
2642,Journalists and Reporters,"Collecting, reporting and commenting on news and current affairs for publication in newspapers and periodicals, or for broadcasting by radio, television or webcast media.",C_G,0.6,7.3,0.44
2642,Journalists and Reporters,"Receiving, analysing and verifying news and other copy for accuracy.",C_G,0.6,7.3,0.44
2642,Journalists and Reporters,"Researching and reporting on developments in specialized fields such as medicine, science and technology.",C_G,0.8,7.3,0.137
2642,Journalists and Reporters,Writing editorials and commentaries on topics of current interest to stimulate public interest and express the views of a publication or broadcasting station.,C_G,0.6,7.3,0.44
2642,Journalists and Reporters,"Writing critical reviews of literary, musical and other artistic works based on knowledge, judgement and experience for newspapers, television, radio and other media.",C_G,0.8,7.3,0.137
2642,Journalists and Reporters,"Selecting material for publication, checking style, grammar, accuracy and legality of content and arranging for any necessary revisions.",C_G,0.43,7.3,0.754
2642,Journalists and Reporters,Liaising with production staff in checking final proof copies immediately prior to printing.,C_R,0.43,7.3,0.933
2642,Journalists and Reporters,"Selecting, assembling and preparing publicity material about business or other organizations for issue through press, radio, television and other media.",C_G,0.6,7.3,0.44
2642-editor,Editors and Proofreaders,"Read, evaluate and edit manuscripts or other materials submitted for publication, and confer with authors regarding changes in content, style or organization, or publication.",C_G,0.6,10.2,0.44
2642-editor,Editors and Proofreaders,"Route proofs with marked corrections to authors, editors, typists, or typesetters for correction or reprinting.",C_R,0.3,10.0,0.975
2642-editor,Editors and Proofreaders,Supervise and coordinate work of reporters and other editors.,C_G,0.6,10.8,0.44
2642-editor,Editors and Proofreaders,"Collecting local, national and international news through interviews, investigation and observation, attending public events, seeking out records, reviewing written work, attending film and stage p...",C_G,0.6,6.9,0.44
2642-editor,Editors and Proofreaders,"Collecting, reporting and commenting on news and current affairs for publication in newspapers and periodicals, or for broadcasting by radio, television or webcast media.",C_G,0.6,6.9,0.44
2642-editor,Editors and Proofreaders,"Receiving, analysing and verifying news and other copy for accuracy.",C_G,0.6,6.9,0.44
2642-editor,Editors and Proofreaders,"Interviewing politicians and other public figures at press conferences and on other occasions, including individual interviews recorded for radio, television or webcast media.",C_G,0.6,6.9,0.44
2642-editor,Editors and Proofreaders,"Researching and reporting on developments in specialized fields such as medicine, science and technology.",C_G,0.8,6.9,0.137
2642-editor,Editors and Proofreaders,Writing editorials and commentaries on topics of current interest to stimulate public interest and express the views of a publication or broadcasting station.,C_G,0.6,6.9,0.44
2642-editor,Editors and Proofreaders,"Writing critical reviews of literary, musical and other artistic works based on knowledge, judgement and experience for newspapers, television, radio and other media.",C_G,0.8,6.9,0.137
2642-editor,Editors and Proofreaders,"Selecting material for publication, checking style, grammar, accuracy and legality of content and arranging for any necessary revisions.",C_G,0.43,6.9,0.754
2642-editor,Editors and Proofreaders,Liaising with production staff in checking final proof copies immediately prior to printing.,C_R,0.43,6.9,0.933
2642-editor,Editors and Proofreaders,"Selecting, assembling and preparing publicity material about business or other organizations for issue through press, radio, television and other media.",C_G,0.6,6.9,0.44
2653,Dancers,Direct rehearsals to instruct dancers in dance steps and in techniques to achieve desired effects.,Phi_U,0.65,16.0,0.018
2653,Dancers,"Train, exercise, and attend dance classes to maintain high levels of technical proficiency, physical ability, and physical fitness.",Phi_U,0.6,14.0,0.027
2653,Dancers,"Perform in productions, singing or acting in addition to dancing, if required.",Phi_U,0.7,12.2,0.012
2653,Dancers,Coordinate dancing with that of partners or dance ensembles.,Phi_U,0.72,12.2,0.01
2653,Dancers,Collaborate with choreographers to refine or modify dance steps.,Phi_U,0.42,11.8,0.103
2653,Dancers,"Conceiving and creating dances, which often convey a story, theme, idea or mood, by a pattern of steps, movements and gestures.",C_G,0.78,8.5,0.157
2653,Dancers,"Performing dances as a soloist, with a partner or as a member of a dancing group before live audiences or for film, television or other visual media.",Phi_U,0.78,8.5,0.006
2653,Dancers,Auditioning for dance roles or for memberships in dance companies.,Phi_U,0.72,8.5,0.01
2653,Dancers,Coordinating the production music with the music directors.,S_E,0.55,8.5,0.168
2654,Media & Arts Managers,Organize and string together raw footage into a continuous whole according to scripts or the instructions of directors and producers.,C_G,0.48,10.8,0.673
2654,Media & Arts Managers,Work with creative directors to develop design solutions.,C_G,0.48,10.4,0.673
2654,Media & Arts Managers,"Edit films and videotapes to insert music, dialogue, and sound effects, to arrange films into sequences, and to correct errors, using editing equipment.",C_G,0.6,10.4,0.44
2654,Media & Arts Managers,Operate and maintain on-air and production audio equipment.,C_R,0.45,10.0,0.923
2654,Media & Arts Managers,Trim film segments to specified lengths and reassemble segments in sequences that present stories with maximum effect.,C_G,0.6,9.8,0.44
2654,Media & Arts Managers,"Choosing writers, studying scripts to determine artistic interpretation, and instructing actors on acting methods.",S_E,0.6,6.8,0.119
2654,Media & Arts Managers,"Directing all aspects of dramatic productions on stage, television, radio or in motion pictures, including choice of actors, and final decisions concerning costumes, set designs, sound or lighting...",S_E,0.7,6.8,0.057
2654,Media & Arts Managers,"Planning, organizing and controlling the various stages and scheduling involved in the production of presentations, motion pictures, television shows and radio programs.",S_E,0.45,7.8,0.31
2654,Media & Arts Managers,"Engaging and supervising all technical personnel, and determining the treatment, scope and scheduling of production.",S_E,0.45,6.8,0.31
2654,Media & Arts Managers,Maintaining production archives and negotiating royalties.,C_G,0.6,6.8,0.44
2654,Media & Arts Managers,"Creating, planning, writing scripts for recording, videotaping and editing programs.",C_G,0.48,6.8,0.673
2654,Media & Arts Managers,"Supervising the positioning of scenery, props and lighting and sound equipment.",S_E,0.48,6.8,0.261
2659,Performing Artists,Adhere to schedules to keep events running on time.,C_G,0.6,19.0,0.44
2659,Performing Artists,Maintain up-to-date knowledge of music releases and trends.,C_G,0.6,21.8,0.44
2659,Performing Artists,Performing amusing antics and telling funny stories.,Phi_U,0.7,14.8,0.012
2659,Performing Artists,"Performing tricks of illusion and sleight of hand, and feats of hypnotism.",Phi_U,0.75,14.8,0.008
2659,Performing Artists,"Performing difficult and spectacular acrobatics, and gymnastic or juggling feats.",Phi_U,0.78,14.8,0.006
2659,Performing Artists,Training and performing with animals.,Phi_U,0.72,14.8,0.01
3119,Engineering Associates,Conduct surveillance testing to determine safety of nuclear equipment.,P_A,0.6,18.7,0.769
3119,Engineering Associates,"Identify defects in solid materials, using ultrasonic testing techniques.",P_A,0.55,22.5,0.832
3119,Engineering Associates,"Collecting data and providing technical assistance regarding: efficient, safe and economic utilization of personnel, material and equipment.",C_G,0.6,11.8,0.44
3119,Engineering Associates,Aiding in the identification of potential hazards and introducing safety procedures and devices.,C_R,0.6,11.8,0.782
3119,Engineering Associates,"Modifying and testing equipment and devices used in the prevention, control, and remediation of environmental pollution, site remediation, and land reclamation.",Phi_U,0.6,11.8,0.027
3119,Engineering Associates,Assisting in the development of environmental pollution remediation devices under the direction of an engineer.,C_G,0.6,11.8,0.44
3119,Engineering Associates,Assisting engineers in testing and designing robotics equipment.,P_A,0.6,11.8,0.769
3119-quantity,Quantity Surveyors,"Analyze blueprints and other documentation to prepare time, cost, materials, and labor estimates.",C_G,0.6,33.0,0.44
3119-quantity,Quantity Surveyors,"Consult with clients, vendors, personnel in other departments, or construction foremen to discuss and formulate estimates and resolve issues.",S_E,0.55,26.9,0.168
3119-quantity,Quantity Surveyors,"Collecting data and providing technical assistance regarding: efficient, safe and economic utilization of personnel, material and equipment.",C_R,0.42,20.0,0.938
3119-quantity,Quantity Surveyors,Aiding in the identification of potential hazards and introducing safety procedures and devices.,C_R,0.42,20.0,0.938
3132,Sewage Plant Ops,"Collect and test water and sewage samples, using test equipment and color analysis standards.",P_A,0.55,13.1,0.832
3132,Sewage Plant Ops,"Operate and adjust controls on equipment to purify and clarify water, process or dispose of sewage, and generate power.",P_A,0.55,11.3,0.832
3132,Sewage Plant Ops,"Add chemicals, such as ammonia, chlorine, or lime, to disinfect and deodorize water and other liquids.",P_A,0.65,12.9,0.69
3132,Sewage Plant Ops,Perform tests of water chemistry in boilers.,P_A,0.55,11.0,0.832
3132,Sewage Plant Ops,Operate high-pressure steam boiler or water chiller equipment for electrical cogeneration operations.,P_A,0.55,11.0,0.832
3132,Sewage Plant Ops,Monitor power plant equipment and indicators to detect evidence of operating problems.,P_A,0.78,12.4,0.44
3132,Sewage Plant Ops,Controlling the operation of multiple-hearth incinerator furnaces and related equipment to burn sludge and solid waste in waste treatment plants.,P_A,0.65,7.1,0.69
3132,Sewage Plant Ops,"Monitoring and adjusting controls of auxiliary equipment, such as exhaust emissions, scrubbers, and incinerator heat recovery units.",P_A,0.55,7.1,0.832
3132,Sewage Plant Ops,Performing security and safety checks in plant and on grounds.,Phi_U,0.43,7.1,0.096
3132,Sewage Plant Ops,Completing and maintaining plant logs and reports.,C_R,0.35,7.1,0.964
3214,Dental Technicians,"Fit, test, and evaluate devices on patients, and make adjustments for proper fit, function, and comfort.",Phi_U,0.42,12.6,0.103
3214,Dental Technicians,Instruct patients in the use and care of orthoses and prostheses.,C_G,0.6,12.4,0.44
3214,Dental Technicians,Maintain patients' records.,C_R,0.43,10.9,0.933
3214,Dental Technicians,"Examine, interview, and measure patients to determine their appliance needs and to identify factors that could affect appliance fit.",Phi_U,0.42,12.4,0.103
3214,Dental Technicians,Maintain or repair hearing aids or other communication devices.,Phi_U,0.58,10.7,0.031
3214,Dental Technicians,Conferring with medical and dental practitioners in order to formulate specifications and prescriptions for devices and appliances.,C_G,0.76,6.8,0.179
3214,Dental Technicians,"Interpreting prescriptions or specifications to determine the type of product or device to be fabricated, and the materials and tools that will be required.",C_G,0.6,6.8,0.44
3214,Dental Technicians,"Making or receiving casts or impressions of patients' torsos, limbs, mouths or teeth for use as fabrication patterns.",Phi_U,0.42,6.8,0.103
3214,Dental Technicians,"Designing and making orthotic and prosthetic devices using materials such as thermoplastic and thermosetting materials, metal alloys and leather, and hand and power tools.",Phi_U,0.6,6.8,0.027
3214,Dental Technicians,"Repairing, modifying, and maintaining medical and dental prosthetic and supportive devices, according to specifications.",Phi_U,0.76,6.8,0.008
3214,Dental Technicians,"Bending, forming, and shaping fabric or material so that it conforms to prescribed contours needed to fabricate structural components.",Phi_U,0.7,6.8,0.012
3312,Debt and Loan Officers,"Assess clients' overall financial situations by reviewing income, assets, debts, expenses, credit reports, or other financial information.",C_G,0.6,9.4,0.44
3312,Debt and Loan Officers,"Prioritize client debt repayment to avoid dire consequences, such as bankruptcy or foreclosure or to reduce overall costs, such as by paying high-interest or short-term loans first.",C_G,0.55,9.4,0.54
3312,Debt and Loan Officers,"Recommend strategies for clients to meet their financial goals, such as borrowing money through loans or loan programs, declaring bankruptcy, making budget adjustments, or enrolling in debt managem...",C_G,0.7,9.4,0.261
3312,Debt and Loan Officers,Meet with applicants to obtain information for loan applications and to answer questions about the process.,C_R,0.43,9.2,0.933
3312,Debt and Loan Officers,"Analyze applicants' financial status, credit, and property evaluations to determine feasibility of granting loans.",C_G,0.6,10.5,0.44
3312,Debt and Loan Officers,Interview clients by telephone or in person to gather financial information.,C_R,0.43,10.5,0.933
3312,Debt and Loan Officers,"Approve loans within specified limits, and refer loan applications outside those limits to management for approval.",C_G,0.6,12.1,0.44
3312,Debt and Loan Officers,"Interviewing applicants for personal, mortgage, student and business loans.",C_R,0.43,5.9,0.933
3312,Debt and Loan Officers,Approving or rejecting loan applications within authorized limits ensuring that credit standards of the institution are respected.,S_E,0.48,5.9,0.261
3312,Debt and Loan Officers,"Keeping records of payments, and preparing routine letters requesting payment for overdue accounts and forwarding these for legal action.",C_R,0.58,5.9,0.808
3312,Debt and Loan Officers,Completing credit and loan documentation.,C_R,0.43,5.9,0.933
3312,Debt and Loan Officers,Evaluate financial information on applications for credit.,C_G,0.6,5.9,0.44
3321,Insurance Salespeople,"Write to field representatives, medical personnel, or others to obtain further information, quote rates, or explain company underwriting policies.",C_G,0.7,17.5,0.261
3321,Insurance Salespeople,"Explain features, advantages, and disadvantages of various policies to promote sale of insurance plans.",C_G,0.55,17.1,0.54
3321,Insurance Salespeople,Evaluate possibility of losses due to catastrophe or excessive insurance.,C_G,0.6,17.1,0.44
3321,Insurance Salespeople,Negotiating with customers to determine type and degree of risk for which insurance is required.,C_G,0.6,12.1,0.44
3321,Insurance Salespeople,"Explaining details of insurance and conditions, risk coverage premiums and benefits to customers.",C_G,0.58,12.1,0.48
3321,Insurance Salespeople,"Assisting clients to determine the type and level of coverage required, calculating premiums and establishing method of payment.",C_G,0.6,12.1,0.44
3321,Insurance Salespeople,"Advising on, negotiating terms for and placing insurance contracts for large or special types of projects, installations or risks.",C_G,0.6,12.1,0.44
3323,Wholesale Purchasers,Buy merchandise or commodities for resale to wholesale or retail consumers.,C_G,0.55,15.8,0.54
3323,Wholesale Purchasers,"Negotiate prices, discount terms, or transportation arrangements with suppliers.",C_G,0.6,13.9,0.44
3323,Wholesale Purchasers,"Hire, train, or supervise purchasing clerks, buyers, and expediters.",S_E,0.65,11.6,0.083
3323,Wholesale Purchasers,"Obtaining information about requirements and stock and developing specifications for quantity and quality to be purchased, costs, delivery dates and other contract conditions.",C_G,0.6,8.4,0.44
3323,Wholesale Purchasers,"Purchasing general and specialized equipment, materials or business services for use or for further processing by their establishment.",C_G,0.55,8.4,0.54
3323,Wholesale Purchasers,"Inviting tenders, consulting with suppliers and reviewing quotations.",C_G,0.6,8.4,0.44
3323,Wholesale Purchasers,"Studying market reports, trade periodicals and sales promotion materials and visiting trade shows, showrooms, factories and product design events.",C_G,0.6,8.4,0.44
3323,Wholesale Purchasers,Selecting the merchandise or products that best fit the establishment's requirements.,C_G,0.6,8.4,0.44
3323,Wholesale Purchasers,Overseeing distribution of merchandise to outlets and maintaining adequate stock levels.,S_E,0.5,8.4,0.231
3323,Wholesale Purchasers,"Establishing delivery schedules, monitoring progress and contacting clients and suppliers to resolve problems.",S_E,0.55,8.4,0.168
3351,Customs Officers,Patrolling national borders and coastal waters to stop persons from illegally entering or leaving the country and from illegally importing or exporting currency or goods.,Phi_U,0.55,13.1,0.039
3351,Customs Officers,Checking travel documents of persons crossing national borders to ensure that they have the necessary authorizations and certificates.,Phi_U,0.43,13.1,0.096
3351,Customs Officers,Inspecting the luggage of persons crossing national borders to ensure that it conforms to government rules and regulations concerning import or export of goods and currencies.,Phi_U,0.43,14.9,0.096
3351,Customs Officers,Detaining persons and seizing prohibited and undeclared goods found to be in violation of immigration and customs laws.,Phi_U,0.48,13.1,0.067
3351,Customs Officers,"Co-ordinating and co-operating with other agencies involved in law enforcement, deportation and prosecution.",S_E,0.48,13.1,0.261
3351,Customs Officers,"Performing related administrative tasks to record findings, transactions, violations and determinations.",C_R,0.43,19.6,0.933
3351,Customs Officers,"When necessary, testifying in a court of law about the circumstances and results of investigations carried out.",C_G,0.48,13.1,0.673
3354,Government Licensing Inspectors,Evaluate information on applications to verify completeness and accuracy and to determine whether applicants are qualified to obtain desired licenses.,C_R,0.43,18.6,0.933
3354,Government Licensing Inspectors,"Perform administrative tasks, such as answering telephone calls, filing court documents, or maintaining office supplies or equipment.",C_R,0.28,22.7,0.979
3354,Government Licensing Inspectors,Examining applications and relevant documents and determining whether a licence can be granted and the conditions which should be attached.,C_G,0.48,11.7,0.673
3354,Government Licensing Inspectors,Examining applications and approving the issue of passports.,C_G,0.48,11.7,0.673
3354,Government Licensing Inspectors,"Performing related administrative tasks to process applications, document activities, evaluations and determinations, and to prepare correspondence to inform applicants of licensing decisions.",C_R,0.43,11.7,0.933
3354,Government Licensing Inspectors,Administering and scoring tests required to license applicants.,C_R,0.48,11.7,0.904
3354,Government Licensing Inspectors,"Identify specific conditions or restrictions to be attached to licences issued, referring exceptional or important cases to Senior government officials or Managers.",C_R,0.55,11.7,0.843
3354-electoral,Electoral Officers,Evaluate information on applications to verify completeness and accuracy and to determine whether applicants are qualified to obtain desired licenses.,C_R,0.43,15.6,0.933
3354-electoral,Electoral Officers,"Perform administrative tasks, such as answering telephone calls, filing court documents, or maintaining office supplies or equipment.",C_R,0.28,19.1,0.979
3354-electoral,Electoral Officers,"Question applicants to obtain required information, such as name, address, or age, and record data on prescribed forms.",C_R,0.43,15.3,0.933
3354-electoral,Electoral Officers,Prepare meeting agendas or packets of related information.,C_G,0.48,15.1,0.673
3354-electoral,Electoral Officers,"Participate in the administration of municipal elections, such as preparation or distribution of ballots, appointment or training of election officers, or tabulation or certification of results.",S_E,0.48,15.1,0.261
3354-electoral,Electoral Officers,Examining applications and relevant documents and determining whether a licence can be granted and the conditions which should be attached.,C_G,0.48,9.9,0.673
3354-electoral,Electoral Officers,"Performing related administrative tasks to process applications, document activities, evaluations and determinations, and to prepare correspondence to inform applicants of licensing decisions.",C_R,0.43,9.9,0.933
3411,Paralegals,"Prepare briefs, legal memoranda, or statements of issues involved in cases, including appropriate suggestions or recommendations.",C_G,0.48,17.0,0.673
3411,Paralegals,"Examine documentation such as mortgages, liens, judgments, easements, plat books, maps, contracts, and agreements to verify factors such as properties' legal descriptions, ownership, or restrictions.",C_R,0.43,18.7,0.933
3411,Paralegals,Documenting court proceedings and judgements.,C_G,0.48,10.7,0.673
3411,Paralegals,"Serving statements of claims, summonses, warrants, subpoenas and other court orders.",Phi_U,0.48,10.7,0.067
3411,Paralegals,"Preparing legal documents including trial briefs, pleadings, appeals, wills and contracts and preparing, papers summarising legal positions, or setting out conditions of loans or insurance.",C_R,0.48,10.7,0.904
3411,Paralegals,"Investigating facts, assembling evidence and researching relevant statutes, decisions and other legal documents to prepare cases.",C_G,0.7,10.7,0.261
3411,Paralegals,Advising clients on legal matters.,C_G,0.7,10.7,0.261
3411,Paralegals,"Preparing documents relating to transfer of real estate, stocks or other matters requiring formal registration.",C_G,0.48,10.7,0.673
3411-court,Court Clerks,"Perform administrative tasks, such as answering telephone calls, filing court documents, or maintaining office supplies or equipment.",C_R,0.28,16.3,0.979
3411-court,Court Clerks,"Record case dispositions, court orders, or arrangements made for payment of court fees.",C_R,0.43,15.5,0.933
3411-court,Court Clerks,Examine legal documents submitted to courts for adherence to laws or court procedures.,C_G,0.48,15.5,0.673
3411-court,Court Clerks,Documenting court proceedings and judgements.,C_G,0.48,10.5,0.673
3411-court,Court Clerks,"Serving statements of claims, summonses, warrants, subpoenas and other court orders.",Phi_U,0.48,10.5,0.067
3411-court,Court Clerks,Maintaining order in court and hearing rooms.,S_E,0.48,10.5,0.261
3411-court,Court Clerks,"Preparing legal documents including trial briefs, pleadings, appeals, wills and contracts and preparing, papers summarising legal positions, or setting out conditions of loans or insurance.",C_R,0.48,10.5,0.904
3411-court,Court Clerks,"Preparing documents relating to transfer of real estate, stocks or other matters requiring formal registration.",C_G,0.48,10.5,0.673
3435,Cultural Specialists,"Create worksheets for dressing lists, show notes, or costume checks.",C_G,0.43,15.4,0.754
3435,Cultural Specialists,Arrange costumes in order of use to facilitate quick-change procedures for performances.,Phi_U,0.4,15.2,0.119
3435,Cultural Specialists,Examine costume fit on cast members and sketch or write notes for alterations.,Phi_U,0.42,14.6,0.103
3435,Cultural Specialists,"Design or construct costumes or send them to tailors for construction, major repairs, or alterations.",Phi_U,0.58,14.6,0.031
3435,Cultural Specialists,Clean and press costumes before and after performances and perform any minor repairs.,Phi_U,0.58,14.2,0.031
3435,Cultural Specialists,"Monitor, maintain, or secure inventories of costumes, wigs, or makeup, providing keys or access to assigned directors, costume designers, or wardrobe mistresses/masters.",Phi_U,0.43,13.5,0.096
3435,Cultural Specialists,"Participate in the hiring, training, scheduling, or supervision of alteration workers.",S_E,0.48,12.5,0.261
3521,Broadcasting Technician,"Regulate volume level and sound quality during recording sessions, using control consoles.",C_R,0.43,11.6,0.933
3521,Broadcasting Technician,"Operate television or motion picture cameras to record scenes for television broadcasts, advertising, or motion pictures.",Phi_S,0.5,11.6,0.421
3521,Broadcasting Technician,"Record speech, music, and other sounds on recording media, using recording equipment.",C_R,0.43,12.8,0.933
3521,Broadcasting Technician,"Report equipment problems, ensure that repairs are made, and make emergency repairs to equipment when necessary and possible.",Phi_U,0.68,11.0,0.014
3521,Broadcasting Technician,"Confer with directors, sound and lighting technicians, electricians, and other crew members to discuss assignments and determine filming sequences, desired effects, camera movements, and lighting r...",C_G,0.6,10.8,0.44
3521,Broadcasting Technician,"Monitor strength, clarity, and reliability of incoming and outgoing signals, and adjust equipment as necessary to maintain quality broadcasts.",C_G,0.6,10.8,0.44
3521,Broadcasting Technician,Controlling equipment to edit and mix image and sound recordings to ensure satisfactory quality and to create special image and sound effects.,C_G,0.6,7.3,0.44
3521,Broadcasting Technician,Applying knowledge of principles and practices of image and sound recording and editing in order to identify and solve problems.,C_G,0.55,8.4,0.54
3521,Broadcasting Technician,Controlling transmitting and broadcast systems and satellite systems for radio and television programmes.,C_R,0.48,8.4,0.904
3521,Broadcasting Technician,Making emergency repairs to equipment.,Phi_U,0.76,7.3,0.008
4211,Bank Tellers,"Balance currency, coin, and checks in cash drawers at ends of shifts and calculate daily transactions, using computers, calculators, or adding machines.",C_R,0.43,12.1,0.933
4211,Bank Tellers,Monitor bank vaults to ensure cash balances are correct.,C_R,0.43,12.1,0.933
4211,Bank Tellers,"Count currency, coins, and checks received, by hand or using currency-counting machine, to prepare them for deposit or shipment to branch banks or the Federal Reserve Bank.",C_R,0.43,11.9,0.933
4211,Bank Tellers,"Sell and collect payment for products such as stamps, prepaid mail envelopes, and money orders.",C_R,0.43,14.3,0.933
4211,Bank Tellers,"Process transactions, such as term deposits, retirement savings plan contributions, automated teller transactions, night deposits, and mail deposits.",C_R,0.43,11.7,0.933
4211,Bank Tellers,"Process customer cash deposits and withdrawals, cheques, transfers, bills, credit card payments, money orders, certified cheques and other related banking transactions.",C_R,0.43,7.6,0.933
4211,Bank Tellers,Crediting and debiting clients' accounts.,C_R,0.58,7.6,0.808
4211,Bank Tellers,Paying bills and making money transfers on clients' behalf.,C_R,0.43,7.6,0.933
4211,Bank Tellers,"Changing money from one currency to another, as requested by clients.",C_R,0.43,7.6,0.933
4211,Bank Tellers,Making records of all transactions and reconciling them with cash balance.,C_R,0.43,7.6,0.933
4222,Contact Centre Info Clerks,Contact customers to respond to inquiries or to notify them of claim investigation results or any planned adjustments.,C_R,0.43,16.8,0.933
4222,Contact Centre Info Clerks,"Dealing with incoming calls and messages from clients, whether to answer queries, handle calls for service or sort out complaints.",C_G,0.58,11.9,0.48
4222,Contact Centre Info Clerks,Identifying requirements and entering events into a computer system.,C_R,0.43,11.9,0.933
4222,Contact Centre Info Clerks,"Dispatching tasks to other units, when relevant.",C_R,0.43,11.9,0.933
4222,Contact Centre Info Clerks,"Invoicing or handling payments, where necessary.",C_R,0.43,11.9,0.933
4222,Contact Centre Info Clerks,"Sending letters, information sheets and other documents to clients.",C_R,0.43,11.9,0.933
4222,Contact Centre Info Clerks,Advising clients of additional products or services.,C_G,0.65,11.9,0.345
4222,Contact Centre Info Clerks,"Process financial transactions using the telephone or electronic communications media, such as email.",C_R,0.43,11.9,0.933
4311,Bookkeepers,Verify accuracy of billing data and revise any errors.,C_R,0.43,10.7,0.933
4311,Bookkeepers,"Operate computers programmed with accounting software to record, store, and analyze information.",C_G,0.6,12.9,0.44
4311,Bookkeepers,"Check figures, postings, and documents for correct entry, mathematical accuracy, and proper codes.",C_R,0.43,11.9,0.933
4311,Bookkeepers,Resolve discrepancies in accounting records.,C_R,0.58,10.2,0.808
4311,Bookkeepers,"Prepare itemized statements, bills, or invoices and record amounts due for items purchased or services rendered.",C_R,0.43,10.2,0.933
4311,Bookkeepers,"Prepare bank deposits by compiling data from cashiers, verifying and balancing receipts, and sending cash, checks, or other forms of payment to banks.",C_R,0.43,10.2,0.933
4311,Bookkeepers,"Operate typing, adding, calculating, or billing machines.",C_R,0.35,9.8,0.964
4311,Bookkeepers,Post stop-payment notices to prevent payment of protested checks.,C_R,0.43,9.8,0.933
4311,Bookkeepers,"Classifying, recording, and summarizing numerical and financial data to compile and keep financial records, using journals and ledgers or computers.",C_R,0.43,7.7,0.933
4311,Bookkeepers,Verifying duties to obtain primary financial data for use in maintaining accounting records.,C_R,0.58,6.6,0.808
4323,Transport Clerks,"Schedule or dispatch workers, work crews, equipment, or service vehicles to appropriate locations, according to customer requests, specifications, or needs, using radios or telephones.",S_E,0.55,12.5,0.168
4323,Transport Clerks,Prepare daily work and run schedules.,C_R,0.55,13.7,0.843
4323,Transport Clerks,Receive or prepare work orders.,C_R,0.55,11.4,0.843
4323,Transport Clerks,"Record and maintain files or records of customer requests, work or services performed, charges, expenses, inventory, or other dispatch information.",C_R,0.28,13.1,0.979
4323,Transport Clerks,Arrange for necessary repairs to restore service and schedules.,C_R,0.58,11.3,0.808
4323,Transport Clerks,Monitor personnel or equipment locations and utilization to coordinate service and schedules.,C_R,0.55,11.3,0.843
4323,Transport Clerks,Keeping records of operational aspects and coordinating the timing of passenger and freight transport.,C_R,0.55,10.0,0.843
4323,Transport Clerks,Directing train routings within a division or zone of a railway system and keeping related records.,S_E,0.55,8.8,0.168
4323,Transport Clerks,"Coordinating and keeping records of operational activities concerning road transport, such as allocation and scheduling of vehicles and drivers, loading and unloading of vehicles and storage of…",C_R,0.4,7.8,0.947
4323-dispatch,Control Centre Ops,Question callers to determine their locations and the nature of their problems to determine type of response needed.,S_E,0.55,11.3,0.168
4323-dispatch,Control Centre Ops,"Determine response requirements and relative priorities of situations, and dispatch units in accordance with established procedures.",S_E,0.48,11.2,0.261
4323-dispatch,Control Centre Ops,"Schedule or dispatch workers, work crews, equipment, or service vehicles to appropriate locations, according to customer requests, specifications, or needs, using radios or telephones.",S_E,0.55,11.0,0.168
4323-dispatch,Control Centre Ops,Prepare daily work and run schedules.,C_R,0.55,10.8,0.843
4323-dispatch,Control Centre Ops,"Relay work orders, messages, or information to or from work crews, supervisors, or field inspectors, using telephones or two-way radios.",S_E,0.55,10.6,0.168
4323-dispatch,Control Centre Ops,"Maintain access to, and security of, highly sensitive materials.",Phi_S,0.55,10.6,0.327
4323-dispatch,Control Centre Ops,Operate and maintain mobile dispatch vehicles and equipment.,Phi_S,0.55,10.6,0.327
4323-dispatch,Control Centre Ops,Keeping records of operational aspects and coordinating the timing of passenger and freight transport.,C_R,0.55,9.0,0.843
4323-dispatch,Control Centre Ops,Directing train routings within a division or zone of a railway system and keeping related records.,S_E,0.55,8.1,0.168
4323-dispatch,Control Centre Ops,"Coordinating and keeping records of operational activities concerning road transport, such as allocation and scheduling of vehicles and drivers, loading and unloading of vehicles and storage of…",S_E,0.4,6.8,0.401
5113,Travel Guides,"Describe tour points of interest to group members, and respond to questions.",C_G,0.55,13.4,0.54
5113,Travel Guides,"Escort individuals or groups on cruises, sightseeing tours, or through places of interest, such as industrial establishments, public buildings, or art galleries.",Phi_U,0.43,13.1,0.096
5113,Travel Guides,"Plan tour itineraries, applying knowledge of travel routes and destination sites.",C_G,0.55,11.3,0.54
5113,Travel Guides,Monitor visitors' activities to ensure compliance with establishment or tour regulations and safety practices.,Phi_U,0.55,12.6,0.039
5113,Travel Guides,"Resolve any problems with itineraries, service, or accommodations.",C_G,0.6,12.6,0.44
5113,Travel Guides,Escorting and guiding tourists on cruises and sightseeing tours.,Phi_U,0.43,7.4,0.096
5113,Travel Guides,Conducting educational activities for school children.,C_G,0.6,7.4,0.44
5113,Travel Guides,"Greeting and registering visitors and tour participants, and issuing any required identification badges or safety devices.",C_R,0.43,7.4,0.933
5113,Travel Guides,"Distributing brochures, showing audiovisual presentations, and explaining procedures and operations at tour sites.",C_R,0.43,7.4,0.933
5113,Travel Guides,"Providing for physical safety of groups, and performing activities such as providing first aid and directing emergency evacuations.",S_E,0.68,7.4,0.067
5120,Cooks,"Peel, wash, trim, and cook vegetables and meats, and bake breads and pastries.",Phi_U,0.43,10.8,0.096
5120,Cooks,"Ensure food is stored and cooked at correct temperature by regulating temperature of ovens, broilers, grills, and roasters.",Phi_U,0.43,12.9,0.096
5120,Cooks,"Inspect and clean food preparation areas, such as equipment, work surfaces, and serving areas, to ensure safe and sanitary food-handling practices.",Phi_U,0.43,10.6,0.096
5120,Cooks,"Cook foodstuffs according to menus, special dietary or nutritional restrictions, or numbers of portions to be served.",Phi_U,0.43,10.6,0.096
5120,Cooks,"Ensure freshness of food and ingredients by checking for quality, keeping track of old and new items, and rotating stock.",Phi_U,0.43,10.6,0.096
5120,Cooks,Season and cook food according to recipes or personal judgment and experience.,Phi_U,0.43,10.6,0.096
5120,Cooks,"Planning meals, preparing and cooking foodstuffs.",Phi_U,0.43,7.7,0.096
5120,Cooks,"Planning, supervising and coordinating the work of kitchen helpers.",S_E,0.55,6.6,0.168
5120,Cooks,"Weighing, measuring and mixing ingredients according to recipes and personal judgement.",Phi_U,0.43,6.6,0.096
5120,Cooks,"Inspecting and cleaning the kitchen, kitchen equipment, serving areas, etc. to ensure safe and sanitary food handling practices.",Phi_U,0.43,6.6,0.096
5120,Cooks,"Operating large ?volume cooking equipment such as grills, deep-fat fryers, or griddles.",Phi_U,0.43,6.6,0.096
5131,Waiters,"Write patrons' food orders on order slips, memorize orders, or enter orders into computers for transmittal to kitchen staff.",C_R,0.35,15.5,0.964
5131,Waiters,"Clean or sterilize dishes, kitchen utensils, equipment, or facilities.",Phi_U,0.3,13.1,0.231
5131,Waiters,"Remove dishes and glasses from tables or counters, and take them to kitchen for cleaning.",Phi_U,0.3,13.1,0.231
5131,Waiters,"Serve food or beverages to patrons, and prepare or serve specialty dishes at tables as required.",Phi_U,0.43,16.6,0.096
5131,Waiters,"Setting tables with clean linen, cutlery, crockery and glassware.",Phi_U,0.3,8.3,0.231
5131,Waiters,Greeting customers and presenting them with menus and beverage lists.,C_R,0.43,8.3,0.933
5131,Waiters,Advising on food and beverage choices.,C_G,0.6,8.3,0.44
5131,Waiters,Clearing tables and returning dishes and cutlery to kitchen.,Phi_U,0.43,8.3,0.096
5131,Waiters,"Presenting bills, accepting payment and operating point of sales machines and cash registers.",C_R,0.35,8.3,0.964
5131-sommelier,Sommeliers,"Write patrons' food orders on order slips, memorize orders, or enter orders into computers for transmittal to kitchen staff.",C_R,0.35,11.8,0.964
5131-sommelier,Sommeliers,Take orders from patrons for food or beverages.,C_R,0.43,10.2,0.933
5131-sommelier,Sommeliers,"Remove dishes and glasses from tables or counters, and take them to kitchen for cleaning.",Phi_U,0.3,10.0,0.231
5131-sommelier,Sommeliers,Clean tables or counters after patrons have finished dining.,Phi_U,0.3,10.0,0.231
5131-sommelier,Sommeliers,"Serve food or beverages to patrons, and prepare or serve specialty dishes at tables as required.",Phi_U,0.43,13.0,0.096
5131-sommelier,Sommeliers,"Prepare tables for meals, including setting up items such as linens, silverware, and glassware.",Phi_U,0.43,10.7,0.096
5131-sommelier,Sommeliers,"Roll silverware, set up food stations, or set up dining areas to prepare for the next shift or for large parties.",Phi_U,0.43,9.2,0.096
5131-sommelier,Sommeliers,Greeting customers and presenting them with menus and beverage lists.,C_R,0.43,6.3,0.933
5131-sommelier,Sommeliers,Advising on food and beverage choices.,C_G,0.6,6.3,0.44
5131-sommelier,Sommeliers,Clearing tables and returning dishes and cutlery to kitchen.,Phi_U,0.43,6.3,0.096
5131-sommelier,Sommeliers,"Presenting bills, accepting payment and operating point of sales machines and cash registers.",C_R,0.55,6.3,0.843
5141,Barbers,"Clean and sterilize scissors, combs, clippers, and other instruments.",Phi_U,0.3,11.3,0.231
5141,Barbers,Clean work stations and sweep floors.,Phi_U,0.3,10.7,0.231
5141,Barbers,Train workers in proper operational procedures and functions and explain company policies.,C_G,0.7,10.3,0.261
5141,Barbers,Schedule client appointments.,C_R,0.28,10.3,0.979
5141,Barbers,"Update and maintain customer information records, such as beauty services provided.",C_R,0.43,11.3,0.933
5141,Barbers,Demonstrate and sell hair care products and cosmetics.,Phi_U,0.43,11.3,0.096
5141,Barbers,"Cutting, washing, tinting and waving hair.",Phi_U,0.43,7.0,0.096
5141,Barbers,Shaving or trimming beards and moustaches.,Phi_U,0.6,7.0,0.027
5141,Barbers,Styling hair into dreadlocks and braids and adding hair extensions.,Phi_U,0.43,7.0,0.096
5141,Barbers,Arranging appointments and collecting payments.,C_R,0.3,7.0,0.975
5141,Barbers,Cleaning work areas and sanitizing instruments.,Phi_U,0.3,7.0,0.231
5163,Undertakers and Embalmers,Conform to laws of health and sanitation and ensure that legal requirements concerning embalming are met.,Phi_U,0.7,15.6,0.012
5163,Undertakers and Embalmers,Oversee the preparation and care of the remains of people who have died.,Phi_U,0.6,13.0,0.027
5163,Undertakers and Embalmers,"Perform embalming duties, as necessary.",Phi_U,0.6,12.7,0.027
5163,Undertakers and Embalmers,"Consult with families or friends of the deceased to arrange funeral details, such as obituary notice wording, casket selection, or plans for services.",C_G,0.6,12.7,0.44
5163,Undertakers and Embalmers,Dress bodies and place them in caskets.,Phi_U,0.6,14.2,0.027
5163,Undertakers and Embalmers,"Making arrangements for, and conducting, funerals, cremations and burials.",C_G,0.6,7.9,0.44
5163,Undertakers and Embalmers,Embalming human bodies to retard or arrest the process of decay.,Phi_U,0.76,7.9,0.008
5163,Undertakers and Embalmers,Incising and closing incisions on various parts of the body and reshaping or reconstructing disfigured or maimed bodies when necessary.,Phi_U,0.6,7.9,0.027
5163,Undertakers and Embalmers,"Conducting interviews to arrange for preparation of obituary notices, to assist with the selection of caskets or urns, and to determine the location and time of burials or cremations.",C_G,0.6,7.9,0.44
5164,Animal Care Workers,Feed and water animals according to schedules and feeding instructions.,Phi_U,0.6,10.4,0.027
5164,Animal Care Workers,Hold or restrain animals during veterinary procedures.,Phi_U,0.76,11.8,0.008
5164,Animal Care Workers,"Provide treatment to sick or injured animals, or contact veterinarians to secure treatment.",Phi_U,0.7,10.0,0.012
5164,Animal Care Workers,"Clean and maintain kennels, animal holding areas, examination or operating rooms, or animal loading or unloading facilities to control the spread of disease.",Phi_U,0.48,10.0,0.067
5164,Animal Care Workers,"Perform routine laboratory tests or diagnostic tests, such as taking or developing x-rays.",C_R,0.52,9.8,0.872
5164,Animal Care Workers,"Mix food, liquid formulas, medications, or food supplements according to instructions, prescriptions, and knowledge of animal species.",C_G,0.52,9.6,0.599
5164,Animal Care Workers,Cleaning and sterilising veterinary surgical instruments.,Phi_U,0.42,6.4,0.103
5164,Animal Care Workers,"Labelling drugs, chemicals and other pharmaceutical preparations and replenishing stock.",C_R,0.6,6.4,0.782
5164,Animal Care Workers,"Cleaning, organizing, and disinfecting animal quarters such as pens, stables, cages, and yards, and animal equipment such as saddles and bridles.",Phi_U,0.3,6.4,0.231
5164,Animal Care Workers,"Collecting and recording animal information such as weight, size, physical condition and, treatments received, medications given, and food intake.",C_R,0.43,6.4,0.933
5164,Animal Care Workers,"Training animals to develop and maintain desired animal behaviors for competition, entertainment, obedience, security, riding and other activities.",Phi_U,0.48,6.4,0.067
5164,Animal Care Workers,"Grooming animals by performing tasks such as washing, brushing, clipping, and trimming coats, cutting nails and cleaning ears.",Phi_U,0.43,6.4,0.096
5211,Market Salespersons,Deliver merchandise and collect payment.,Phi_U,0.43,10.4,0.096
5211,Market Salespersons,Write and record orders for merchandise or enter orders into computers.,C_R,0.43,10.3,0.933
5211,Market Salespersons,Arrange buying parties and solicit sponsorship of such parties to sell merchandise.,C_R,0.43,10.1,0.933
5211,Market Salespersons,"Circulate among potential customers or travel by foot, truck, automobile, or bicycle to deliver or sell merchandise or services.",Phi_U,0.55,9.4,0.039
5211,Market Salespersons,Set up and display sample merchandise at parties or stands.,Phi_U,0.43,8.9,0.096
5211,Market Salespersons,"Obtaining permission to set up a stand at a particular place in streets, markets or other open spaces.",C_R,0.43,8.3,0.933
5211,Market Salespersons,"Determining product mix, stock and price levels for goods to be sold.",C_G,0.55,7.1,0.54
5211,Market Salespersons,Buying or contracting a regular supply of goods to be sold from wholesale suppliers or directly from producers.,C_G,0.55,7.1,0.54
5211,Market Salespersons,"Erecting and dismantling stalls and stands, transporting, storing, loading and unloading goods for sale.",Phi_U,0.43,7.1,0.096
5211,Market Salespersons,Demonstrating and selling goods and accepting payment.,Phi_U,0.43,7.1,0.096
5211,Market Salespersons,"Stacking and displaying goods for sale, and wrapping and packing goods sold.",Phi_U,0.43,7.1,0.096
5211,Market Salespersons,Keeping accounts and maintaining a record of stock levels.,C_R,0.43,7.1,0.933
5222,Sales Supervisors,"Direct and supervise employees engaged in sales, inventory-taking, reconciling cash receipts, or in performing services for customers.",S_E,0.48,11.6,0.261
5222,Sales Supervisors,Examine merchandise to ensure that it is correctly priced and displayed and that it functions as advertised.,Phi_U,0.48,13.8,0.067
5222,Sales Supervisors,Monitor sales activities to ensure that customers receive satisfactory service and quality goods.,S_E,0.48,11.2,0.261
5222,Sales Supervisors,Instruct staff on how to handle difficult and complicated sales.,C_G,0.6,12.8,0.44
5222,Sales Supervisors,Assign employees to specific duties.,S_E,0.5,12.6,0.231
5222,Sales Supervisors,Ensuring that customers receive prompt service.,S_E,0.48,7.6,0.261
5222,Sales Supervisors,"Participating in and providing advice to managers on interviewing, hiring training, evaluating, promoting and dismissing staff, and resolving staff grievances.",S_E,0.6,7.6,0.119
5222,Sales Supervisors,Examining returned goods and deciding on appropriate action.,C_G,0.55,7.6,0.54
5222,Sales Supervisors,Taking inventory of goods for sale and ordering new stock.,C_R,0.43,7.6,0.933
5222,Sales Supervisors,Ensuring that safety procedures are enforced.,S_E,0.5,7.6,0.231
5223,Shop Salespersons,Maintain records related to sales.,C_R,0.43,12.4,0.933
5223,Shop Salespersons,"Compute sales prices, total purchases, and receive and process cash or credit payment.",C_R,0.43,12.7,0.933
5223,Shop Salespersons,"Locate and label parts, and maintain inventory of stock.",Phi_U,0.43,12.7,0.096
5223,Shop Salespersons,Prepare merchandise for purchase or rental.,Phi_U,0.43,12.7,0.096
5223,Shop Salespersons,Prepare sales slips or sales contracts.,C_R,0.43,12.4,0.933
5223,Shop Salespersons,"Open and close cash registers, performing tasks such as counting money, separating charge slips, coupons, and vouchers, balancing cash drawers, and making deposits.",C_R,0.43,12.1,0.933
5223,Shop Salespersons,"Determining customer requirements and advising on product range, price, delivery, warranties and product use and care.",C_G,0.6,8.4,0.44
5223,Shop Salespersons,Assisting with the ongoing management of stock such as product inventories and participating in stock takes.,Phi_U,0.43,8.4,0.096
5223,Shop Salespersons,"Stacking and displaying goods for sale, and wrapping and packing goods sold.",Phi_U,0.43,8.4,0.096
5311,Child Care Workers,"Instruct and assist children in the development of health and personal habits, such as eating, resting, and toilet behavior.",Phi_U,0.6,16.0,0.027
5311,Child Care Workers,"Observe children's behavior for irregularities, take temperature, transport children to doctor, or administer medications, as directed, to maintain children's health.",Phi_U,0.42,14.7,0.103
5311,Child Care Workers,"Assisting children to wash, dress and feed themselves.",Phi_U,0.3,9.9,0.231
5311,Child Care Workers,Taking children to and from school or outdoors for recreation.,Phi_U,0.6,9.9,0.027
5311,Child Care Workers,"Playing games with children, or entertaining them by reading or storytelling.",Phi_U,0.6,9.9,0.027
5311,Child Care Workers,Managing children's behaviour and guiding their social development.,Phi_U,0.6,9.9,0.027
5311,Child Care Workers,"Disciplining children and recommending or initiating other measures to control behaviour, such as caring for own clothing and picking up toys and books.",C_G,0.6,9.9,0.44
5311,Child Care Workers,Observing and monitoring children's play activities.,Phi_U,0.6,9.9,0.027
5311,Child Care Workers,"Keeping records on individual children, including daily observations and information about activities, meals served, and medications administered.",C_R,0.48,9.9,0.904
5312,Teaching Assistants,Tutor and assist children individually or in small groups to help them master assignments and to reinforce learning concepts presented by teachers.,Phi_U,0.6,16.0,0.027
5312,Teaching Assistants,Teach social skills to students.,Phi_U,0.6,13.0,0.027
5312,Teaching Assistants,Discuss assigned duties with classroom teachers to coordinate instructional efforts.,C_G,0.6,13.0,0.44
5312,Teaching Assistants,"Present subject matter to students under the direction and guidance of teachers, using lectures, discussions, supervised role-playing methods, or by reading aloud.",Phi_U,0.6,12.7,0.027
5312,Teaching Assistants,"Demonstrating, supervising and participating in activities that enhance the physical, social, emotional and intellectual development of children in schools and preschools.",Phi_U,0.48,9.1,0.067
5312,Teaching Assistants,Assisting children individually to learn social skills.,Phi_U,0.6,9.1,0.027
5312,Teaching Assistants,"Assisting with preparing teaching materials, and copying and collating written and printed material.",C_R,0.35,9.1,0.964
5312,Teaching Assistants,"Operating audio-visual equipment, computers and other teaching aides.",C_R,0.3,9.1,0.975
5312,Teaching Assistants,Distributing and collecting lesson material.,Phi_U,0.6,9.1,0.027
5322,Care Workers,"Administer bedside or personal care, such as ambulation or personal hygiene assistance.",Phi_U,0.6,16.9,0.027
5322,Care Workers,"Maintain records of patient care, condition, progress, or problems to report and discuss observations with supervisor or case manager.",C_R,0.42,11.9,0.938
5322,Care Workers,"Instruct or advise clients on issues, such as household cleanliness, utilities, hygiene, nutrition, or infant care.",C_G,0.6,11.9,0.44
5322,Care Workers,"Care for individuals or families during periods of incapacitation, family disruption, or convalescence, providing companionship, personal care, or help in adjusting to new lifestyles.",Phi_U,0.6,11.9,0.027
5322,Care Workers,"Positioning and lifting clients with physical mobility challenges, and helping transport them in wheelchairs and motor vehicles.",Phi_U,0.6,7.9,0.027
5322,Care Workers,"Providing clients and families with emotional support and information and advice on topics such as nutrition, hygiene, exercise, caring for infants, or adapting to disability or illness.",C_G,0.6,7.9,0.44
5322,Care Workers,"Maintaining clients' environmental hygiene standards, such as changing bed linen, washing clothes and dishes, and cleaning living quarters.",Phi_U,0.3,7.9,0.231
5322,Care Workers,"Planning, purchasing, preparing, or serving meals to meet nutritional requirements and prescribed diets.",Phi_U,0.7,7.9,0.012
5322,Care Workers,Providing support to parents and care for newborns during the postpartum period (i) scheduling and accompanying clients for appointments with medical doctors and other health professionals or perfo...,Phi_U,0.6,7.9,0.027
5322,Care Workers,"Assistance with activities of daily living to persons who are in need of such care due to effects of ageing, illness, injury, or other physical or mental condition in private homes.",Phi_U,0.6,7.9,0.027
5412,Police Officers,"Identify, pursue, and arrest suspects and perpetrators of criminal acts.",Phi_U,0.76,11.3,0.008
5412,Police Officers,"Provide for public safety by maintaining order, responding to emergencies, protecting people and property, enforcing motor vehicle and criminal laws, and promoting good community relations.",Phi_U,0.68,13.0,0.014
5412,Police Officers,"Monitor, note, report, and investigate suspicious persons and situations, safety hazards, and unusual or illegal activity in patrol area.",Phi_S,0.55,9.1,0.327
5412,Police Officers,Testify in court to present evidence or act as witness in traffic and criminal cases.,C_G,0.48,9.1,0.673
5412,Police Officers,Monitor traffic to ensure motorists observe traffic regulations and exhibit safe driving procedures.,Phi_S,0.55,9.0,0.327
5412,Police Officers,Relay complaint and emergency-request information to appropriate agency dispatchers.,C_G,0.45,9.0,0.723
5412,Police Officers,"Drive vehicles or patrol specific areas to detect law violators, issue citations, and make arrests.",Phi_S,0.55,9.0,0.327
5412,Police Officers,"Supervise and coordinate the investigation of criminal cases, offering guidance and expertise to investigators, and ensuring that procedures are conducted in accordance with laws and regulations.",C_G,0.55,9.0,0.54
5412,Police Officers,"Patrol and guard courthouses, grand jury rooms, or assigned areas to provide security, enforce laws, maintain order, and arrest violators.",Phi_U,0.55,8.8,0.039
5412,Police Officers,Directing traffic and assuming authority in the event of accidents.,C_G,0.48,6.3,0.673
5412,Police Officers,"Providing emergency assistance to victims of accidents, crimes and natural disasters.",Phi_U,0.68,6.3,0.014
6113,Horticulturalists,"Tour grounds, such as parks, botanical gardens, cemeteries, or golf courses, to inspect conditions of plants and soil.",Phi_U,0.43,12.5,0.096
6113,Horticulturalists,"Monitoring market activity and conditions determining kinds and amounts of vegetables, horticultural and nursery products to be grown and planning and coordinating production accordingly.",S_E,0.55,8.8,0.168
6113,Horticulturalists,"Preparing land by conditioning soil, levelling ground and installing and operating irrigation and drainage systems.",Phi_U,0.58,8.8,0.031
6113,Horticulturalists,"Planting trees, hedges, garden plants, grass.",Phi_U,0.43,8.8,0.096
6113,Horticulturalists,"Pruning and trimming trees, shrubs and hedges, installing plant supports and protection, and rolling, mowing aerating and edging lawns.",Phi_U,0.58,8.8,0.031
6113,Horticulturalists,"Constructing features and facilities within gardens, such as paths or paved areas, walls, rockeries, garden beds ponds and water features, sheds and fences.",Phi_U,0.58,8.8,0.031
6113,Horticulturalists,"Checking the health of plants and trees, identifying and treating weeds, pests and diseases, and applying mulch and fertilizers.",Phi_U,0.43,8.8,0.096
6113,Horticulturalists,"Producing saplings, bulbs and seeds and raising plants from seeds or cuttings.",Phi_U,0.43,8.8,0.096
6113,Horticulturalists,"Harvesting crops inspecting, cleaning, grading, packaging, storing and loading products for sale or delivery to market.",Phi_U,0.43,8.8,0.096
6113,Horticulturalists,"Maintaining buildings, greenhouses and other structures, equipment and water supply systems.",Phi_U,0.42,16.9,0.103
6121,Livestock Farmers,Examine animals to detect symptoms of illness or injury.,Phi_U,0.42,13.0,0.103
6121,Livestock Farmers,"Monitoring market activity and conditions, determining kinds and amounts of stock to produce, planning and coordinating production accordingly.",S_E,0.55,8.7,0.168
6121,Livestock Farmers,Cultivating pastures and providing and monitoring fodder and water supplies to maintain appropriate nutritional levels and condition of livestock.,Phi_U,0.42,8.7,0.103
6121,Livestock Farmers,"Monitoring and examining animals to detect illness, injury, or disease, and to check physical condition such as rate of weight gain.",Phi_U,0.45,8.7,0.083
6121,Livestock Farmers,"Grooming , marking, clipping, trimming, drenching and/or castrating animals and shearing coats to collect hair or wool.",Phi_U,0.43,8.7,0.096
6121,Livestock Farmers,"Herding livestock to pastures for grazing or to scales, sheds, vehicles, or other enclosures.",Phi_U,0.43,8.7,0.096
6121,Livestock Farmers,Milking animals by hand or using milking machines.,Phi_U,0.42,8.7,0.103
6121,Livestock Farmers,"Mixing feed, additives, and medicines in prescribed portions and distributing or hand-feeding to animals for consumption.",Phi_U,0.4,8.7,0.119
6121,Livestock Farmers,"Performing duties related to livestock reproduction, such as breeding, artificial insemination, and helping with animal births.",Phi_U,0.42,8.7,0.103
6121,Livestock Farmers,"Maintaining and cleaning farm buildings, machinery, equipment, and structures.",Phi_U,0.55,8.7,0.039
6121,Livestock Farmers,Slaughtering and skinning animals and preparing them for market.,Phi_U,0.42,8.7,0.103
6210,Forestry Workers,"Assessing sites for reforestation, selecting seedlings and planting trees using manual planting tools and establishing and caring for forest stands.",Phi_U,0.43,14.7,0.096
6210,Forestry Workers,Locating trees to be felled and estimating volume of timber.,Phi_U,0.42,12.2,0.103
6210,Forestry Workers,"Operating chainsaw and other power saws to thin young forest stands, trim, top and fell trees and saw them into logs.",Phi_U,0.42,12.2,0.103
6210,Forestry Workers,Shaping rough wooden products from logs at felling site.,Phi_U,0.42,12.2,0.103
6210,Forestry Workers,Stacking logs and loading them in chutes or floating them down rivers.,Phi_U,0.42,12.2,0.103
6210,Forestry Workers,"Keeping watch to detect forest fires, participating in fire fighting operations, completing fire fighting reports and maintaining fire fighting equipment.",Phi_U,0.76,12.2,0.008
6210,Forestry Workers,"Operating and maintaining a skidder, bulldozer or other prime mover to pull a variety of scarification or site preparation equipment over areas to be regenerated.",Phi_S,0.7,12.2,0.128
6210,Forestry Workers,"Collecting seed cones, pruning trees, assisting in planting surveys and marking trees for subsequent operations.",Phi_U,0.43,12.2,0.096
7112,Bricklayers and Masons,"Construct corners by fastening in plumb position a corner pole or building a corner pyramid of bricks, and filling in between the corners using a line from corner to corner to guide each course, or...",Phi_U,0.58,11.8,0.031
7112,Bricklayers and Masons,Apply and smooth mortar or other mixture over work surface.,Phi_U,0.42,13.6,0.103
7112,Bricklayers and Masons,"Reline or repair ladles and pouring spouts with refractory clay, using trowels.",Phi_U,0.58,11.0,0.031
7112,Bricklayers and Masons,"Dry and bake new linings by placing inverted linings over burners, building fires in ladles, or by using blowtorches.",Phi_U,0.76,10.4,0.008
7112,Bricklayers and Masons,"Fasten or fuse brick or other building material to structure with wire clamps, anchor holes, torch, or cement.",Phi_U,0.58,10.4,0.031
7112,Bricklayers and Masons,"Clean working surface to remove scale, dust, soot, or chips of brick and mortar, using broom, wire brush, or scraper.",Phi_U,0.3,9.9,0.231
7112,Bricklayers and Masons,"Chip slag from linings of ladles or remove linings when beyond repair, using hammers and chisels.",Phi_U,0.58,9.7,0.031
7112,Bricklayers and Masons,"Laying stone, brick and similar building blocks to construct or repair walls, partitions, fireplaces and other structures such as smokestacks, furnaces, converters, kilns and ovens, piers and abutm...",Phi_U,0.58,7.7,0.031
7112,Bricklayers and Masons,"Laying footpaths, kerbs and pavements.",Phi_U,0.42,7.7,0.103
7112,Bricklayers and Masons,"Laying bricks or other masonry to build patios, garden walls and other decorative installations.",Phi_U,0.58,7.7,0.031
7115,Finish Carpenters,"Build or repair cabinets, doors, frameworks, floors, or other wooden fixtures used in buildings, using woodworking machines, carpenter's hand tools, or power tools.",Phi_U,0.58,16.2,0.031
7115,Finish Carpenters,"Install structures or fixtures, such as windows, frames, floorings, trim, or hardware, using carpenters' hand or power tools.",Phi_U,0.58,15.2,0.031
7115,Finish Carpenters,"Making, altering and repairing structural and other woodwork at a work-bench and on a construction site.",Phi_U,0.58,11.4,0.031
7115,Finish Carpenters,"Constructing, erecting and installing heavy-framed wooden structures on building sites.",Phi_U,0.58,11.4,0.031
7115,Finish Carpenters,"Fitting, assembling and altering internal and external fixtures of buildings, such as walls, doors, door and window frames, facings and panelling.",Phi_U,0.42,11.4,0.103
7115,Finish Carpenters,"Making, repairing and fitting scenic equipment for theatrical performances, motion picture or television productions.",Phi_U,0.58,11.4,0.031
7115,Finish Carpenters,"Constructing, assembling, altering and repairing wooden fixtures and fittings in train coaches, aircraft, ships, boats, floats, and other vehicles.",Phi_U,0.58,11.4,0.031
7115,Finish Carpenters,Repair various types of structures.,Phi_U,0.58,11.4,0.031
7119,Skilled Trades Workers,"Install photovoltaic (PV) systems in accordance with codes and standards, using drawings, schematics, and instructions.",Phi_U,0.58,11.5,0.031
7119,Skilled Trades Workers,"Check electrical installation for proper wiring, polarity, grounding, or integrity of terminations.",Phi_U,0.43,11.3,0.096
7119,Skilled Trades Workers,"Test operation or functionality of mechanical, plumbing, electrical, and control systems.",Phi_U,0.58,11.0,0.031
7119,Skilled Trades Workers,"Assemble solar modules, panels, or support structures, as specified.",Phi_U,0.42,11.0,0.103
7119,Skilled Trades Workers,"Apply weather sealing to array, building, or support mechanisms.",Phi_U,0.58,11.0,0.031
7119,Skilled Trades Workers,Build containment areas prior to beginning abatement or decontamination work.,Phi_U,0.58,11.0,0.031
7119,Skilled Trades Workers,"Determine amount of air leakage in buildings, using a blower door machine.",Phi_U,0.42,10.9,0.103
7119,Skilled Trades Workers,"Climbing and performing miscellaneous construction and building maintenance work on tall structures such as towers, chimneys and spires.",Phi_U,0.58,7.4,0.031
7119,Skilled Trades Workers,Erecting temporary metal or wooden scaffolding on building sites.,Phi_U,0.58,7.4,0.031
7119,Skilled Trades Workers,Demolishing buildings and other structures.,Phi_U,0.42,7.4,0.103
7119-demolition,Demolition Workers,Tie specified lengths of delaying fuses into patterns in order to time sequences of explosions.,Phi_U,0.42,11.5,0.103
7119-demolition,Demolition Workers,"Place safety cones around blast areas to alert other workers of danger zones, and signal workers as necessary to ensure that they clear blast sites prior to explosions.",Phi_U,0.42,11.5,0.103
7119-demolition,Demolition Workers,"Place explosive charges in holes or other spots; then detonate explosives to demolish structures or to loosen, remove, or displace earth, rock, or other materials.",Phi_U,0.6,11.5,0.027
7119-demolition,Demolition Workers,"Connect electrical wire to primers, and cover charges or fill blast holes with clay, drill chips, sand, or other material.",Phi_U,0.58,11.0,0.031
7119-demolition,Demolition Workers,"Assemble and position equipment, explosives, and blasting caps in holes at specified depths, or load perforating guns or torpedoes with explosives.",Phi_U,0.42,10.9,0.103
7119-demolition,Demolition Workers,"Verify detonation of charges by observing control panels, or by listening for the sounds of blasts.",C_R,0.45,10.7,0.923
7119-demolition,Demolition Workers,"Move and store inventories of explosives, loaded perforating guns, and other materials, according to established safety procedures.",Phi_U,0.55,10.7,0.039
7119-demolition,Demolition Workers,"Climbing and performing miscellaneous construction and building maintenance work on tall structures such as towers, chimneys and spires.",Phi_U,0.58,7.4,0.031
7119-demolition,Demolition Workers,Erecting temporary metal or wooden scaffolding on building sites.,Phi_U,0.58,7.4,0.031
7119-demolition,Demolition Workers,Demolishing buildings and other structures.,Phi_U,0.42,7.4,0.103
7124,Thermal Insulators,"Measure and cut insulation for covering surfaces, using tape measures, handsaws, knives, and scissors.",Phi_U,0.42,11.9,0.103
7124,Thermal Insulators,"Apply, remove, and repair insulation on industrial equipment, pipes, ductwork, or other mechanical systems such as heat exchangers, tanks, and vessels, to help control noise and maintain temperatures.",Phi_U,0.58,9.7,0.031
7124,Thermal Insulators,"Select appropriate insulation, such as fiberglass, Styrofoam, or cork, based on the heat retaining or excluding characteristics of the material.",Phi_U,0.42,11.1,0.103
7124,Thermal Insulators,"Fit insulation around obstructions, and shape insulating materials and protective coverings as required.",Phi_U,0.42,11.0,0.103
7124,Thermal Insulators,"Determine the amounts and types of insulation needed, and methods of installation, based on factors such as location, surface shape, and equipment use.",Phi_U,0.42,9.3,0.103
7124,Thermal Insulators,Install sheet metal around insulated pipes with screws to protect the insulation from weather conditions or physical damage.,Phi_U,0.58,9.1,0.031
7124,Thermal Insulators,"Prepare surfaces for insulation application by brushing or spreading on adhesives, cement, or asphalt, or by attaching metal pins to surfaces.",Phi_U,0.42,9.0,0.103
7124,Thermal Insulators,"Remove old insulation, such as asbestos, following safety procedures.",Phi_U,0.42,7.5,0.103
7124,Thermal Insulators,"Applying slabs and sheets of insulating or sound-absorbing materials to walls, floors and ceilings of buildings.",Phi_U,0.42,7.5,0.103
7124,Thermal Insulators,"Examining plans, specifications and work sites to determine the type, quality and quantity of insulation material required.",Phi_U,0.42,6.6,0.103
7124,Thermal Insulators,"Applying insulating materials to exposed surfaces of equipment such as boilers, pipes and tanks.",Phi_U,0.42,7.5,0.103
7125,Glaziers,"Read and interpret blueprints or specifications to determine size, shape, color, type, or thickness of glass, location of framing, installation procedures, or staging or scaffolding materials requi...",C_G,0.6,11.1,0.44
7125,Glaziers,"Install pre-assembled metal or wood frameworks for windows or doors to be fitted with glass panels, using hand tools.",Phi_U,0.58,10.3,0.031
7125,Glaziers,"Fabricate or install metal sashes or moldings for glass installation, using aluminum or steel framing.",Phi_U,0.58,10.3,0.031
7125,Glaziers,"Cut, fit, install, repair, or replace glass or glass substitutes, such as plastic or aluminum, in building interiors or exteriors or in furniture or other products.",Phi_U,0.58,10.1,0.031
7125,Glaziers,"Drive trucks to installation sites and unload mirrors, glass equipment, or tools.",Phi_S,0.55,9.9,0.327
7125,Glaziers,"Cut and attach mounting strips, metal or wood moldings, rubber gaskets, or metal clips to surfaces in preparation for mirror installation.",Phi_U,0.42,9.7,0.103
7125,Glaziers,Cut and remove broken glass prior to installing replacement glass.,Phi_U,0.58,9.5,0.031
7125,Glaziers,"Selecting the type of glass to be used, cutting to right size and shape and installing in windows, doors, showers and partitions of buildings.",Phi_U,0.58,7.3,0.031
7125,Glaziers,"Installing glass and mirrors in skylights, display cases, interior walls and ceilings.",Phi_U,0.58,7.3,0.031
7125,Glaziers,Installing or replacing windscreens in vehicles or boats.,Phi_U,0.58,7.3,0.031
7125,Glaziers,"Creating decorative glass features such as glass walls, staircases, balustrades and stained-glass windows.",Phi_U,0.7,7.3,0.012
7126,Plumbers,Cut pipes to required lengths.,Phi_U,0.42,11.2,0.103
7126,Plumbers,"Install underground storm, sanitary, or water piping systems, extending piping as needed to connect fixtures and plumbing.",Phi_U,0.58,10.7,0.031
7126,Plumbers,"Assemble pipe sections, tubing, or fittings, using couplings, clamps, screws, bolts, cement, plastic solvent, caulking, or soldering, brazing, or welding equipment.",Phi_U,0.58,10.7,0.031
7126,Plumbers,"Locate and mark the position of pipe installations, connections, passage holes, or fixtures in structures, using measuring instruments such as rulers or levels.",Phi_U,0.42,10.7,0.103
7126,Plumbers,"Cut, thread, or hammer pipes to specifications, using tools such as saws, cutting torches, pipe threaders, or pipe benders.",Phi_U,0.42,10.6,0.103
7126,Plumbers,Install or repair sanitary or stormwater sewer structures or pipe systems.,Phi_U,0.58,11.9,0.031
7126,Plumbers,Align and position pipes to prepare them for welding or sealing.,Phi_U,0.58,10.6,0.031
7126,Plumbers,"Installing gas appliances, dishwashers and water heaters, sinks and toilets using hand and power tools.",Phi_U,0.58,7.8,0.031
7126,Plumbers,"Laying clay, concrete or cast-iron pipes in ditches to form sewers, drains or water mains, or for other purposes.",Phi_U,0.42,7.8,0.103
7126,Plumbers,"Inspecting, examining and testing installed systems and pipes, using pressure gauge, hydrostatic testing, observation or other methods.",Phi_U,0.58,7.8,0.031
7214,Structural Metalworkers,"Bolt aligned structural steel members in position for permanent riveting, bolting, or welding into place.",Phi_U,0.58,10.1,0.031
7214,Structural Metalworkers,"Fasten structural steel members to hoist cables, using chains, cables, or rope.",Phi_U,0.42,9.8,0.103
7214,Structural Metalworkers,"Position and secure steel bars, rods, cables, or mesh in concrete forms, using fasteners, rod-bending machines, blowtorches, or hand tools.",Phi_U,0.5,9.6,0.057
7214,Structural Metalworkers,"Hoist steel beams, girders, or columns into place, using cranes or signaling hoisting equipment operators to lift and position structural steel members.",Phi_U,0.42,9.6,0.103
7214,Structural Metalworkers,"Verify vertical and horizontal alignment of structural steel members, using plumb bobs, laser equipment, transits, or levels.",Phi_U,0.58,9.6,0.031
7214,Structural Metalworkers,Lay out and examine metal stock or workpieces to be processed to ensure that specifications are met.,C_R,0.43,9.6,0.933
7214,Structural Metalworkers,"Marking metal framework as a guide when drilling, cutting, and shaping them for use in buildings, ships and other structures.",Phi_U,0.42,7.7,0.103
7214,Structural Metalworkers,"Drilling, cutting and shaping structural steel in a workshop.",Phi_U,0.42,6.8,0.103
7214,Structural Metalworkers,"Erecting steel framework for buildings, bridges and other constructions.",Phi_U,0.42,6.8,0.103
7214,Structural Metalworkers,Shaping and fitting structural-steel plates of ships under construction or repair.,Phi_U,0.58,6.8,0.031
7214,Structural Metalworkers,"Riveting structural-metal members by hand, machine or pneumatic riveter.",Phi_U,0.42,6.8,0.103
7214,Structural Metalworkers,Dismantle structural metal frames of buildings.,Phi_U,0.42,6.8,0.103
7222,Precision Metal Workers,Fit and align fabricated parts to be welded or assembled.,P_A,0.65,11.5,0.69
7222,Precision Metal Workers,"Set up and operate conventional or computer numerically controlled machine tools such as lathes, milling machines, or grinders to cut, bore, grind, or otherwise shape parts to prescribed dimensions...",P_A,0.55,12.8,0.832
7222,Precision Metal Workers,"Set up and operate machine tools, such as milling machines, lathes, drill presses, and grinders, to machine castings or patterns.",P_A,0.55,11.5,0.832
7222,Precision Metal Workers,"Reading and interpreting engineering drawings and specifications of tools, dies, prototypes or models.",C_G,0.7,7.9,0.261
7222,Precision Metal Workers,"Preparing templates and sketches, and determining work processes.",C_R,0.43,7.9,0.933
7222,Precision Metal Workers,"Visualizing and computing dimensions, sizes, shapes, and tolerances of assemblies, based on specifications.",C_G,0.6,7.9,0.44
7222,Precision Metal Workers,"Positioning, securing and measuring metal stock or castings to lay out for machining.",P_A,0.6,7.9,0.769
7222,Precision Metal Workers,"Fitting and assembling parts to make and repair jigs, fixtures and gauges.",P_A,0.55,9.1,0.832
7222,Precision Metal Workers,Repairing and modifying sports guns and other small arms.,Phi_U,0.58,7.9,0.031
7222,Precision Metal Workers,Making and repairing metal patterns for preparation of foundry moulds.,Phi_U,0.55,7.9,0.039
7222,Precision Metal Workers,"Laying out lines and reference points on metal stock to guide other workers who cut, turn, mill, grind or otherwise shape metal.",P_A,0.55,7.9,0.832
7222-lock,Locksmiths,Insert new or repaired tumblers into locks to change combinations.,Phi_U,0.58,34.2,0.031
7222-lock,Locksmiths,Set up and maintain master key systems.,Phi_U,0.42,33.5,0.103
7222-lock,Locksmiths,"Disassemble mechanical or electrical locking devices, and repair or replace worn tumblers, springs, and other parts, using hand tools.",Phi_U,0.58,32.3,0.031
7223,CNC Operators,"Machine parts to specifications, using machine tools, such as lathes, milling machines, shapers, or grinders.",P_A,0.55,10.4,0.832
7223,CNC Operators,Set up and operate computer-controlled machines or robots to perform one or more machine functions on metal or plastic workpieces.,P_A,0.65,11.4,0.69
7223,CNC Operators,"Mount, install, align, and secure tools, attachments, fixtures, and workpieces on machines, using hand tools and precision measuring instruments.",Phi_U,0.58,10.0,0.031
7223,CNC Operators,"Review program specifications or blueprints to determine and set machine operations and sequencing, finished workpiece dimensions, or numerical control sequences.",C_G,0.65,10.0,0.345
7223,CNC Operators,Monitor machine cycles and mill operation to detect jamming and to ensure that products conform to specifications.,P_A,0.55,10.0,0.832
7223,CNC Operators,"Inspect workpieces for defects, and measure workpieces to determine accuracy of machine operation, using rules, templates, or other measuring instruments.",P_A,0.43,11.4,0.928
7223,CNC Operators,"Adjust and correct machine set-ups to reduce thicknesses, reshape products, and eliminate product defects.",P_A,0.55,10.0,0.832
7223,CNC Operators,Setting one or more types of machine tool for production of metal articles in standardised series.,P_A,0.55,6.7,0.832
7223,CNC Operators,"Operating and monitoring metalworking machines, such as lathes, milling, planing, boring, drilling, grinding or honing machines, including multi-purpose numerically controlled metalworking machines.",P_A,0.55,6.7,0.832
7223,CNC Operators,"Observing machine operations to detect work piece defects or machine malfunctions, adjusting machines as necessary.",P_A,0.55,6.7,0.832
7223,CNC Operators,"Changing worn machine accessories, such as cutting tools and brushes, using hand tools.",P_A,0.55,6.7,0.832
7231,Car Mechanics,"Allow all glass parts installed with urethane ample time to cure, taking temperature and humidity into account.",Phi_U,0.58,9.9,0.031
7231,Car Mechanics,Inspect vehicles for damage and record findings so that necessary repairs can be made.,Phi_U,0.58,9.9,0.031
7231,Car Mechanics,"Record repairs made, time spent, and parts used.",C_R,0.35,9.9,0.964
7231,Car Mechanics,"Dismantle engines and repair or replace defective parts, such as magnetos, carburetors, or generators.",Phi_U,0.58,9.9,0.031
7231,Car Mechanics,Install replacement glass in vehicles.,Phi_U,0.58,9.9,0.031
7231,Car Mechanics,"Test and inspect engines to determine malfunctions, to locate missing and broken parts, and to verify repairs, using diagnostic instruments.",Phi_U,0.58,9.7,0.031
7231,Car Mechanics,Detecting and diagnosing faults in engines and parts.,C_G,0.7,6.5,0.261
7231,Car Mechanics,"Fitting, examining, testing and servicing motor vehicle and motorcycle engines.",Phi_U,0.55,6.5,0.039
7231,Car Mechanics,Replacing engine components or complete engines.,Phi_U,0.58,6.5,0.031
7231,Car Mechanics,"Installing or adjusting motors and brakes, and adjusting steering or other parts of motor vehicles.",Phi_U,0.55,8.3,0.039
7231,Car Mechanics,"Performing scheduled maintenance services, such as oil changes, lubrications and engine tune-ups, to achieve smoother running of vehicles and ensure compliance with pollution regulations.",Phi_U,0.42,6.5,0.103
7231,Car Mechanics,Reassembling engines and parts after being repaired.,Phi_U,0.58,6.5,0.031
7311,Precision Instrument Makers,"Clean, rinse, and dry timepiece parts, using solutions and ultrasonic or mechanical watch-cleaning machines.",Phi_U,0.3,13.7,0.231
7311,Precision Instrument Makers,"Adjust timing regulators, using truing calipers, watch-rate recorders, and tweezers.",P_A,0.6,13.2,0.769
7311,Precision Instrument Makers,"Inspect, test, or troubleshoot malfunctioning medical or related equipment, following manufacturers' specifications and using test and analysis instruments.",C_R,0.43,13.0,0.933
7311,Precision Instrument Makers,"Repairing, cleaning, and adjusting mechanisms of timing instruments, such as watches and clocks.",Phi_U,0.58,8.4,0.031
7311,Precision Instrument Makers,"Testing timepiece accuracy and performance, using meters and other electronic instruments.",P_A,0.55,9.7,0.832
7311,Precision Instrument Makers,"Calibrating instruments or scales, using hand tools, computer, or electronic devices.",P_A,0.65,8.4,0.69
7311,Precision Instrument Makers,"Inspecting components, connections, and drive mechanisms to detect defects.",Phi_S,0.55,8.4,0.327
7311,Precision Instrument Makers,"Assembling instruments and devices, such as barometers, control valves, gyroscopes, hygrometers, speedometers, tachometers, and thermostats.",P_A,0.55,8.4,0.832
7311,Precision Instrument Makers,"Testing, calibrating, and adjusting electronic, mercurial, aneroid, and other types of meteorological instruments for compliance with printed specifications and schematic diagrams, using voltmeters...",C_G,0.6,8.4,0.44
7311,Precision Instrument Makers,Checking whether assembled units conform to specifications and ensuring stipulated performance and sensitivity by standard tests.,P_A,0.55,8.4,0.832
7311-horology,Watch and Clock Repairers,"Clean, rinse, and dry timepiece parts, using solutions and ultrasonic or mechanical watch-cleaning machines.",Phi_U,0.3,14.4,0.231
7311-horology,Watch and Clock Repairers,"Adjust timing regulators, using truing calipers, watch-rate recorders, and tweezers.",Phi_U,0.65,14.4,0.018
7311-horology,Watch and Clock Repairers,"Test timepiece accuracy and performance, using meters and other electronic instruments.",Phi_U,0.42,17.9,0.103
7311-horology,Watch and Clock Repairers,"Demagnetize mechanisms, using demagnetizing machines.",Phi_U,0.42,13.6,0.103
7311-horology,Watch and Clock Repairers,"Fabricate parts for watches and clocks, using small lathes and other machines.",Phi_U,0.7,11.7,0.012
7311-horology,Watch and Clock Repairers,"Repairing, cleaning, and adjusting mechanisms of timing instruments, such as watches and clocks.",Phi_U,0.7,9.3,0.012
7311-horology,Watch and Clock Repairers,"Inspecting components, connections, and drive mechanisms to detect defects.",Phi_U,0.6,9.3,0.027
7311-horology,Watch and Clock Repairers,Checking whether assembled units conform to specifications and ensuring stipulated performance and sensitivity by standard tests.,C_R,0.43,9.3,0.933
7412,Electrical Fitters,"Record repairs made, time spent, and parts used.",C_R,0.35,9.7,0.964
7412,Electrical Fitters,"Assemble, install, repair, and maintain elevators, escalators, moving sidewalks, and dumbwaiters, using hand and power tools, and testing devices such as test lamps, ammeters, and voltmeters.",Phi_U,0.58,9.5,0.031
7412,Electrical Fitters,"Test and inspect engines to determine malfunctions, to locate missing and broken parts, and to verify repairs, using diagnostic instruments.",Phi_U,0.58,9.5,0.031
7412,Electrical Fitters,"Disassemble defective units, and repair or replace parts such as locks, gears, cables, and electric wiring.",Phi_U,0.58,9.5,0.031
7412,Electrical Fitters,"Inspect and test equipment and circuits to identify malfunctions or defects, using wiring diagrams and testing devices such as ohmmeters, voltmeters, or ammeters.",C_R,0.43,10.9,0.933
7412,Electrical Fitters,"Fitting, adjusting and repairing various kinds of electrical machinery and motors, generators, switchgear and control apparatus, instruments, or electrical parts of elevators and related equipment.",P_A,0.55,6.2,0.832
7412,Electrical Fitters,"Fitting, adjusting and repairing electrical parts in domestic appliances, industrial machines and other appliances.",P_A,0.55,13.7,0.832
7412,Electrical Fitters,Inspecting and testing manufactured electrical products.,C_R,0.43,6.2,0.933
7412,Electrical Fitters,"Installing, testing, connecting, commissioning, maintaining and modifying electrical equipment, wiring and control systems.",Phi_U,0.58,6.2,0.031
7412,Electrical Fitters,"Designing, installing, maintaining, servicing and repairing electric and hydraulic passenger and freight lifts, escalators, moving walkways and other lift equipment.",C_G,0.6,6.2,0.44
7412,Electrical Fitters,Connecting electrical systems to power supply.,Phi_U,0.58,6.2,0.031
7412,Electrical Fitters,Replacing and repairing defective parts.,Phi_U,0.58,6.2,0.031
7412-wind,Wind Turbine Technicians,"Troubleshoot or repair mechanical, hydraulic, or electrical malfunctions related to variable pitch systems, variable speed control systems, converter systems, or related components.",Phi_U,0.58,13.3,0.031
7412-wind,Wind Turbine Technicians,"Perform routine maintenance on wind turbine equipment, underground transmission systems, wind fields substations, or fiber optic sensing and control systems.",Phi_U,0.58,12.9,0.031
7412-wind,Wind Turbine Technicians,Diagnose problems involving wind turbine generators or control systems.,C_G,0.55,12.9,0.54
7412-wind,Wind Turbine Technicians,Start or restart wind turbine generator systems to ensure proper operations.,P_A,0.55,12.6,0.832
7412-wind,Wind Turbine Technicians,"Climb wind turbine towers to inspect, maintain, or repair equipment.",Phi_U,0.55,12.5,0.039
7412-wind,Wind Turbine Technicians,"Train end-users, distributors, installers, or other technicians in wind commissioning, testing, or other technical procedures.",C_G,0.55,10.8,0.54
7412-wind,Wind Turbine Technicians,"Fitting, adjusting and repairing various kinds of electrical machinery and motors, generators, switchgear and control apparatus, instruments, or electrical parts of elevators and related equipment.",Phi_U,0.55,8.3,0.039
7412-wind,Wind Turbine Technicians,"Installing, testing, connecting, commissioning, maintaining and modifying electrical equipment, wiring and control systems.",Phi_U,0.58,8.3,0.031
7412-wind,Wind Turbine Technicians,Replacing and repairing defective parts.,Phi_U,0.58,8.3,0.031
7521,Wood Treaters,Monitor machine operations to detect malfunctions and report or resolve problems.,P_A,0.55,14.0,0.832
7521,Wood Treaters,"Monitor equipment operation, gauges, and panel lights to detect deviations from standards.",P_A,0.55,13.8,0.832
7521,Wood Treaters,"Start machines, and turn valves or move controls to feed, admit, apply, or transfer materials and adhesives, and to adjust temperature, pressure, and time settings.",P_A,0.52,12.2,0.863
7521,Wood Treaters,Perform test production runs and make adjustments as necessary to ensure that completed products meet standards and specifications.,P_A,0.55,11.9,0.832
7521,Wood Treaters,"Operating and tending kilns, treating tanks and other equipment to dry lumber, prepare and season wood and other wood products, and to treat chemically and impregnate wood products with preservatives.",P_A,0.65,8.0,0.69
7521,Wood Treaters,Assisting in maintaining processing equipment and machines as required.,P_A,0.55,8.0,0.832
7521,Wood Treaters,"Cleaning, lubricating and adjusting equipment.",P_A,0.3,8.0,0.973
7521,Wood Treaters,"Transporting materials and products to and from work areas, manually or using carts, handtrucks, or hoists.",Phi_S,0.55,8.0,0.327
7521,Wood Treaters,Completing and maintaining production reports.,P_A,0.55,8.0,0.832
7521,Wood Treaters,Tend wood treatment processing equipment.,P_A,0.43,8.0,0.928
7543,Quality Inspectors,"Discard or reject products, materials, or equipment not meeting specifications.",P_A,0.55,9.7,0.832
7543,Quality Inspectors,"Mark items with details, such as grade or acceptance-rejection status.",C_R,0.35,13.6,0.964
7543,Quality Inspectors,"Measure dimensions of products to verify conformance to specifications, using measuring instruments, such as rulers, calipers, gauges, or micrometers.",C_R,0.43,9.3,0.933
7543,Quality Inspectors,Notify supervisors or other personnel of production problems.,C_R,0.4,10.8,0.947
7543,Quality Inspectors,"Inspect, test, or measure materials, products, installations, or work for conformance to specifications.",P_A,0.5,8.1,0.881
7543,Quality Inspectors,"Read blueprints, data, manuals, or other materials to determine specifications, inspection and testing procedures, adjustment methods, certification processes, formulas, or measuring instruments…",C_R,0.43,8.9,0.933
7543,Quality Inspectors,"Monitor production operations or equipment to ensure conformance to specifications, making necessary process or assembly adjustments.",P_A,0.55,7.7,0.832
7543,Quality Inspectors,"Inspect or test raw materials, parts, or products to determine compliance with environmental standards.",C_R,0.58,8.9,0.808
7543,Quality Inspectors,"Record inspection or test data, such as weights, temperatures, grades, or moisture content, and quantities inspected or graded.",C_R,0.43,8.8,0.933
7543,Quality Inspectors,"Analyze test data, making computations as necessary, to determine test results.",C_G,0.6,8.8,0.44
7543,Quality Inspectors,Grading and classifying natural textile fibres for spinning and winding.,P_A,0.6,5.4,0.769
8111,Miners and Quarriers,Perform safety checks on equipment before operating.,P_A,0.43,14.6,0.928
8111,Miners and Quarriers,Perform tests to determine if methane gas is present.,Phi_U,0.42,14.6,0.103
8111,Miners and Quarriers,"Positioning, operating and monitoring the performance of a variety of underground and surface mining equipment including continuous mining, cutting and channelling plant.",P_A,0.55,8.8,0.832
8111,Miners and Quarriers,Setting up and operating drilling equipment in underground and surface mines and quarries.,P_A,0.42,8.8,0.933
8111,Miners and Quarriers,"Operating machinery and using tools to remove loosened rock, ore, coal and other deposits.",P_A,0.55,8.8,0.832
8111,Miners and Quarriers,"Preparing, fitting and installing supports in underground workings including rock bolts.",Phi_U,0.58,8.8,0.031
8111,Miners and Quarriers,"Operating machinery to open new shafts, drives, air vents and rises.",P_A,0.55,8.8,0.832
8111,Miners and Quarriers,"Performing minor maintenance and repairs and lubricating and cleaning plant, machines and tools.",Phi_U,0.58,8.8,0.031
8111,Miners and Quarriers,Completing records detailing operations completed during shifts.,C_R,0.35,8.8,0.964
8111,Miners and Quarriers,Collecting mineral samples for laboratory analysis.,Phi_U,0.42,8.8,0.103
8189,Plant Operators,"Observe packages moving along conveyors to identify packages, detect defective packaging, and perform quality control.",P_A,0.65,10.1,0.69
8189,Plant Operators,"Adjust machine components according to specifications such as widths, lengths, and thickness of materials and amounts of glue, cement, or adhesive required.",P_A,0.55,9.9,0.832
8189,Plant Operators,Monitor machine operations to detect malfunctions and report or resolve problems.,P_A,0.55,11.4,0.832
8189,Plant Operators,"Start machines, and turn valves or move controls to feed, admit, apply, or transfer materials and adhesives, and to adjust temperature, pressure, and time settings.",P_A,0.52,9.8,0.863
8189,Plant Operators,"Observe conveyor operations and monitor lights, dials, and gauges to maintain specified operating levels and to detect equipment malfunctions.",P_A,0.55,9.8,0.832
8189,Plant Operators,"Fill machines with glue, cement, or adhesives.",P_A,0.55,9.8,0.832
8189,Plant Operators,"Record production data such as weights, types, quantities, and storage locations of materials, as well as equipment performance problems and downtime.",C_R,0.43,9.8,0.933
8189,Plant Operators,"Manipulate valves, switches, and buttons, or key commands into control panels to start semiconductor processing cycles.",P_A,0.6,9.8,0.769
8189,Plant Operators,"Repair or replace equipment components or parts such as blades, rolls, and pumps.",Phi_U,0.55,9.8,0.039
8189,Plant Operators,"Maintain processing, production, and inspection information and reports.",C_R,0.43,9.7,0.933
8342,Earthmoving Operators,"Move levers and turn valves to activate power hammers, or to raise and lower drophammers that drive piles to required depths.",Phi_S,0.55,15.1,0.327
8342,Earthmoving Operators,"Move levers, depress foot pedals, and turn dials to operate power machinery, such as power shovels, stripping shovels, scraper loaders, or backhoes.",Phi_S,0.55,14.9,0.327
8342,Earthmoving Operators,"Operating and monitoring excavating machinery equipped with moveable shovel, grab-bucket or dragline bucket, to excavate and move earth, rock, sand, gravel or similar materials.",Phi_U,0.55,11.3,0.039
8342,Earthmoving Operators,"Operating and monitoring machinery for digging trenches for sewers, drainage, water, oil, gas or similar pipelines.",Phi_S,0.55,9.8,0.327
8342,Earthmoving Operators,"Operating and monitoring machinery equipped with concave steel blade to move, distribute and level earth, sand, snow and other materials.",Phi_S,0.55,9.8,0.327
8342,Earthmoving Operators,"Operating and monitoring equipment to remove sand, gravel and mud from bottom of body of water.",Phi_S,0.55,9.8,0.327
8342,Earthmoving Operators,"Operating and monitoring machines for hammering wooden, concrete or steel piles into ground.",Phi_S,0.55,9.8,0.327
8342,Earthmoving Operators,"Operating and monitoring power roller to compact and smooth layers of materials in making roads, pavements and similar work.",Phi_S,0.55,9.8,0.327
8342,Earthmoving Operators,"Operating and monitoring machines which spread and smooth concrete or bituminous or tar preparations to construct roadways, roads or similar surfaces.",Phi_S,0.55,9.8,0.327
8350,Ships Deck Crews,"Stand watch in ships' bows or bridge wings to look for obstructions in a ship's path or to locate navigational aids, such as buoys or lighthouses.",Phi_S,0.7,19.0,0.128
8350,Ships Deck Crews,Standing look-out watches at sea and when entering or leaving harbour or other narrow waters.,Phi_S,0.55,13.5,0.327
8350,Ships Deck Crews,Steering ship according to instructions.,Phi_S,0.7,13.5,0.128
8350,Ships Deck Crews,"Handling ropes and wires, and operates mooring equipment.",Phi_S,0.55,13.5,0.327
8350,Ships Deck Crews,"Maintaining and, in some cases, operating ship?s equipment, cargo gear, rigging, life-saving and fire- fighting appliances.",Phi_S,0.7,13.5,0.128
8350,Ships Deck Crews,"Performing deck and hull cleaning, scraping, painting and other maintenance duties as required.",Phi_U,0.58,13.5,0.031
8350,Ships Deck Crews,"Breaking out, rigging and stowing cargo-handling gear, stationary rigging and running gear.",Phi_S,0.55,13.5,0.327
9112,Vehicle Cleaners,"Keep storage areas and carts well-stocked, clean, and tidy.",Phi_U,0.3,10.6,0.231
9112,Vehicle Cleaners,"Carry linens, towels, toilet items, and cleaning supplies, using wheeled carts.",Phi_U,0.3,10.8,0.231
9112,Vehicle Cleaners,"Service, clean, or supply restrooms.",Phi_U,0.3,10.6,0.231
9112,Vehicle Cleaners,"Clean building floors by sweeping, mopping, scrubbing, or vacuuming.",Phi_U,0.58,10.6,0.031
9112,Vehicle Cleaners,"Empty wastebaskets, empty and clean ashtrays, and transport other trash and waste to disposal areas.",Phi_U,0.3,10.6,0.231
9112,Vehicle Cleaners,"Observe precautions required to protect hotel and guest property and report damage, theft, and found articles to supervisors.",Phi_U,0.42,10.4,0.103
9112,Vehicle Cleaners,Follow procedures for the use of chemical cleaners and power equipment to prevent damage to floors and fixtures.,Phi_U,0.42,10.4,0.103
9112,Vehicle Cleaners,"Sweeping or vacuum-cleaning, washing and polishing floors, furniture and other fixtures in buildings, coaches, buses, trams, trains and aircraft.",Phi_U,0.3,10.8,0.231
9112,Vehicle Cleaners,"Making beds, cleaning bathrooms, supplying towels, soap and related items.",Phi_U,0.3,7.6,0.231
9112,Vehicle Cleaners,"Cleaning kitchens and generally helping with kitchen work, including dishwashing.",Phi_U,0.3,7.6,0.231
9211,Crop Farm Workers,"Record information about crops, such as pesticide use, yields, or costs.",C_R,0.43,11.1,0.933
9211,Crop Farm Workers,"Participate in the inspection, grading, sorting, storage, and post-harvest treatment of crops.",Phi_U,0.43,10.8,0.096
9211,Crop Farm Workers,"Repair and maintain farm vehicles, implements, and mechanical equipment.",Phi_U,0.58,10.3,0.031
9211,Crop Farm Workers,Harvest fruits and vegetables by hand.,Phi_U,0.43,10.0,0.096
9211,Crop Farm Workers,Inform farmers or farm managers of crop progress.,C_R,0.35,9.8,0.964
9211,Crop Farm Workers,Digging and shovelling to clear ditches or for other purposes.,Phi_U,0.42,8.0,0.103
9211,Crop Farm Workers,"Loading and unloading supplies, produce and other materials.",Phi_U,0.42,8.0,0.103
9211,Crop Farm Workers,"Watering, thinning, and weeding crops by hand or using hand tools.",Phi_U,0.42,8.0,0.103
9211,Crop Farm Workers,"Picking fruit, nuts, vegetables and other crops.",Phi_U,0.42,8.0,0.103
9211,Crop Farm Workers,"Planting and harvesting field crops, such as rice, by hand.",Phi_U,0.43,8.0,0.096
9211,Crop Farm Workers,"Performing minor repairs on fixtures, buildings and fences.",Phi_U,0.58,8.0,0.031
9313,Construction Laborers,Erect scaffolding or other installation structures.,Phi_U,0.42,11.3,0.103
9313,Construction Laborers,"Cut materials to specified sizes for installation, using power saws or tile cutters.",Phi_U,0.58,11.3,0.031
9313,Construction Laborers,"Lubricate, clean, or repair machinery, equipment, or tools.",Phi_U,0.58,11.1,0.031
9313,Construction Laborers,"Modify material moving, mixing, grouting, grinding, polishing, or cleaning procedures, according to installation or material requirements.",Phi_U,0.3,11.1,0.231
9313,Construction Laborers,Clean work areas and equipment.,Phi_U,0.3,12.5,0.231
9313,Construction Laborers,"Transport materials, tools, or machines to installation sites, manually or using conveyance equipment.",Phi_S,0.42,11.1,0.579
9313,Construction Laborers,Cleaning used building bricks and doing other simple work on demolition sites.,Phi_U,0.58,7.9,0.031
9313,Construction Laborers,"Mixing pouring and spreading materials such as concrete, plaster and mortar (c) digging and filling holes and trenches using hand held tools.",Phi_U,0.42,7.9,0.103
9313,Construction Laborers,"Spreading sand, soil, gravel and similar materials.",Phi_U,0.42,7.9,0.103
9313,Construction Laborers,"Loading and unloading construction materials, excavated material and equipment and transporting them around construction sites using wheelbarrows, hods and hand trucks.",Phi_S,0.55,7.9,0.327
9329,Factory Workers,"Mount, install, align, and secure tools, attachments, fixtures, and workpieces on machines, using hand tools and precision measuring instruments.",Phi_U,0.58,19.4,0.031
9329,Factory Workers,"Stop machines to remove finished workpieces or to change tooling, setup, or workpiece placement, according to required machining sequences.",P_A,0.55,18.8,0.832
9329,Factory Workers,"Conveying goods, material, equipment, etc. to work area, removing finished pieces.",P_A,0.55,12.4,0.832
9329,Factory Workers,"Loading and unloading vehicles, trucks and trolleys.",Phi_S,0.55,12.4,0.327
9329,Factory Workers,"Clearing machine blockages, cleaning machinery, equipment and tools.",Phi_U,0.3,12.4,0.231
9329,Factory Workers,Carrying out manual sorting of products or components.,P_A,0.55,12.4,0.832
9329,Factory Workers,"Perform a variety of manual tasks in manufacturing, excluding packing.",P_A,0.55,12.4,0.832
9329-warehouse,Warehouse Workers,Answer customers' questions about merchandise and advise customers on merchandise selection.,C_G,0.6,10.9,0.44
9329-warehouse,Warehouse Workers,"Install protective devices, such as bracing, padding, or strapping, to prevent shifting or damage to items being transported.",Phi_S,0.58,10.7,0.277
9329-warehouse,Warehouse Workers,Maintain equipment storage areas to ensure that inventory is protected.,Phi_S,0.43,10.7,0.56
9329-warehouse,Warehouse Workers,Sort cargo before loading and unloading.,Phi_S,0.4,10.1,0.618
9329-warehouse,Warehouse Workers,Keep records of out-going orders.,C_R,0.43,10.1,0.933
9329-warehouse,Warehouse Workers,Operate equipment such as forklifts.,Phi_S,0.55,11.6,0.327
9329-warehouse,Warehouse Workers,"Conveying goods, material, equipment, etc. to work area, removing finished pieces.",Phi_S,0.55,7.2,0.327
9329-warehouse,Warehouse Workers,"Loading and unloading vehicles, trucks and trolleys.",Phi_S,0.55,7.2,0.327
9329-warehouse,Warehouse Workers,"Clearing machine blockages, cleaning machinery, equipment and tools.",Phi_U,0.3,7.2,0.231
9329-warehouse,Warehouse Workers,Carrying out manual sorting of products or components.,Phi_S,0.4,7.2,0.618
9329-warehouse,Warehouse Workers,"Perform a variety of manual tasks in manufacturing, excluding packing.",Phi_S,0.4,7.2,0.618
9333,Cargo Handlers,"Direct ground crews in the loading, unloading, securing, or staging of aircraft cargo or baggage.",S_E,0.7,16.7,0.057
9333,Cargo Handlers,"Operate ship loading and unloading equipment, conveyors, hoists, and other specialized material handling equipment such as railroad tank car unloading equipment.",P_A,0.7,15.7,0.599
9333,Cargo Handlers,"Packing office or household furniture, machines, appliances and related goods to be transported (b) from one place to another.",Phi_S,0.4,11.0,0.618
9333,Cargo Handlers,"Carrying goods to be loaded on or unloaded from vans, trucks, wagons, ships, or aircraft.",Phi_S,0.7,11.0,0.128
9333,Cargo Handlers,"Loading and unloading grain, coal, sand and similar goods by placing them on conveyor-belts, pipes, etc.",P_A,0.4,11.0,0.943
9333,Cargo Handlers,"Connecting hoses between main shore installation pipes and tanks of barges, tankers and other ships to load and unload petroleum, liquefied gases and other liquids.",Phi_S,0.7,11.0,0.128
9333,Cargo Handlers,Carrying and stacking goods in warehouses and similar establishments.,Phi_S,0.4,12.6,0.618
9333,Cargo Handlers,Sorting cargo prior to loading and unloading.,Phi_S,0.4,11.0,0.618
9611,Waste Workers,Inspect trucks prior to beginning routes to ensure safe operating condition.,Phi_S,0.55,9.6,0.327
9611,Waste Workers,Enforce safety rules and regulations.,S_E,0.45,9.6,0.31
9611,Waste Workers,"Drive trucks, following established routes, through residential streets or alleys or through business or industrial areas.",Phi_S,0.55,9.2,0.327
9611,Waste Workers,"Refuel trucks or add other fluids, such as oil or brake fluid.",Phi_U,0.42,9.1,0.103
9611,Waste Workers,Dump refuse or recyclable materials at disposal sites.,Phi_U,0.42,9.1,0.103
9611,Waste Workers,"Interpret transportation or tariff regulations, shipping orders, safety regulations, or company policies and procedures for workers.",C_G,0.7,8.8,0.261
9611,Waste Workers,"Plan work assignments and equipment allocations to meet transportation, operations or production goals.",S_E,0.48,10.0,0.261
9611,Waste Workers,Operate automated or semi-automated hoisting devices that raise refuse bins and dump contents into openings in truck bodies.,Phi_S,0.55,8.5,0.327
9611,Waste Workers,Dismount garbage trucks to collect garbage and remount trucks to ride to the next collection point.,Phi_U,0.42,8.4,0.103
9611,Waste Workers,Operate equipment that compresses collected refuse.,Phi_U,0.42,8.4,0.103
9611,Waste Workers,Collecting rubbish and recyclable materials and locating it into bins and garbage and recycling trucks.,Phi_U,0.42,9.2,0.103
9629-municipal,Municipal Workers,Flag motorists to warn them of obstacles or repair work ahead.,Phi_U,0.58,18.0,0.031
9629-municipal,Municipal Workers,"Inspect, clean, and repair drainage systems, bridges, tunnels, and other structures.",Phi_U,0.58,30.0,0.031
9629-municipal,Municipal Workers,"Dump, spread, and tamp asphalt, using pneumatic tampers, to repair joints and patch broken pavement.",Phi_U,0.58,26.0,0.031
9629-municipal,Municipal Workers,"Drive heavy equipment and vehicles with adjustable attachments to sweep debris from paved surfaces, mow grass and weeds, remove snow and ice, and spread salt and sand.",Phi_U,0.55,26.0,0.039
1111,Legislators,Analyze and understand the local and national implications of proposed legislation.,C_G,0.6,9.8,0.44
1111,Legislators,"Hear testimony from constituents, representatives of interest groups, board and commission members, and others with an interest in bills or issues under consideration.",C_G,0.43,9.8,0.754
1111,Legislators,"Negotiate with colleagues or members of other political parties in order to reconcile differing interests, and to create policies and agreements.",C_G,0.7,10.9,0.261
1111,Legislators,"Prepare drafts of amendments, government policies, laws, rules, regulations, budgets, programs and procedures.",C_G,0.7,9.8,0.261
1111,Legislators,"Presiding over or participating in the proceedings of legislative bodies and administrative councils of national, state, regional or local governments or legislative assemblies.",C_G,0.75,10.6,0.192
1111,Legislators,"Making, ratifying, amending or repealing laws, public rules and regulations within a statutory or constitutional framework.",C_G,0.48,9.8,0.673
1111,Legislators,Serving on government administrative boards or official committees.,C_G,0.75,9.8,0.192
1111,Legislators,Investigating matters of concern to the public and promoting the interests of the constituencies which they represent.,C_G,0.6,9.8,0.44
1111,Legislators,"Attending community functions and meetings to provide service to the community, understand public opinion and provide information on government plans.",C_G,0.43,9.8,0.754
1111,Legislators,"As members of the government, directing senior administrators and officials of government departments and agencies in the interpretation and implementation of government policies.",C_G,0.75,9.8,0.192
1114,Special-Interest Org Officials,Supervise employees or subcontractors to ensure quality of work or adherence to safety regulations or policies.,S_E,0.55,14.0,0.168
1114,Special-Interest Org Officials,Direct or participate in emergency management and contingency planning.,S_E,0.68,14.0,0.067
1114,Special-Interest Org Officials,Develop or implement fund investment policies or strategies.,C_G,0.55,13.7,0.54
1114,Special-Interest Org Officials,"Determining and formulating the policies, rules and regulations of the organization.",C_G,0.55,10.8,0.54
1114,Special-Interest Org Officials,"Planning, directing and coordinating the general functioning of the organization.",S_E,0.55,9.2,0.168
1114,Special-Interest Org Officials,"Negotiating on behalf of the organization, its members and relevant special-interest groups.",C_G,0.7,10.8,0.261
1114,Special-Interest Org Officials,Ensuring appropriate systems and procedures are developed and implemented to provide budgetary control.,C_G,0.48,9.2,0.673
1114,Special-Interest Org Officials,Monitoring and evaluating performance of the organization or enterprise against established objectives and policies.,S_E,0.68,9.2,0.067
1114,Special-Interest Org Officials,"Representing the organization at official occasions and board meetings, in negotiations, at conventions, public hearings and forums.",C_G,0.6,9.2,0.44
1213,Policy and planning managers,Develop regulatory strategies and implementation plans for the preparation and submission of new products.,C_G,0.65,14.1,0.345
1213,Policy and planning managers,Direct or participate in emergency management and contingency planning.,S_E,0.68,13.5,0.067
1213,Policy and planning managers,Develop or implement fund investment policies or strategies.,C_G,0.55,13.2,0.54
1213,Policy and planning managers,"Developing, implementing and monitoring strategic plans, programs, policies, processes, systems and procedures to achieve goals, objectives and work standards.",S_E,0.68,14.6,0.067
1213,Policy and planning managers,"Developing, directing, administering and participating in policy research and analysis.",C_G,0.65,8.9,0.345
1213,Policy and planning managers,Coordinating the implementation of policies and practices.,S_E,0.55,8.9,0.168
1213,Policy and planning managers,Planning and directing daily operations.,S_E,0.45,8.9,0.31
1213,Policy and planning managers,Leading and managing the activities of policy development and strategic planning staff.,S_E,0.68,8.9,0.067
1213,Policy and planning managers,"Overseeing the selection, training and performance of staff.",S_E,0.48,8.9,0.261
1223,Research and development managers,"Prepare study-related documentation, such as protocol worksheets, procedural manuals, adverse event reports, institutional review board documents, or progress reports.",C_G,0.6,13.4,0.44
1223,Research and development managers,Manage the coordination and overall integration of technical activities in architecture or engineering projects.,S_E,0.55,13.0,0.168
1223,Research and development managers,"Planning, directing and coordinating research and development activities, in-house or commissioned from external research organizations, to develop new or improved technical processes, products…",S_E,0.7,9.2,0.057
1223,Research and development managers,"Planning the overall research and development programme of an enterprise or organization, specifying goals and budgetary requirements.",S_E,0.68,9.2,0.067
1223,Research and development managers,Leading and managing the activities of research and development staff.,S_E,0.65,9.2,0.083
1223,Research and development managers,"Establishing and managing budgets, controlling expenditure and ensuring the efficient use of resources.",S_E,0.45,9.2,0.31
1223,Research and development managers,Establishing and directing operational and administrative procedures.,S_E,0.48,9.2,0.261
1223,Research and development managers,Planning and directing daily operations.,S_E,0.45,9.2,0.31
1223,Research and development managers,"Overseeing the selection, training and performance of staff.",S_E,0.48,9.2,0.261
1223,Research and development managers,"Representing the enterprise or organization at conventions, seminars and conferences.",C_G,0.6,9.2,0.44
1312,Aquaculture & Fishery Managers,"Direct and monitor trapping and spawning of fish, egg incubation, and fry rearing, applying knowledge of management and fish culturing techniques.",S_E,0.55,13.2,0.168
1312,Aquaculture & Fishery Managers,"Direct and monitor the transfer of mature fish to lakes, ponds, streams, or commercial tanks.",S_E,0.5,12.7,0.231
1312,Aquaculture & Fishery Managers,"Devise and participate in activities to improve fish hatching and growth rates, and to prevent disease in hatcheries.",C_G,0.6,12.3,0.44
1312,Aquaculture & Fishery Managers,"Maintain financial, operational, production, or employment records for farms or ranches.",C_R,0.43,10.3,0.933
1312,Aquaculture & Fishery Managers,Coordinate the selection and maintenance of brood stock.,C_G,0.55,11.6,0.54
1312,Aquaculture & Fishery Managers,Monitoring aquaculture and fishery market activity and planning production and fishing activities to meet contract requirements and market demand.,S_E,0.55,8.0,0.168
1312,Aquaculture & Fishery Managers,"Establishing and managing budgets, monitoring production output and costs, recording information such as fisheries management practices, and preparing financial and operational reports.",S_E,0.45,8.0,0.31
1312,Aquaculture & Fishery Managers,"Contracting with fishing skippers or owners of vessels and aquaculture farms for fishing and aquaculture operations, or for management of production.",C_G,0.55,8.0,0.54
1312,Aquaculture & Fishery Managers,Conducting and organizing aquaculture or fishery stock examinations in order to identify diseases or parasites.,C_G,0.55,8.0,0.54
1312,Aquaculture & Fishery Managers,Monitoring environments to maintain or improve conditions for aquatic life.,Phi_U,0.42,8.0,0.103
1322,Mining managers,"Conferring with other managers to set production quotas, plan extraction sites and develop policies for the removal of raw materials.",S_E,0.6,10.0,0.119
1322,Mining managers,"Evaluating efficiency of production sites to determine adequacy of personnel, equipment and technologies used, and make changes to work schedule or equipment when necessary.",S_E,0.45,10.0,0.31
1322,Mining managers,"Planning details of production activities in terms of output quality and quantity, cost, time available and labour requirements.",S_E,0.48,10.0,0.261
1322,Mining managers,"Controlling the operation of plant and quality procedures through planning of maintenance, designation of operating hours and supply of equipment.",S_E,0.55,10.0,0.168
1322,Mining managers,"Establishing and managing budgets, monitoring production output and costs, and adjusting processes and resources to minimize costs.",S_E,0.45,10.0,0.31
1322,Mining managers,Overseeing the acquisition and installation of new plant and equipment.,S_E,0.48,10.0,0.261
1322,Mining managers,Controlling the preparation of production records and reports.,S_E,0.48,10.0,0.261
1322,Mining managers,Coordinating the implementation of health and safety requirements.,S_E,0.55,10.0,0.168
1322,Mining managers,Researching and implementing regulatory and statutory requirements affecting mineral extraction operations and the environment.,C_G,0.48,10.0,0.673
1322,Mining managers,"Overseeing the selection, training and performance of staff.",S_E,0.48,10.0,0.261
1341,Child care service managers,Monitor students' progress and provide students and teachers with assistance in resolving any problems.,C_G,0.6,9.9,0.44
1341,Child care service managers,Teach classes or courses or provide direct care to children.,Phi_U,0.48,9.7,0.067
1341,Child care service managers,"Set educational standards and goals and help establish policies, procedures, and programs to carry them out.",S_E,0.55,9.5,0.168
1341,Child care service managers,"Determine allocations of funds for staff, supplies, materials, and equipment and authorize purchases.",C_G,0.48,10.7,0.673
1341,Child care service managers,"Prepare and maintain attendance, activity, planning, accounting, or personnel reports and records for officials and agencies, or direct preparation and maintenance activities.",C_R,0.48,9.2,0.904
1341,Child care service managers,"Review and interpret government codes and develop procedures to meet codes and to ensure facility safety, security, and maintenance.",C_G,0.75,9.9,0.192
1341,Child care service managers,"Developing and implementing programs to enhance the physical, social, emotional and intellectual development of young children.",C_G,0.48,6.8,0.673
1341,Child care service managers,"Overseeing and coordinating the provision care for children in before-school, after-school, day, and vacation care centres.",S_E,0.55,6.8,0.168
1341,Child care service managers,Directing and supervising child carers in providing care and supervision for young children.,S_E,0.48,6.8,0.261
1341,Child care service managers,"Managing physical facilities and making sure all buildings and equipment are maintained to ensure the centre is a safe area for children, staff and visitors.",S_E,0.48,6.8,0.261
1341,Child care service managers,Preparing and maintaining records and accounts for a child care centre.,C_R,0.43,6.8,0.933
1341,Child care service managers,Recruiting and evaluating staff and coordinating their professional development.,S_E,0.55,6.8,0.168
1342,Health service managers,"Direct, supervise and evaluate work activities of medical, nursing, technical, clerical, service, maintenance, and other personnel.",S_E,0.48,10.1,0.261
1342,Health service managers,"Plan, implement, and administer programs and services in a health care or medical facility, including personnel administration, training, and coordination of medical, nursing and physical plant staff.",S_E,0.65,8.9,0.083
1342,Health service managers,"Monitor the use of diagnostic services, inpatient beds, facilities, and staff to ensure effective use of resources and assess the need for additional staff, equipment, and services.",C_G,0.45,10.2,0.723
1342,Health service managers,"Direct or conduct recruitment, hiring, and training of personnel.",S_E,0.48,10.0,0.261
1342,Health service managers,"Manage change in integrated health care delivery systems, such as work restructuring, technological innovations, and shifts in the focus of care.",S_E,0.48,8.7,0.261
1342,Health service managers,Establish objectives and evaluative or operational criteria for units managed.,S_E,0.48,9.8,0.261
1342,Health service managers,Develop and implement organizational policies and procedures for the facility or medical unit.,C_G,0.55,9.7,0.54
1342,Health service managers,"Providing overall direction and management for the service, facility, organization or centre.",C_G,0.6,6.5,0.44
1342,Health service managers,"Controlling administrative operations such as budget planning, report preparation and expenditure on supplies, equipment and services.",S_E,0.45,6.5,0.31
1342,Health service managers,"Liaising with other health and welfare service providers, boards and funding bodies to coordinate the provision of services.",S_E,0.55,6.5,0.168
1342,Health service managers,Advising government bodies about measures to improve health and welfare services and facilities.,C_G,0.6,6.5,0.44
1342,Health service managers,"Representing the organization in negotiations, and at conventions, seminars, public hearings and forums.",S_E,0.6,6.5,0.119
1343,Aged care service managers,"Direct, supervise and evaluate work activities of medical, nursing, technical, clerical, service, maintenance, and other personnel.",S_E,0.48,11.9,0.261
1343,Aged care service managers,"Plan, implement, and administer programs and services in a health care or medical facility, including personnel administration, training, and coordination of medical, nursing and physical plant staff.",S_E,0.65,9.1,0.083
1343,Aged care service managers,"Direct or conduct recruitment, hiring, and training of personnel.",S_E,0.48,10.2,0.261
1343,Aged care service managers,"Manage change in integrated health care delivery systems, such as work restructuring, technological innovations, and shifts in the focus of care.",C_G,0.48,8.9,0.673
1343,Aged care service managers,"Maintain communication between governing boards, medical staff, and department heads by attending board meetings and coordinating interdepartmental functioning.",S_E,0.55,8.7,0.168
1343,Aged care service managers,"Providing overall direction and management for a service, facility, organization or centre.",C_G,0.6,6.4,0.44
1343,Aged care service managers,Establishing objectives and evaluative or operational criteria for units they manage.,C_G,0.48,6.4,0.673
1343,Aged care service managers,"Developing, implementing and monitoring procedures, policies and performance standards for nursing, personal care, technical, and administrative staff.",S_E,0.55,6.4,0.168
1343,Aged care service managers,Coordinating and administering welfare programs and care services for the elderly.,S_E,0.55,6.4,0.168
1343,Aged care service managers,"Controlling administrative operations such as budget planning, report preparation, expenditure on supplies, equipment and services.",S_E,0.45,6.4,0.31
1343,Aged care service managers,"Liaising with other health and welfare providers, boards and funding bodies to coordinate the provision of services.",S_E,0.55,6.4,0.168
1343,Aged care service managers,Advising government bodies about measures to improve health and welfare services and facilities.,C_G,0.6,6.4,0.44
1343,Aged care service managers,"Representing the organization in negotiations, and at conventions, seminars, public hearings and forums.",S_E,0.6,6.4,0.119
1344,Social welfare managers,"Providing overall direction and management for a service, facility, organization or centre.",C_G,0.6,9.9,0.44
1344,Social welfare managers,"Developing, implementing and monitoring procedures, policies and standards for staff.",C_G,0.55,10.0,0.54
1344,Social welfare managers,"Monitoring and evaluating resources devoted to the provision of welfare, housing, and other social services.",C_G,0.6,10.0,0.44
1344,Social welfare managers,"Controlling administrative operations such as budget planning, report preparation, expenditure on supplies, equipment and services.",S_E,0.45,10.0,0.31
1344,Social welfare managers,"Liaising with other welfare and health services providers, boards and funding bodies to discuss areas of health and welfare service cooperation and coordination.",S_E,0.6,10.0,0.119
1344,Social welfare managers,Advising government bodies about measures to improve welfare services and facilities.,C_G,0.6,10.0,0.44
1344,Social welfare managers,"Representing the organization in negotiations, and at conventions, seminars, public hearings and forums.",S_E,0.6,10.0,0.119
1344,Social welfare managers,"Establishing and managing budgets, controlling expenditure and ensuring the efficient use of resources.",S_E,0.45,10.0,0.31
1344,Social welfare managers,Establishing and directing operational and administrative procedures.,S_E,0.48,10.0,0.261
1344,Social welfare managers,"Overseeing the selection, training and performance of staff.",S_E,0.48,10.0,0.261
1346,Bank & Insurance Branch Managers,"Develop and maintain relationships with banking, insurance, and external accounting personnel to facilitate financial activities.",C_G,0.55,10.4,0.54
1346,Bank & Insurance Branch Managers,"Monitor financial activities and details, such as cash flow and reserve levels, to ensure that all legal and regulatory requirements are met.",S_E,0.48,10.4,0.261
1346,Bank & Insurance Branch Managers,Establish and maintain relationships with individual or business customers or provide assistance with problems these customers may encounter.,S_E,0.48,11.2,0.261
1346,Bank & Insurance Branch Managers,"Coordinate and direct the financial planning, budgeting, procurement, or investment activities of all or part of an organization.",S_E,0.55,10.0,0.168
1346,Bank & Insurance Branch Managers,Oversee the flow of cash or financial instruments.,S_E,0.48,11.6,0.261
1346,Bank & Insurance Branch Managers,"Planning, directing and coordinating the activities of staff in the branch.",S_E,0.55,7.2,0.168
1346,Bank & Insurance Branch Managers,Providing advice and assistance to customers on their financial and insurance needs and with matters such as changes in law that may affect customers.,C_G,0.6,7.2,0.44
1346,Bank & Insurance Branch Managers,"Examining, evaluating and processing loan and insurance applications.",C_G,0.6,7.2,0.44
1346,Bank & Insurance Branch Managers,"Approving or rejecting, or coordinating the approval or rejection of, lines of credit commercial, real estate and personal loans.",S_E,0.55,7.2,0.168
1346,Bank & Insurance Branch Managers,Coordinating cooperation with other branches of the company.,S_E,0.55,7.2,0.168
1346,Bank & Insurance Branch Managers,"Managing budgets, controlling expenditure and ensuring the efficient use of resources.",S_E,0.45,10.4,0.31
2112,Meteorologists,Develop or use mathematical or computer models for weather forecasting.,C_G,0.7,16.5,0.261
2112,Meteorologists,"Conduct meteorological research into the processes or determinants of atmospheric phenomena, weather, or climate.",C_G,0.7,13.3,0.261
2112,Meteorologists,"Broadcast weather conditions, forecasts, or severe weather warnings to the public via television, radio, or the Internet or provide this information to the news media.",C_G,0.7,14.8,0.261
2112,Meteorologists,Process aerial or satellite imagery to create products such as land cover maps.,C_G,0.6,12.8,0.44
2112,Meteorologists,"Gather data from sources such as surface or upper air stations, satellites, weather bureaus, or radar for use in meteorological reports or forecasts.",C_R,0.45,14.6,0.923
2112,Meteorologists,"Conducting experiments in fog dispersal, cloud seeding, rain enhancement and other types of weather modification programs.",C_G,0.65,9.3,0.345
2112,Meteorologists,Participating in studies of the effect of weather on the environment.,C_G,0.55,9.3,0.54
2112,Meteorologists,"Engaging in the design and development of new equipment and procedures for meteorological data collection, remote sensing, or for related applications.",C_G,0.6,9.3,0.44
2141,Industrial & prod. engineers,"Advocate for end users in collaboration with other professionals, including engineers, designers, managers, or customers.",C_G,0.55,9.2,0.54
2141,Industrial & prod. engineers,"Prepare reports or presentations summarizing results or conclusions of human factors engineering or ergonomics activities, such as testing, investigation, or validation.",C_R,0.55,9.2,0.843
2141,Industrial & prod. engineers,Establish system operating or training requirements to ensure optimized human-machine interfaces.,C_G,0.6,8.8,0.44
2141,Industrial & prod. engineers,"Design or evaluate human work systems, using human factors engineering and ergonomic principles to optimize usability, cost, quality, safety, or performance.",C_G,0.6,8.8,0.44
2141,Industrial & prod. engineers,"Studying functional statements, organizational charts and project information to determine functions and responsibilities of workers and work units and to identify areas of duplication.",C_G,0.55,6.4,0.54
2141,Industrial & prod. engineers,Establishing work measurement programs and analysing work samples to develop standards for labour utilization.,C_G,0.48,6.4,0.673
2141,Industrial & prod. engineers,"Analysing workforce utilization, facility layout, operational data and production schedules and costs to determine optimum worker and equipment efficiencies.",C_G,0.6,6.4,0.44
2141,Industrial & prod. engineers,"Developing specifications for manufacture, and determining materials, equipment, piping, material flows, capacities and layout of plant and systems.",C_G,0.6,6.4,0.44
2141,Industrial & prod. engineers,"Organising and managing project labour and the delivery of materials, plant and equipment.",S_E,0.55,6.4,0.168
2141,Industrial & prod. engineers,"Establishing standards and policies for installation, modification, quality control, testing, inspection and maintenance according to engineering principles and safety regulations.",S_E,0.55,6.4,0.168
2141,Industrial & prod. engineers,Inspecting plant to improve and maintain performance.,Phi_U,0.55,6.4,0.039
2141,Industrial & prod. engineers,"Directing the maintenance of plant buildings and equipment, and coordinating the requirements for new designs, surveys and maintenance schedules.",S_E,0.6,6.4,0.119
2141,Industrial & prod. engineers,"Advising management on new production methods, techniques and equipment.",C_G,0.6,6.4,0.44
2141,Industrial & prod. engineers,"Liaising with materials buying, storing and controlling departments to ensure a steady flow of supplies.",C_G,0.55,6.4,0.54
2143,Environmental engineers,"Provide technical direction or supervision to junior engineers, engineering or computer-aided design (CAD) technicians, or other technical personnel.",S_E,0.6,12.1,0.119
2143,Environmental engineers,"Design, or supervise the design of, systems, processes, or equipment for control, management, or remediation of water, air, or soil quality.",C_G,0.6,12.6,0.44
2143,Environmental engineers,"Collaborate with environmental scientists, planners, hazardous waste technicians, engineers, experts in law or business, or other specialists to address environmental problems.",S_E,0.65,12.2,0.083
2143,Environmental engineers,Advise corporations or government agencies of procedures to follow in cleaning up contaminated sites to protect people and the environment.,C_G,0.6,12.2,0.44
2143,Environmental engineers,Monitor progress of environmental improvement programs.,S_E,0.55,12.1,0.168
2143,Environmental engineers,"Conducting research, assessing and reporting on the environmental impact of existing and proposed construction, civil engineering and other activities.",C_G,0.7,7.7,0.261
2143,Environmental engineers,Inspecting industrial and municipal facilities and programs to evaluate operational effectiveness and ensure compliance with environmental regulations.,S_E,0.48,7.7,0.261
2143,Environmental engineers,"Providing environmental engineering assistance in network analysis, regulatory analysis, and planning or reviewing database development.",C_G,0.55,7.7,0.54
2143,Environmental engineers,"Obtaining, updating, and maintaining plans, permits, and standard operating procedures.",C_R,0.4,7.7,0.947
2143,Environmental engineers,"Providing engineering and technical support for environmental remediation and litigation projects, including remediation system design and determination of regulatory applicability.",C_G,0.6,7.7,0.44
2145,Chemical engineers,Develop safety procedures to be employed by workers operating equipment or working in close proximity to ongoing chemical reactions.,C_G,0.6,11.9,0.44
2145,Chemical engineers,Troubleshoot problems with chemical manufacturing processes.,C_G,0.65,11.9,0.345
2145,Chemical engineers,Prepare estimate of production costs and production progress reports for management.,C_R,0.55,10.4,0.843
2145,Chemical engineers,"Perform tests and monitor performance of processes throughout stages of production to determine degree of control over variables such as temperature, density, specific gravity, and pressure.",S_E,0.48,10.1,0.261
2145,Chemical engineers,Conduct research to develop new and improved chemical manufacturing processes.,C_G,0.7,8.7,0.261
2145,Chemical engineers,"Develop processes to separate components of liquids or gases or generate electrical currents, using controlled chemical processes.",C_G,0.6,8.1,0.44
2145,Chemical engineers,"Perform laboratory studies of steps in manufacture of new products and test proposed processes in small-scale operation, such as a pilot plant.",C_G,0.7,9.1,0.261
2145,Chemical engineers,Design measurement and control systems for chemical plants based on data collected in laboratory experiments and in pilot plant operations.,C_G,0.7,7.9,0.261
2145,Chemical engineers,"Conducting research and advising on, and developing commercial-scale chemical processes to refine crude oil and other liquids or gases, and to produce substances and items such as petroleum derivat...",C_G,0.7,7.3,0.261
2145,Chemical engineers,"Specifying chemical production methods, materials and quality standards and ensuring that they conform to specifications.",S_E,0.48,7.3,0.261
2145,Chemical engineers,Establishing control standards and procedures to ensure safety and efficiency of chemical production operations and safety of workers operating equipment or working in close proximity to on-going c...,S_E,0.55,7.3,0.168
2146,Mining engineers,"Prepare technical reports for use by mining, engineering, and management personnel.",C_G,0.6,9.7,0.44
2146,Mining engineers,"Test metals to determine conformance to specifications of mechanical strength, strength-weight ratio, ductility, magnetic and electrical properties, and resistance to abrasion, corrosion, heat, and...",C_R,0.5,9.7,0.889
2146,Mining engineers,Determine ways to strengthen or combine materials or develop new materials with new or specific properties for use in a variety of products and applications.,C_G,0.75,9.3,0.192
2146,Mining engineers,"Inspect mining areas for unsafe structures, equipment, and working conditions.",Phi_U,0.6,11.0,0.027
2146,Mining engineers,"Determining the location and planning the extraction of coal, metallic ores, non-metallic minerals, and building materials, such as stone and gravel.",C_G,0.65,6.7,0.345
2146,Mining engineers,"Determining most suitable methods of efficient mining and extraction, types of machinery to be used, planning layout and directing construction of shafts and tunnels.",S_E,0.65,6.7,0.083
2146,Mining engineers,"Determining drilling site and devising methods of controlling the flow of water, oil or gas from wells.",C_G,0.65,6.7,0.345
2146,Mining engineers,"Planning and directing storage, initial treatment and transportation of water, oil or gas.",S_E,0.6,6.7,0.119
2146,Mining engineers,"Establishing safety standards and procedures and first-aid facilities, especially underground.",S_E,0.6,6.7,0.119
2146,Mining engineers,"Conducting research, developing methods of extracting metals from their ores and advising on their application.",C_G,0.7,6.7,0.261
2146,Mining engineers,"Investigating properties of metals and alloys, developing new alloys and advising on and supervising technical aspects of metal and alloy manufacture and processing.",C_G,0.6,6.7,0.44
2146,Mining engineers,Maintaining technical liaison and consultancy with other relevant specialists such as geologists and geophysicists.,S_E,0.55,6.7,0.168
2146,Mining engineers,Examining deposits or mines to evaluate profitability.,C_G,0.6,6.7,0.44
2163,Product and garment designers,"Examine sample garments on and off models, modifying designs to achieve desired effects.",C_G,0.7,11.7,0.261
2163,Product and garment designers,Confer with sales and management executives or with clients to discuss design ideas.,C_G,0.6,12.4,0.44
2163,Product and garment designers,Direct and coordinate workers involved in drawing and cutting patterns and constructing samples or finished garments.,S_E,0.5,10.7,0.231
2163,Product and garment designers,Determining the objectives and constraints of the design brief by consulting with clients and stakeholders.,C_G,0.6,8.1,0.44
2163,Product and garment designers,"Formulating design concepts for clothing, textiles, industrial, commercial and consumer products, and jewellery.",C_G,0.6,8.1,0.44
2163,Product and garment designers,"Harmonizing aesthetic considerations with technical, functional, ecological and production requirements.",C_G,0.6,8.1,0.44
2163,Product and garment designers,"Preparing sketches, diagrams, illustrations, plans, samples and models to communicate design concepts.",C_G,0.7,8.1,0.261
2163,Product and garment designers,"Selecting, specifying and recommending functional and aesthetic materials, production methods and finishes for manufacture.",C_G,0.6,8.1,0.44
2163,Product and garment designers,Detailing and documenting the selected design for production.,C_G,0.6,8.1,0.44
2163,Product and garment designers,Preparing and commissioning prototypes and samples.,C_G,0.6,8.1,0.44
2163,Product and garment designers,"Supervising the preparation of patterns, programs and tooling, and the manufacturing process.",S_E,0.48,8.1,0.261
2165,Cartographers and surveyors,Analyze control or survey data to ensure adherence to project specifications or land survey standards.,C_G,0.55,10.3,0.54
2165,Cartographers and surveyors,"Verify the accuracy of survey data, including measurements and calculations conducted at survey sites.",C_R,0.43,10.3,0.933
2165,Cartographers and surveyors,"Conduct surveys to determine exact positions, measurement of points, elevations, lines, areas, volumes, contours, or other features of land surfaces.",C_G,0.42,10.1,0.769
2165,Cartographers and surveyors,"Compile data required for map preparation, including aerial photographs, survey notes, records, reports, and original maps.",C_R,0.43,12.3,0.933
2165,Cartographers and surveyors,"Prepare, or supervise preparation of, all data, charts, plots, maps, records, and documents related to surveys.",C_R,0.43,10.1,0.933
2165,Cartographers and surveyors,"Surveying, measuring and describing land surfaces, mines, underground surfaces, sea, river and lake beds.",Phi_U,0.42,6.7,0.103
2165,Cartographers and surveyors,Noting exact position of various features and recording survey data in digital form.,C_R,0.43,6.7,0.933
2165,Cartographers and surveyors,Making charts and maps to be used in determining navigable waters and channels and in planning construction of marine structures.,C_G,0.55,6.7,0.54
2165,Cartographers and surveyors,Planning and conducting aerial photographic surveys.,Phi_U,0.42,6.7,0.103
2165,Cartographers and surveyors,"Undertaking research and development of surveying and photogrammetric measurement systems, cadastral systems and land information systems.",C_G,0.7,6.7,0.261
2165,Cartographers and surveyors,"Studying and advising on technical, aesthetic and economic aspects of map production.",C_G,0.6,6.7,0.44
2165,Cartographers and surveyors,Maintaining technical liaison and consultancy with other relevant specialists.,C_G,0.42,6.7,0.769
2230,Traditional & Complementary Medicine,Develop individual treatment plans and strategies.,C_G,0.7,15.6,0.261
2230,Traditional & Complementary Medicine,Educate patients about health care management.,C_G,0.6,16.9,0.44
2230,Traditional & Complementary Medicine,Advise patients about therapeutic exercise and nutritional medicine regimens.,C_G,0.6,14.4,0.44
2230,Traditional & Complementary Medicine,Conducting physical examinations of patients and interviewing them and their families to determine their health status.,C_G,0.6,8.9,0.44
2230,Traditional & Complementary Medicine,"Developing and implementing treatment plans for physical, mental and psychosocial ailments using applications such as acupuncture, ayurvedic, homoeopathic and herbal medicine.",C_G,0.7,8.9,0.261
2230,Traditional & Complementary Medicine,Evaluating and documenting patients' progress through treatment plans.,C_G,0.7,8.9,0.261
2230,Traditional & Complementary Medicine,"Providing health, nutrition and lifestyle advice to individuals, families and communities.",C_G,0.6,8.9,0.44
2230,Traditional & Complementary Medicine,"Prescribing and preparing traditional medicines, such as herbal, plant, mineral and animal extracts, to stimulate the body's capacity for self-healing.",Phi_U,0.43,8.9,0.096
2230,Traditional & Complementary Medicine,Conducting research into traditional and complementary medicines and treatments and disseminating findings such as through scientific papers and reports.,C_G,0.7,8.9,0.261
2266,Audiologists and speech therapists,"Evaluate hearing or speech and language test results, barium swallow results, or medical or background information to diagnose and plan treatment for speech, language, fluency, voice, or swallowing...",C_G,0.7,13.8,0.261
2266,Audiologists and speech therapists,Evaluate hearing and balance disorders to determine diagnoses and courses of treatment.,C_G,0.7,13.8,0.261
2266,Audiologists and speech therapists,"Fit, dispense, and repair assistive devices, such as hearing aids.",Phi_U,0.58,15.8,0.031
2266,Audiologists and speech therapists,"Administer hearing or speech and language evaluations, tests, or examinations to patients to collect information on type and degree of impairments, using written or oral tests or special instruments.",C_G,0.6,13.4,0.44
2266,Audiologists and speech therapists,"Evaluating hearing, speech and language performance in patients to determine the nature of hearing and communication disorders.",C_G,0.6,9.8,0.44
2266,Audiologists and speech therapists,"Administering hearing or speech/language tests or other examinations using specialized diagnostic instruments and equipment, and interpreting test results alongside other medical, social and behavi...",C_G,0.8,8.4,0.137
2266,Audiologists and speech therapists,"Planning, directing and participating in counselling, screening, speech rehabilitation and other programs related to hearing and communication.",S_E,0.48,8.4,0.261
2266,Audiologists and speech therapists,Planning and conducting treatment programs to manage physical disorders affecting speech and swallowing in patients such as stuttering and feeding disorders.,S_E,0.48,8.4,0.261
2266,Audiologists and speech therapists,Referring patients and families to additional medical or educational services if needed.,C_G,0.6,8.4,0.44
2267,Optometrists & ophthalmic opticians,"Examine eyes, using observation, instruments, and pharmaceutical agents, to determine visual acuity and perception, focus, and coordination and to diagnose diseases and other abnormalities, such as...",C_G,0.7,13.1,0.261
2267,Optometrists & ophthalmic opticians,Analyze test results and develop a treatment plan.,C_G,0.7,12.8,0.261
2267,Optometrists & ophthalmic opticians,"Prescribe, supply, fit and adjust eyeglasses, contact lenses, and other vision aids.",Phi_U,0.42,14.5,0.103
2267,Optometrists & ophthalmic opticians,"Educate and counsel patients on contact lens care, visual hygiene, lighting arrangements, and safety factors.",C_G,0.7,12.4,0.261
2267,Optometrists & ophthalmic opticians,Consult with and refer patients to ophthalmologist or other health care practitioner if additional medical treatment is determined necessary.,C_G,0.7,16.3,0.261
2267,Optometrists & ophthalmic opticians,"Testing visual function using specialized instruments and equipment for measuring visual acuity and refractive error, function of visual pathways, visual fields, eye movements, freedom of vision an...",C_G,0.8,7.7,0.137
2267,Optometrists & ophthalmic opticians,"Detecting, diagnosing and managing eye disease, including prescribing medications for the treatment of eye disease.",C_G,0.7,7.7,0.261
2267,Optometrists & ophthalmic opticians,"Detecting and diagnosing eye movement disorders and defects of binocular function, and planning and managing treatment programs, including counselling patients in eye exercises to coordinate moveme...",C_G,0.55,7.7,0.54
2267,Optometrists & ophthalmic opticians,"Advising on visual health matters such as contact lens care, vision care for the elderly, optics, visual ergonomics, and occupational and industrial eye safety.",C_G,0.6,7.7,0.44
2341,Primary school teachers,"Instruct students individually and in groups, using teaching methods such as lectures, discussions, and demonstrations.",C_G,0.6,9.2,0.44
2341,Primary school teachers,Adapt teaching methods and instructional materials to meet students' varying needs and interests.,C_G,0.6,10.5,0.44
2341,Primary school teachers,Prepare materials and classrooms for class activities.,Phi_U,0.6,10.0,0.027
2341,Primary school teachers,"Observe and evaluate students' performance, behavior, social development, and physical health.",C_G,0.6,9.8,0.44
2341,Primary school teachers,"Confer with parents or guardians, teachers, counselors, and administrators to resolve students' behavioral and academic problems.",C_G,0.6,8.5,0.44
2341,Primary school teachers,Meet with parents and guardians to discuss their children's progress and to determine priorities for their children and their resource needs.,C_G,0.6,9.6,0.44
2341,Primary school teachers,"Prepare, administer, and grade tests and assignments to evaluate students' progress.",C_G,0.6,9.4,0.44
2341,Primary school teachers,Preparing daily and longer term lesson plans in accordance with curriculum guidelines.,C_G,0.7,5.5,0.261
2341,Primary school teachers,Maintaining discipline and good working habits in the classroom.,Phi_U,0.6,5.5,0.027
2341,Primary school teachers,"Planning and conduct activities with the children such as sporting activities, concerts and excursions.",Phi_U,0.48,5.5,0.067
2341,Primary school teachers,Assigning and grading class work and homework.,C_G,0.6,5.5,0.44
2341,Primary school teachers,"Supervising children during classes and at other times in the school day, including the playground during breaks.",Phi_U,0.6,5.5,0.027
2341,Primary school teachers,"Participating in staff meetings and other sessions, and conferring with other teachers concerning educational issues.",C_G,0.6,5.5,0.44
2351,Curriculum Specialists,Observe work of teaching staff to evaluate performance and to recommend changes that could strengthen teaching skills.,C_G,0.6,11.4,0.44
2351,Curriculum Specialists,"Plan and conduct teacher training programs and conferences dealing with new classroom procedures, instructional materials and equipment, and teaching aids.",C_G,0.48,11.9,0.673
2351,Curriculum Specialists,"Research, evaluate, and prepare recommendations on curricula, instructional methods, and materials for school systems.",C_G,0.7,9.2,0.261
2351,Curriculum Specialists,"Researching into current developments in curricula, teaching methods and other educational practices, and advising on necessary changes and possible improvements.",C_G,0.7,8.8,0.261
2351,Curriculum Specialists,Evaluating and advising on contents of courses and methods of examination.,C_G,0.6,7.7,0.44
2351,Curriculum Specialists,"Researching into audio-visual and other teaching aids and advising on, planning and organising their introduction in educational establishments.",C_G,0.7,7.7,0.261
2351,Curriculum Specialists,"Documenting subjects and courses developed, and evaluating new courses.",C_G,0.6,7.7,0.44
2351,Curriculum Specialists,"Providing ongoing professional development, training and consultative services to teachers.",C_G,0.6,7.7,0.44
2351,Curriculum Specialists,"Developing the structure, content and objectives of new educational courses and programs.",C_G,0.48,12.3,0.673
2351,Curriculum Specialists,"Visiting schools periodically and conferring with administrative and teaching staff on questions relating to curricula, teaching methods, equipment and other matters.",C_G,0.6,7.7,0.44
2351,Curriculum Specialists,"Visiting classrooms to observe teaching techniques and to evaluate teachers performance, and scholastic results obtained.",C_G,0.6,7.7,0.44
2354,Music Tutors & Conservatory Teachers,"Instruct students individually and in groups, using various teaching methods, such as lectures, discussions, and demonstrations.",C_G,0.6,10.2,0.44
2354,Music Tutors & Conservatory Teachers,Adapt teaching methods and instructional materials to meet students' varying needs and interests.,C_G,0.6,10.0,0.44
2354,Music Tutors & Conservatory Teachers,"Observe students to determine qualifications, limitations, abilities, interests, and other individual characteristics.",C_G,0.6,9.8,0.44
2354,Music Tutors & Conservatory Teachers,Confer with other teachers and professionals to plan and schedule lessons promoting learning and development.,C_G,0.6,8.6,0.44
2354,Music Tutors & Conservatory Teachers,"Planning, preparing and delivering programs of study, lessons and workshops for individual students and groups.",C_G,0.48,6.8,0.673
2354,Music Tutors & Conservatory Teachers,Preparing and presenting material on the theory and interpretation of music.,C_G,0.6,6.8,0.44
2354,Music Tutors & Conservatory Teachers,Instructing and demonstrating practical aspects of singing or of playing a particular instrument.,Phi_U,0.6,6.8,0.027
2354,Music Tutors & Conservatory Teachers,Teaching students to read and write musical notation.,C_G,0.6,6.8,0.44
2354,Music Tutors & Conservatory Teachers,"Assigning exercises and teaching pieces of music relevant to students? level of ability, interests and talents.",C_G,0.6,6.8,0.44
2354,Music Tutors & Conservatory Teachers,"Assessing students and offering advice, criticism and encouragement.",C_G,0.6,6.8,0.44
2354,Music Tutors & Conservatory Teachers,"Revising curricula, course content, course materials and methods of instruction.",C_G,0.6,6.8,0.44
2354,Music Tutors & Conservatory Teachers,"Preparing students for examinations, performances and assessments.",C_G,0.6,6.8,0.44
2354,Music Tutors & Conservatory Teachers,Arranging visits and tours to musical performances.,C_G,0.6,6.8,0.44
2432,Public relations professionals,"Plan or direct development or communication of programs to maintain favorable public or stockholder perceptions of an organization's accomplishments, agenda, or environmental responsibility.",C_G,0.55,11.7,0.54
2432,Public relations professionals,Write press releases or other media communications to promote clients.,C_G,0.6,12.1,0.44
2432,Public relations professionals,"Study the objectives, promotional policies, or needs of organizations to develop public relations strategies that will influence public opinion or promote ideas, products, or services.",C_G,0.7,11.0,0.261
2432,Public relations professionals,Planning and organizing publicity campaigns and communication strategies.,C_G,0.7,8.1,0.261
2432,Public relations professionals,"Advising executives on the public relations implications of their policies, programs and practices preparing and controlling the issue of news and press releases.",C_G,0.65,8.1,0.345
2432,Public relations professionals,"Undertaking and commissioning public opinion research, analyzing the findings and planning public relations and promotional campaigns.",C_G,0.7,8.1,0.261
2432,Public relations professionals,"Organizing special events, seminars, entertainment, competitions and social functions to promote goodwill and favourable publicity.",C_G,0.6,8.1,0.44
2432,Public relations professionals,Representing organizations and arranging interviews with publicity media.,C_G,0.6,8.1,0.44
2432,Public relations professionals,"Attending business, social and other functions to promote the organization.",C_G,0.6,8.1,0.44
2432,Public relations professionals,Commissioning and obtaining photographs and other illustrative material.,C_G,0.6,8.1,0.44
2432,Public relations professionals,"Selecting, appraising and revising material submitted by publicity writers, photographers, illustrators and others to create favourable publicity.",C_G,0.6,8.1,0.44
2433,Technical & medical sales pros,Negotiate prices or terms of sales or service agreements.,C_G,0.6,13.1,0.44
2433,Technical & medical sales pros,Monitor sales staff performance to ensure that goals are met.,S_E,0.48,12.8,0.261
2433,Technical & medical sales pros,Visit establishments to evaluate needs or to promote product or service sales.,C_G,0.6,12.5,0.44
2433,Technical & medical sales pros,Compiling lists of prospective client businesses using directories and other sources.,C_R,0.43,8.8,0.933
2433,Technical & medical sales pros,Visiting regular and prospective client businesses to establish and act on selling opportunities.,C_G,0.55,8.8,0.54
2433,Technical & medical sales pros,Assessing clients' needs and resources and recommending appropriate goods or services.,C_G,0.6,8.8,0.44
2433,Technical & medical sales pros,Developing reports and proposals as part of sales presentation to demonstrate benefits from use of good or service.,C_G,0.6,8.8,0.44
2433,Technical & medical sales pros,Estimating costs of installing and maintaining equipment or service.,C_G,0.58,8.8,0.48
2433,Technical & medical sales pros,"Quoting and negotiating prices and credit terms, and preparing and administering sales contracts.",C_G,0.6,8.8,0.44
2433,Technical & medical sales pros,"Arranging delivery of goods, installation of equipment and the provision of services.",C_R,0.43,8.8,0.933
2434,ICT Sales Professionals,Negotiate prices or terms of sales or service agreements.,C_G,0.6,16.3,0.44
2434,ICT Sales Professionals,Prepare and submit sales contracts for orders.,C_R,0.43,16.1,0.933
2434,ICT Sales Professionals,"Soliciting orders and selling goods to retail, industrial, wholesale and other establishments.",C_G,0.55,11.3,0.54
2434,ICT Sales Professionals,"Selling technical equipment, supplies and related services to business establishments or individuals.",C_G,0.55,11.3,0.54
2434,ICT Sales Professionals,"Discussing the needs of new and existing customers and providing specialised information about how particular equipment, supplies and services meet those needs.",C_G,0.6,11.3,0.44
2434,ICT Sales Professionals,Updating customer records and preparing sales reports.,C_R,0.43,11.3,0.933
2434,ICT Sales Professionals,"Arranging delivery of goods, installation of equipment and the provision of services.",C_R,0.43,11.3,0.933
2434,ICT Sales Professionals,Reporting customers' reactions and requirements to manufacturers.,C_R,0.43,11.3,0.933
2619,Legal professionals NEC,Prepare written opinions or decisions regarding cases.,C_G,0.48,12.2,0.673
2619,Legal professionals NEC,Conduct hearings to obtain information or evidence relative to disposition of claims.,C_G,0.48,12.0,0.673
2619,Legal professionals NEC,"Determine extent of liability according to evidence, laws, or administrative or judicial precedents.",C_G,0.48,12.0,0.673
2619,Legal professionals NEC,"Confer with disputants to clarify issues, identify underlying concerns, and develop an understanding of their respective needs and interests.",C_G,0.6,11.3,0.44
2619,Legal professionals NEC,"Conduct initial meetings with disputants to outline the arbitration process, settle procedural matters, such as fees, or determine details, such as witness numbers or time requirements.",C_G,0.43,10.2,0.754
2619,Legal professionals NEC,"Evaluate information from documents, such as claim applications, birth or death certificates, or physician or employer records.",C_G,0.43,10.1,0.754
2619,Legal professionals NEC,Conduct studies of appeals procedures to ensure adherence to legal requirements or to facilitate disposition of cases.,C_G,0.7,8.9,0.261
2619,Legal professionals NEC,"Giving advice on legal aspects of various personal, business and administrative problems.",C_G,0.48,7.8,0.673
2619,Legal professionals NEC,Drawing up legal documents and contracts.,C_G,0.48,7.8,0.673
2619,Legal professionals NEC,"Determining, by inquest, the causes of any death not obviously due to natural causes.",C_G,0.48,7.8,0.673
2631,Economists,Write technical documents or academic articles to communicate study results or economic forecasts.,C_G,0.7,10.1,0.261
2631,Economists,"Compile, analyze, and report data to explain economic phenomena and forecast market trends, applying mathematical models and statistical techniques.",C_G,0.7,9.6,0.261
2631,Economists,Explain economic impact of policies to the public.,C_G,0.7,9.2,0.261
2631,Economists,"Formulate recommendations, policies, or plans to solve economic problems or to interpret markets.",C_G,0.7,9.0,0.261
2631,Economists,"Forecasting changes in the economic environment for short-term budgeting, long-term planning and investment evaluation.",C_G,0.65,6.9,0.345
2631,Economists,"Formulating recommendations, policies and plans for the economy, corporate strategies and investment, and undertaking feasibility studies for projects.",C_G,0.7,6.9,0.261
2631,Economists,"Monitoring economic data to assess the effectiveness, and advise on the appropriateness, of monetary and fiscal policies.",C_G,0.7,6.9,0.261
2631,Economists,Forecasting production and consumption of specific products and services based on records of past production and consumption and general economic and industry-specific conditions.,C_G,0.6,6.9,0.44
2631,Economists,"Preparing forecasts of income and expenditure, interest rates and exchange rates.",C_G,0.7,6.9,0.261
2631,Economists,"Analyzing factors that determine labour force participation, employment, wages, unemployment and other labour market outcomes.",C_G,0.6,6.9,0.44
2631,Economists,Applying mathematical formulae and statistical techniques and apply to test economic theories and devise solutions to economic problems.,C_G,0.6,6.9,0.44
2631,Economists,"Compiling, analyzing and interpreting economic data using economic theory and a variety of statistical and other techniques.",C_G,0.6,6.9,0.44
2631,Economists,"Evaluating the outcome of political decisions concerning public economy and finances and advising on economic policy and possible courses of action in the light of past, present and projected econo...",C_G,0.7,6.9,0.261
2636,Religious professionals,"Share information about religious issues by writing articles, giving speeches, or teaching.",C_G,0.6,9.9,0.44
2636,Religious professionals,Administer religious rites or ordinances.,Phi_U,0.65,10.5,0.018
2636,Religious professionals,Prepare people for participation in religious ceremonies.,C_G,0.6,9.7,0.44
2636,Religious professionals,Develop or direct study courses or religious education programs within congregations.,C_G,0.48,10.9,0.673
2636,Religious professionals,Plan or lead religious education programs.,C_G,0.48,9.5,0.673
2636,Religious professionals,"Study and interpret religious laws, doctrines, or traditions.",C_G,0.6,9.3,0.44
2636,Religious professionals,"Perpetuating sacred traditions, practices and beliefs.",C_G,0.6,6.7,0.44
2636,Religious professionals,"Undertaking various administrative and social duties, including participating in committees and meetings of religious organizations.",C_G,0.6,6.7,0.44
2636,Religious professionals,Propagating religious doctrines in own country or abroad.,C_G,0.6,6.7,0.44
2636,Religious professionals,Preparing religious sermons and preachings.,C_G,0.6,6.7,0.44
2636,Religious professionals,"Counselling individuals regarding interpersonal, health, financial, and religious problems.",C_G,0.7,6.7,0.261
2636,Religious professionals,"Scheduling and participating in special events such as camps, conferences, seminars, and retreats.",C_G,0.6,6.7,0.44
2643,Translators,"Translate messages simultaneously or consecutively into specified languages, orally or by using hand signs, maintaining message content, context, and style as much as possible.",C_G,0.7,12.1,0.261
2643,Translators,"Listen to speakers' statements to determine meanings and to prepare translations, using electronic listening systems as necessary.",C_G,0.6,11.4,0.44
2643,Translators,"Compile terminology and information to be used in translations, including technical terms such as those for legal or medical material.",C_G,0.7,11.4,0.261
2643,Translators,Compile information on content and context of information to be translated and on intended audience.,C_G,0.6,14.3,0.44
2643,Translators,Adapt software and accompanying technical documents to another language and culture.,C_G,0.6,11.0,0.44
2643,Translators,"Studying relationships between ancient parent languages and modern language groups, tracing the origin and evolution of words, grammar and language forms, and presenting findings.",C_G,0.6,7.8,0.44
2643,Translators,"Advising on or preparing language classification systems, grammars, dictionaries and similar materials.",C_G,0.6,7.8,0.44
2643,Translators,"Interpreting from a spoken or a signed language into another spoken or signed language , in particular at conferences, meetings and similar occasions, and ensuring that the correct meaning and, as...",C_G,0.6,8.8,0.44
2643,Translators,Developing methods for the use of computers and other instruments to improve productivity and quality of translation.,C_G,0.6,7.8,0.44
2643,Translators,Revising and correcting translated material.,C_G,0.6,7.8,0.44
2655,Actors,Collaborate with other actors as part of an ensemble.,C_G,0.6,15.9,0.44
2655,Actors,"Work closely with directors, other actors, and playwrights to find the interpretation most suited to the role.",C_G,0.6,15.5,0.44
2655,Actors,Attend auditions and casting calls to audition for roles.,Phi_U,0.65,16.3,0.018
2655,Actors,"Learning lines and cues and playing parts in dramatic productions on stage, commercials, television, radio or in motion pictures.",Phi_U,0.72,12.9,0.01
2655,Actors,Assuming characters created by a playwright or author and communicating this to an audience.,Phi_U,0.75,9.9,0.008
2655,Actors,Telling stories or reading literary works aloud to educate or entertain listeners.,Phi_U,0.6,9.9,0.027
2655,Actors,Preparing for performances through rehearsals under the instruction and guidance of production directors.,Phi_U,0.55,9.9,0.039
2655,Actors,"Reading scripts and undertaking research to gain understanding of parts, themes and characteristics.",C_G,0.7,9.9,0.261
2656,Announcers on radio,"Write commentaries, columns, or scripts, using computers.",C_G,0.6,10.9,0.44
2656,Announcers on radio,Coordinate and serve as an anchor on news broadcast programs.,C_G,0.6,9.2,0.44
2656,Announcers on radio,Receive assignments or evaluate leads or tips to develop story ideas.,C_G,0.6,9.0,0.44
2656,Announcers on radio,Analyze and interpret news and information received from various sources to broadcast the information.,C_G,0.6,10.6,0.44
2656,Announcers on radio,Research a story's background information to provide complete and accurate information.,C_G,0.7,8.9,0.261
2656,Announcers on radio,Read news flashes to inform audiences of important events.,C_G,0.6,8.9,0.44
2656,Announcers on radio,"Gather information and develop perspectives about news subjects through research, interviews, observation, and experience.",C_G,0.7,8.7,0.261
2656,Announcers on radio,Study background information to prepare for programs or interviews.,C_G,0.6,9.8,0.44
2656,Announcers on radio,Reading news bulletins and making other announcements on radio or television.,C_G,0.6,6.6,0.44
2656,Announcers on radio,"Introducing performing artists or persons being interviewed, and making related announcements on radio, television, or in theatres, night-clubs and other establishments.",C_G,0.6,5.8,0.44
2656,Announcers on radio,"Interviewing persons in public, especially on radio and television.",C_G,0.6,5.8,0.44
2656,Announcers on radio,"Commenting on music and other matters , such as weather or traffic conditions.",C_G,0.6,5.8,0.44
3111,Chemical & physical science techs,"Conduct chemical or physical laboratory tests to assist scientists in making qualitative or quantitative analyses of solids, liquids, or gaseous materials.",P_A,0.6,13.1,0.769
3111,Chemical & physical science techs,"Maintain, clean, or sterilize laboratory instruments or equipment.",Phi_U,0.3,14.6,0.231
3111,Chemical & physical science techs,Monitor product quality to ensure compliance with standards and specifications.,C_R,0.55,12.5,0.843
3111,Chemical & physical science techs,"Prepare chemical solutions for products or processes, following standardized formulas, or create experimental formulas.",P_A,0.52,12.5,0.863
3111,Chemical & physical science techs,"Set up and conduct chemical experiments, tests, and analyses, using techniques such as chromatography, spectroscopy, physical or chemical separation techniques, or microscopy.",P_A,0.6,12.5,0.769
3111,Chemical & physical science techs,"Collecting samples and preparing materials and equipment for experiments, tests and analyses.",P_A,0.6,8.7,0.769
3111,Chemical & physical science techs,"Carrying out routine laboratory tests and performing a variety of technical support functions to assist chemical and physical scientists in research, development, analysis and testing.",P_A,0.52,8.7,0.863
3111,Chemical & physical science techs,Controlling the quality and quantity of laboratory supplies by testing samples and monitoring usage and preparing detailed estimates of quantities and costs of materials and labour required for…,P_A,0.55,8.7,0.832
3111,Chemical & physical science techs,Preparing materials for experimentation such as freezing and slicing specimens and mixing chemicals.,P_A,0.65,8.7,0.69
3112,Civil engineering technicians,Approve building plans that meet required specifications.,C_G,0.55,19.9,0.54
3112,Civil engineering technicians,Performing or assisting with field and laboratory tests of soils and construction materials.,Phi_U,0.42,13.3,0.103
3112,Civil engineering technicians,"Providing technical assistance connected with the construction of buildings and other structures, and with surveys or the preparation of survey reports.",Phi_U,0.42,13.3,0.103
3112,Civil engineering technicians,"Ensuring compliance with design specifications, relevant legislation and regulations, and maintenance of desired standards of materials and work.",C_G,0.52,13.3,0.599
3112,Civil engineering technicians,Applying technical knowledge of building and civil engineering principles and practices in order to identify and solve problems arising.,C_G,0.6,13.3,0.44
3112,Civil engineering technicians,"Assisting with the preparation of detailed estimates of quantities and costs of materials and labour required for projects, according to the specifications given.",C_R,0.42,13.3,0.938
3112,Civil engineering technicians,"Organizing maintenance and repairs (g) inspecting buildings and structures during and after construction to ensure that they comply with building, grading, zoning and safety laws and approved plans...",Phi_U,0.58,13.3,0.031
3114,Electronics engineering techs,"Modify, maintain, or repair electronics equipment or systems to ensure proper functioning.",Phi_U,0.58,10.9,0.031
3114,Electronics engineering techs,"Set up and operate specialized or standard test equipment to diagnose, test, or analyze the performance of electronic components, assemblies, or systems.",P_A,0.55,10.5,0.832
3114,Electronics engineering techs,"Read blueprints, wiring diagrams, schematic drawings, or engineering instructions for assembling electronics units, applying knowledge of electronic theory and components.",C_G,0.6,10.5,0.44
3114,Electronics engineering techs,Review electrical engineering plans to ensure adherence to design specifications and compliance with applicable electrical codes and standards.,C_G,0.52,9.9,0.599
3114,Electronics engineering techs,"Assemble, test, or maintain circuitry or electronic components, according to engineering instructions, technical manuals, or knowledge of electronics, using hand or power tools.",Phi_U,0.58,9.7,0.031
3114,Electronics engineering techs,"Providing technical assistance in research and development of electronic equipment, or testing prototypes.",C_G,0.7,7.6,0.261
3114,Electronics engineering techs,Designing and preparing blueprints of electronic circuitry according to the specifications given.,C_G,0.6,8.9,0.44
3114,Electronics engineering techs,"Monitoring technical aspects of the manufacture, utilization, maintenance and repair of electronic equipment to ensure satisfactory performance and ensure compliance with specifications and regulat...",Phi_U,0.58,7.6,0.031
3114,Electronics engineering techs,"Assisting in the design, development, installation, operation and maintenance of electronic systems.",C_G,0.6,8.9,0.44
3114,Electronics engineering techs,"Planning installation methods, checking completed installation for safety and controls or undertaking the initial running of the new electronic equipment or system.",C_R,0.43,7.6,0.933
3114,Electronics engineering techs,"Conducting tests of electronic systems, collecting and analyzing data, and assembling circuitry in support of electronics engineers.",C_G,0.6,7.6,0.44
3115,Mechanical engineering techs,"Interpret or evaluate test results in accordance with applicable codes, standards, specifications, or procedures.",C_G,0.52,11.0,0.599
3115,Mechanical engineering techs,"Identify defects in solid materials, using ultrasonic testing techniques.",P_A,0.55,12.9,0.832
3115,Mechanical engineering techs,"Test aircraft systems under simulated operational conditions, performing systems readiness tests and pre- and post-operational checkouts, to establish design or fabrication parameters.",P_A,0.52,10.9,0.863
3115,Mechanical engineering techs,"Identify required data, data acquisition plans, and test parameters, setting up equipment to conform to these specifications.",P_A,0.6,10.7,0.769
3115,Mechanical engineering techs,Confer with engineering personnel regarding details and implications of test procedures and results.,C_R,0.6,10.5,0.782
3115,Mechanical engineering techs,"Record and interpret test data on parts, assemblies, and mechanisms.",C_R,0.43,10.3,0.933
3115,Mechanical engineering techs,"Providing technical assistance in research on and development of machines and mechanical installations, facilities and components, or testing prototypes.",C_G,0.7,12.5,0.261
3115,Mechanical engineering techs,"Assembling and installing new and modified mechanical assemblies, components, machine tools and controls, and hydraulic power systems.",P_A,0.55,7.1,0.832
3115,Mechanical engineering techs,"Conducting tests of mechanical systems, collecting and analyzing data, and assembling and installing mechanical assemblies in support of mechanical engineers.",P_A,0.6,7.1,0.769
3115,Mechanical engineering techs,"Ensuring that mechanical engineering designs and finished work are within specifications, regulations and contract provisions.",C_G,0.7,7.1,0.261
3116,Chemical engineering techs,"Interpret or evaluate test results in accordance with applicable codes, standards, specifications, or procedures.",C_G,0.52,13.7,0.599
3116,Chemical engineering techs,"Identify defects in solid materials, using ultrasonic testing techniques.",P_A,0.6,14.4,0.769
3116,Chemical engineering techs,"Select, calibrate, or operate equipment used in the non-destructive testing of products or materials.",P_A,0.65,13.4,0.69
3116,Chemical engineering techs,Maintain accurate record or batch-record documentation of nanoproduction.,C_R,0.43,12.6,0.933
3116,Chemical engineering techs,"Assisting in research on and development of industrial chemical processes, plant and equipment, or testing prototypes.",C_G,0.7,8.7,0.261
3116,Chemical engineering techs,Designing and preparing layouts of chemical plants according to the specifications given.,C_G,0.6,8.7,0.44
3116,Chemical engineering techs,Preparing detailed estimates of quantities and costs of materials and labour required for manufacture and installation according to the specifications given.,C_R,0.5,11.1,0.889
3116,Chemical engineering techs,"Monitoring technical aspects of the construction, installation, operation, maintenance and repair of chemical plants to ensure satisfactory performance and compliance with specifications and regula...",P_A,0.65,8.7,0.69
3116,Chemical engineering techs,"Conducting chemical and physical laboratory tests to assist scientists and engineers in making qualitative and quantitative analyses of solids, liquids, and gaseous materials.",C_G,0.6,8.7,0.44
3117,Mining & metallurgical techs,"Identify defects in solid materials, using ultrasonic testing techniques.",C_R,0.42,18.7,0.938
3117,Mining & metallurgical techs,"Test and analyze samples to determine their content and characteristics, using laboratory apparatus or testing equipment.",C_G,0.6,16.3,0.44
3117,Mining & metallurgical techs,Providing technical assistance to aid in research on and development of processes to determine the properties of metals and new alloys.,C_G,0.7,10.8,0.261
3117,Mining & metallurgical techs,"Preparing detailed estimates of quantities and costs of materials and labour required for mineral, oil and natural gas exploration, extraction, processing and transport projects.",C_R,0.5,10.8,0.889
3117,Mining & metallurgical techs,"Monitoring technical, regulatory and safety aspects of the construction, installation, operation, maintenance and repair of mineral ore, oil and natural gas exploration, extraction, transport and s...",C_G,0.6,10.8,0.44
3117,Mining & metallurgical techs,"Helping plan and design mines, mine shafts, tunnels and underground first-aid facilities.",C_G,0.6,10.8,0.44
3117,Mining & metallurgical techs,"Collecting and preparing rock, mineral and metal samples, performing laboratory tests to determine properties, analyzing and reporting test results and maintaining testing equipment.",C_G,0.6,10.8,0.44
3117,Mining & metallurgical techs,"Using microscopes, electromagnetic irradiation machines, spectrometers, spectrographs, densitometers and tension testing machines.",C_R,0.42,10.8,0.938
3118,Draughtspersons,"Draft plans and detailed drawings for structures, installations, and construction projects, such as highways, sewage disposal systems, and dikes, working from sketches or notes.",C_G,0.55,11.3,0.54
3118,Draughtspersons,"Draft working drawings, wiring diagrams, wiring connection specifications, or cross-sections of underground cables, as required for instructions to installation crew.",C_G,0.6,10.8,0.44
3118,Draughtspersons,"Coordinate structural, electrical, and mechanical designs and determine a method of presentation to graphically represent building plans.",C_G,0.6,10.6,0.44
3118,Draughtspersons,"Analyze building codes, by-laws, space and site requirements, and other technical documents and reports to determine their effect on architectural designs.",C_G,0.6,10.4,0.44
3118,Draughtspersons,Review completed construction drawings and cost estimates for accuracy and conformity to standards and regulations.,C_R,0.42,10.4,0.938
3118,Draughtspersons,"Preparing and revising illustrations for reference works, brochures and technical manuals dealing with the assembly, installation, operation, maintenance and repair of machinery and other equipment...",C_G,0.55,8.5,0.54
3118,Draughtspersons,"Operating computer-aided design and drafting equipment to create, modify and generate hard-copy and digital representations of working drawings.",C_G,0.6,8.5,0.44
3118,Draughtspersons,Copying drawings and paintings onto stone or metal plates for printing.,Phi_U,0.42,7.4,0.103
3118,Draughtspersons,"Preparing wiring diagrams, circuit board assembly diagrams, and layout drawings used for manufacture, installation, and repair of electrical equipment in factories, power plants, and buildings.",C_G,0.58,7.4,0.48
3118,Draughtspersons,"Creating detailed working diagrams of machinery and mechanical devices, including dimensions, fastening methods, and other engineering information.",C_G,0.6,7.4,0.44
3118,Draughtspersons,Arranging for completed drawings to be reproduced for use as working drawings.,C_R,0.35,7.4,0.964
3121,Mining supervisors,"Read specifications, such as blueprints, to determine construction requirements or to plan procedures.",C_R,0.48,13.7,0.904
3121,Mining supervisors,"Supervise, coordinate, or schedule the activities of construction or extractive workers.",S_E,0.55,13.7,0.168
3121,Mining supervisors,Coordinate work activities with other construction project activities.,S_E,0.55,18.7,0.168
3121,Mining supervisors,"Analyze worker or production problems and recommend solutions, such as improving production methods or implementing motivational plans.",S_E,0.55,12.8,0.168
3121,Mining supervisors,"Directly supervising and coordinating the activities of workers who extract minerals and other natural deposits from the earth, operate underground conveyances or heavy equipment in surface mines a...",S_E,0.55,9.5,0.168
3121,Mining supervisors,Establishing methods to meet work schedules and recommending measures to mining managers to improve productivity.,S_E,0.55,9.5,0.168
3121,Mining supervisors,Providing reports and other information to mining managers about all aspects of mining or quarrying operations.,C_R,0.4,9.5,0.947
3121,Mining supervisors,Determining staffing and material needs for the mine or quarry.,S_E,0.55,12.7,0.168
3122,Manufacturing supervisors,"Inspect materials, products, or equipment to detect defects or malfunctions.",C_R,0.43,10.6,0.933
3122,Manufacturing supervisors,"Read and analyze charts, work orders, production schedules, and other records and reports to determine production requirements and to evaluate current production estimates and outputs.",S_E,0.45,9.0,0.31
3122,Manufacturing supervisors,"Plan and establish work schedules, assignments, and production sequences to meet production goals.",S_E,0.5,10.4,0.231
3122,Manufacturing supervisors,Confer with other supervisors to coordinate operations and activities within or between departments.,S_E,0.55,8.9,0.168
3122,Manufacturing supervisors,"Direct and coordinate the activities of employees engaged in the production or processing of goods, such as inspectors, machine setters, or fabricators.",S_E,0.55,8.7,0.168
3122,Manufacturing supervisors,"Observe work and monitor gauges, dials, and other indicators to ensure that operators conform to production or processing standards.",P_A,0.55,8.7,0.832
3122,Manufacturing supervisors,"Conduct employee training in equipment operations or work and safety procedures, or assign employee training to experienced workers.",C_G,0.45,8.7,0.723
3122,Manufacturing supervisors,"Determine standards, budgets, production goals, and rates, based on company policies, equipment and labor availability, and workloads.",S_E,0.55,8.3,0.168
3122,Manufacturing supervisors,"Supervise the activities of process control technicians, machine operators, assemblers.",S_E,0.55,7.5,0.168
3122,Manufacturing supervisors,"Organizing and planning the daily work with regard to plans, economy, staff and environment.",S_E,0.48,6.4,0.261
3122,Manufacturing supervisors,Identifying shortage of staff or components.,C_R,0.48,6.4,0.904
3122,Manufacturing supervisors,Instructing and training new staff.,C_G,0.6,6.4,0.44
3123,Construction supervisors,"Inspect work progress, equipment, or construction sites to verify safety or to ensure that specifications are met.",Phi_U,0.48,11.3,0.067
3123,Construction supervisors,Plan and coordinate installations of photovoltaic (PV) solar and solar thermal systems to ensure conformance to codes.,S_E,0.55,8.6,0.168
3123,Construction supervisors,"Read specifications, such as blueprints, to determine construction requirements or to plan procedures.",C_R,0.48,9.7,0.904
3123,Construction supervisors,"Supervise, coordinate, or schedule the activities of construction or extractive workers.",S_E,0.55,9.7,0.168
3123,Construction supervisors,"Supervise solar installers, technicians, and subcontractors for solar installation projects to ensure compliance with safety standards.",S_E,0.55,8.4,0.168
3123,Construction supervisors,Coordinate work activities with other construction project activities.,S_E,0.55,11.7,0.168
3123,Construction supervisors,Estimate material or worker requirements to complete jobs.,C_R,0.42,9.2,0.938
3123,Construction supervisors,"Estimate materials, equipment, and personnel needed for residential or commercial solar installation projects.",C_R,0.42,8.0,0.938
3123,Construction supervisors,"Prepare solar installation project proposals, quotes, budgets, or schedules.",S_E,0.55,7.8,0.168
3123,Construction supervisors,"Provide technical assistance to installers, technicians, or other solar professionals in areas such as solar electric systems, solar thermal systems, electrical systems, or mechanical systems.",Phi_U,0.58,7.8,0.031
3123,Construction supervisors,"Train workers in construction methods, operation of equipment, safety procedures, or company policies.",C_G,0.55,7.8,0.54
3133,Chemical Plant Controllers,"Control or operate chemical processes or systems of machines, using panelboards, control boards, or semi-automatic equipment.",P_A,0.65,17.4,0.69
3133,Chemical Plant Controllers,Draw samples of products and conduct quality control tests to monitor processing and to ensure that standards are met.,P_A,0.65,16.7,0.69
3133,Chemical Plant Controllers,Operating electronic or computerized control panel from a central control room to monitor and optimize physical and chemical processes for several processing units.,P_A,0.65,11.0,0.69
3133,Chemical Plant Controllers,"Adjusting equipment, valves, pumps, controls and process equipment.",P_A,0.55,11.0,0.832
3133,Chemical Plant Controllers,"Controlling the preparation, measuring and feeding of raw materials and processing agents such as catalysts and filtering media into plant.",P_A,0.52,11.0,0.863
3133,Chemical Plant Controllers,"Controlling process start-up and shut-down, troubleshooting and monitoring outside process equipment.",P_A,0.65,11.0,0.69
3133,Chemical Plant Controllers,"Verifying equipment for malfunctions, carrying out routine operating tests and arranging for maintenance.",P_A,0.43,11.0,0.928
3133,Chemical Plant Controllers,"Analyzing sample products, performing tests, recording data and writing production logs.",P_A,0.6,11.0,0.769
3134,Refinery Plant Operators,"Distribute or process gas for utility companies or industrial plants, using panel boards, control boards, and semi-automatic equipment.",P_A,0.55,10.7,0.832
3134,Refinery Plant Operators,"Control operation of compressors, scrubbers, evaporators, and refrigeration equipment to liquefy, compress, or regasify natural gas.",P_A,0.55,10.7,0.832
3134,Refinery Plant Operators,"Control equipment to regulate flow and pressure of gas to feedlines of boilers, furnaces, and related steam-generating or heating equipment.",P_A,0.65,10.7,0.69
3134,Refinery Plant Operators,"Monitor gauges and flowmeters and inspect equipment to ensure that tank levels, temperatures, chemical amounts, and pressures are at specified levels, reporting abnormalities as necessary.",P_A,0.65,10.7,0.69
3134,Refinery Plant Operators,"Adjust temperature, pressure, vacuum, level, flow rate, or transfer of gas to maintain processes at required levels or to correct problems.",P_A,0.55,10.3,0.832
3134,Refinery Plant Operators,Collaborate with other operators to solve unit problems.,C_R,0.55,10.3,0.843
3134,Refinery Plant Operators,Operating electronic or computerized control panel from a central control room to monitor and optimize physical and chemical processes for several processing units.,P_A,0.65,7.3,0.69
3134,Refinery Plant Operators,"Adjusting equipment, valves, pumps, controls and process equipment.",P_A,0.55,7.3,0.832
3134,Refinery Plant Operators,"Controlling process start-up and shut-down, troubleshooting and monitoring outside process equipment.",P_A,0.65,7.3,0.69
3134,Refinery Plant Operators,"Verifying equipment for malfunctions, testing well pipes for leaks and fractures and arranging for maintenance.",P_A,0.55,7.3,0.832
3134,Refinery Plant Operators,"Analyzing sample products, performing tests, recording data and writing production logs.",P_A,0.55,7.3,0.832
3135,Metal Production Controllers,"Record production data, and maintain production logs.",C_R,0.43,18.3,0.933
3135,Metal Production Controllers,Operate controls to move or discharge metal workpieces from furnaces.,P_A,0.65,15.9,0.69
3135,Metal Production Controllers,"Co-ordinating and monitoring the operation of a particular aspect of metal processing production through control panels, computer terminals or other control systems, usually from a central control...",P_A,0.55,10.7,0.832
3135,Metal Production Controllers,"Operating multi-function central process control machinery to grind, separate, filter, melt, roast, treat, refine or otherwise process metals.",P_A,0.55,12.4,0.832
3135,Metal Production Controllers,"Observing computer printouts, video monitors and gauges to verify specified processing conditions and to make necessary adjustments.",P_A,0.55,10.7,0.832
3135,Metal Production Controllers,"Co-ordinating and supervising production crew such as machine and process operators, assistants and helpers.",S_E,0.48,10.7,0.261
3135,Metal Production Controllers,Starting up and shutting down the production system in cases of emergency or as required by schedule.,P_A,0.55,10.7,0.832
3135,Metal Production Controllers,Providing and organising training for members of production crew.,S_E,0.55,10.7,0.168
3143,Forestry technicians,"Manage forest protection activities, including fire control, fire crew training, and coordination of fire detection and public education programs.",S_E,0.6,10.0,0.119
3143,Forestry technicians,"Perform reforestation or forest renewal, including nursery and silviculture operations, site preparation, seeding and tree planting programs, cone collection, and tree improvement.",Phi_U,0.55,9.7,0.039
3143,Forestry technicians,Plan and supervise construction of access routes and forest roads.,S_E,0.55,10.7,0.168
3143,Forestry technicians,"Supervise forest nursery operations, timber harvesting, land use activities such as livestock grazing, and disease or insect control programs.",S_E,0.55,9.5,0.168
3143,Forestry technicians,"Provide information about, and enforce, regulations, such as those concerning environmental protection, resource utilization, fire safety, and accident prevention.",C_R,0.43,10.5,0.933
3143,Forestry technicians,"Conducting forest inventories, surveys and field measurements following accepted scientific and operational procedures.",Phi_U,0.5,7.9,0.057
3143,Forestry technicians,Assisting in and performing technical functions in the preparation of forest management and harvest plans using photogrammetric and mapping techniques and computerized information systems.,C_G,0.55,7.9,0.54
3143,Forestry technicians,Supervising and performing technical functions in forest harvesting operations.,S_E,0.48,10.2,0.261
3143,Forestry technicians,"Coordinating activities such as timber scaling, forest fire suppression, disease or insect control or pre- commercial thinning of forest stands.",S_E,0.55,7.9,0.168
3143,Forestry technicians,"Providing technical support to forestry research programs in areas such as tree improvement, seed orchard operations, insect and disease surveys or experimental forestry and forest engineering rese...",C_G,0.7,7.9,0.261
3143,Forestry technicians,Preparing forest cultivation and cutting plans.,C_G,0.55,7.9,0.54
3211,Medical imaging & therapeutic,"Position imaging equipment and adjust controls to set exposure time and distance, according to specification of examination.",Phi_U,0.6,10.7,0.027
3211,Medical imaging & therapeutic,"Monitor patients' conditions and reactions, reporting abnormal signs to physician.",C_G,0.6,10.8,0.44
3211,Medical imaging & therapeutic,"Administer radiopharmaceuticals or radiation intravenously to detect or treat diseases, using radioisotope equipment, under direction of a physician.",Phi_U,0.6,10.9,0.027
3211,Medical imaging & therapeutic,Explain procedures and observe patients to ensure safety and comfort during scan.,C_R,0.45,10.9,0.923
3211,Medical imaging & therapeutic,"Position patients for treatment with accuracy, according to prescription.",Phi_U,0.42,9.5,0.103
3211,Medical imaging & therapeutic,"Review and evaluate developed x-rays, video tape, or computer-generated information to determine if images are satisfactory for diagnostic purposes.",C_G,0.6,10.9,0.44
3211,Medical imaging & therapeutic,"Administer prescribed doses of radiation to specific body parts, using radiation therapy equipment according to established practices and standards.",C_G,0.52,9.5,0.599
3211,Medical imaging & therapeutic,"Observe screen during scan to ensure that image produced is satisfactory for diagnostic purposes, making adjustments to equipment as required.",C_G,0.5,9.3,0.636
3211,Medical imaging & therapeutic,"Operating or overseeing operation of radiologic, ultrasound and magnetic imaging equipment to produce images of the body for diagnostic purposes.",C_G,0.6,5.8,0.44
3211,Medical imaging & therapeutic,"Measuring and recording radiation dosage or radiopharmaceuticals received and used for patients, following prescription issued by a medical practitioner.",C_R,0.43,5.8,0.933
3211,Medical imaging & therapeutic,"Recording and disposing of radioactive materials and storing radiopharmaceuticals, following radiation safety procedures.",C_R,0.43,5.8,0.933
3213,Pharmaceutical techs & assistants,Receive written prescription or refill requests and verify that information is complete and accurate.,C_R,0.43,12.2,0.933
3213,Pharmaceutical techs & assistants,"Establish or maintain patient profiles, including lists of medications taken by individual patients.",C_R,0.52,11.9,0.872
3213,Pharmaceutical techs & assistants,Maintain proper storage and security conditions for drugs.,Phi_U,0.6,11.7,0.027
3213,Pharmaceutical techs & assistants,"Assist customers by answering simple questions, locating items, or referring them to the pharmacist for medication information.",Phi_U,0.6,11.5,0.027
3213,Pharmaceutical techs & assistants,Price and file prescriptions that have been filled.,C_R,0.28,9.8,0.979
3213,Pharmaceutical techs & assistants,"Order, label, and count stock of medications, chemicals, or supplies and enter inventory data into computer.",C_R,0.43,16.4,0.933
3213,Pharmaceutical techs & assistants,Preparing medications and other pharmaceutical compounds under the guidance of a pharmacist or other health professional.,Phi_U,0.6,6.6,0.027
3213,Pharmaceutical techs & assistants,"Dispensing medicines and drugs to clients and giving written and oral instructions on their use, as prescribed by medical doctors, veterinarians or other health porfessioanls.",C_G,0.7,6.6,0.261
3213,Pharmaceutical techs & assistants,Filling and labelling containers with prescribed medications.,Phi_U,0.4,6.6,0.119
3213,Pharmaceutical techs & assistants,Cleaning and preparing equipment and containers used to prepare and dispense medicines and pharmaceutical compounds.,Phi_U,0.3,6.6,0.231
3221,Nursing associate pros,"Evaluate nursing intervention outcomes, conferring with other healthcare team members as necessary.",C_G,0.6,15.6,0.44
3221,Nursing associate pros,Providing nursing and personal care and treatment and health advice to patients as per care plans established by health professionals.,Phi_U,0.52,19.1,0.049
3221,Nursing associate pros,"Administering medications and other treatments to patients, monitoring patients' condition and responses to treatment, and referring patients and their families to a health professional for special...",Phi_U,0.48,10.9,0.067
3221,Nursing associate pros,Cleaning wounds and applying surgical dressings.,Phi_U,0.76,10.9,0.008
3221,Nursing associate pros,Updating information on patients' condition and treatments received in records-keeping systems.,C_R,0.43,10.9,0.933
3221,Nursing associate pros,Assisting in planning and managing the care of individual patients.,C_G,0.6,10.9,0.44
3221,Nursing associate pros,Assisting in giving first-aid treatment in emergencies.,Phi_U,0.8,10.9,0.005
3221,Nursing associate pros,"Personal care for people in need of such care due to effects of ageing, illness, injury, or other physical or mental impairment.",Phi_U,0.6,10.9,0.027
3222,Midwifery associate pros,Monitor and maintain aseptic technique throughout procedures.,C_G,0.6,11.4,0.44
3222,Midwifery associate pros,Cover patients with surgical drapes to create and maintain a sterile operative field.,Phi_U,0.76,11.2,0.008
3222,Midwifery associate pros,"Coordinate or participate in the positioning of patients, using body stabilizing equipment or protective padding to provide appropriate exposure for the procedure or to protect against nerve damage...",Phi_U,0.6,11.2,0.027
3222,Midwifery associate pros,Identify tubal and ectopic pregnancies and refer patients for treatments.,C_G,0.7,11.2,0.261
3222,Midwifery associate pros,"Provide necessary medical care for infants at birth, including emergency care such as resuscitation.",Phi_U,0.76,10.9,0.008
3222,Midwifery associate pros,"Conduct ongoing prenatal health assessments, tracking changes in physical and emotional health.",C_G,0.6,10.9,0.44
3222,Midwifery associate pros,Establish and follow emergency or contingency plans for mothers and newborns.,S_E,0.68,10.9,0.067
3222,Midwifery associate pros,"Providing advice to women, families and communities on health, nutrition, hygiene, exercise, birth and emergency plans, breastfeeding, infant care, family planning and contraception, lifestyle and...",C_G,0.68,7.1,0.293
3222,Midwifery associate pros,"Assessing progress during pregnancy and childbirth, and recognizing signs and symptoms requiring referral to a health professional.",C_G,0.6,8.2,0.44
3222,Midwifery associate pros,"Providing delivery care, usually only in the absence of identified potential complications, or assisting medical doctors or midwifery professionals with delivery care.",Phi_U,0.6,7.1,0.027
3230,Traditional Medicine Associates,Examining patients and interviewing them and their families to determine their health status and the nature of physical or mental disorders or illnesses or other ailments.,C_G,0.6,20.0,0.44
3230,Traditional Medicine Associates,"Recommending and providing care and treatment for illnesses and other ailments using traditional techniques and medicaments, such as physical manipulation and exercises, blood-letting using natural...",C_G,0.7,20.0,0.261
3230,Traditional Medicine Associates,Providing care and treatment for physical injuries such as setting and healing fractured and dislocated bones using traditional methods of physical manipulation and herbal therapies.,Phi_U,0.7,20.0,0.012
3230,Traditional Medicine Associates,"Advising individuals, families and the community on health, nutrition, hygiene, lifestyle and other issues to maintain or improve health and well-being.",C_G,0.6,20.0,0.44
3230,Traditional Medicine Associates,"Referring patients to, and exchanging information with, other health care providers to ensure comprehensive and continuing care.",C_G,0.6,20.0,0.44
3240,Veterinary techs & assistants,Hold or restrain animals during veterinary procedures.,Phi_U,0.76,14.0,0.008
3240,Veterinary techs & assistants,Care for and monitor the condition of animals recovering from surgery.,Phi_U,0.8,12.2,0.005
3240,Veterinary techs & assistants,"Perform laboratory tests on blood, urine, or feces, such as urinalyses or blood counts, to assist in the diagnosis and treatment of animal health problems.",C_G,0.7,12.0,0.261
3240,Veterinary techs & assistants,"Prepare and administer medications, vaccines, serums, or treatments, as prescribed by veterinarians.",Phi_U,0.42,10.5,0.103
3240,Veterinary techs & assistants,Observe the behavior and condition of animals and monitor their clinical symptoms.,C_G,0.6,10.0,0.44
3240,Veterinary techs & assistants,Advising communities and individuals on the treatment of animals and their diseases and injuries.,C_G,0.7,7.8,0.261
3240,Veterinary techs & assistants,Conducting examinations of animals to make diagnoses or refer more difficult cases to veterinarians when needed.,C_G,0.7,6.7,0.261
3240,Veterinary techs & assistants,Cleaning and sterilising examination tables and instruments and preparing materials used in the examination and treatment of animals.,Phi_U,0.3,6.7,0.231
3240,Veterinary techs & assistants,Carrying out technical tasks connected with artificial insemination of animals.,Phi_U,0.6,6.7,0.027
3240,Veterinary techs & assistants,Assisting veterinarians to administer anaesthetics and oxygen during treatment.,Phi_U,0.7,6.7,0.012
3240,Veterinary techs & assistants,Performing routine animal dental procedures and assisting veterinarians with animal dentistry.,Phi_U,0.76,6.7,0.008
3251,Dental assistants & therapists,"Prepare patient, sterilize or disinfect instruments, set up instrument trays, prepare materials, or assist dentist during dental procedures.",Phi_U,0.5,13.8,0.057
3251,Dental assistants & therapists,"Clean calcareous deposits, accretions, and stains from teeth and beneath margins of gums, using dental instruments.",Phi_U,0.76,14.1,0.008
3251,Dental assistants & therapists,Record treatment information in patient records.,C_R,0.43,14.1,0.933
3251,Dental assistants & therapists,Assist dentist in management of medical or dental emergencies.,Phi_U,0.76,13.8,0.008
3251,Dental assistants & therapists,"Advising communities and individuals on dental hygiene, diet and other preventive measures to reduce potential risks to oral health.",C_G,0.5,8.9,0.636
3251,Dental assistants & therapists,"Conducting visual and physical examinations of patients' mouths, teeth and related structures to assess oral health status.",Phi_U,0.42,8.9,0.103
3251,Dental assistants & therapists,"Preparing, cleaning and sterilizing dental instruments, equipment and materials used in the examination and treatment of patients.",Phi_U,0.35,8.9,0.168
3251,Dental assistants & therapists,Getting patients ready for examination or treatment including explaining procedures and correct positioning.,Phi_U,0.7,8.9,0.012
3251,Dental assistants & therapists,Taking impressions of the mouth and dental radiographs to support diagnosis and fitting of dental prosthetics.,Phi_U,0.55,8.9,0.039
3253,Community health workers,Identify the particular health care needs of individuals in a community or target area.,C_G,0.6,12.0,0.44
3253,Community health workers,"Advise clients or community groups on issues related to improving general health, such as diet or exercise.",C_G,0.6,11.9,0.44
3253,Community health workers,"Advise clients or community groups on issues related to self-care, such as diabetes management.",C_G,0.6,11.9,0.44
3253,Community health workers,Refer community members to needed health services.,C_G,0.6,11.0,0.44
3253,Community health workers,"Providing information to families and communities on a range of health issues including nutrition, hygiene, infant and child care, immunizations, family planning, risk factors and prevention of…",C_G,0.6,8.9,0.44
3253,Community health workers,"Visiting families in their homes to provide information on the health, social and other services available and support them in gaining access to these services.",C_R,0.43,8.9,0.933
3253,Community health workers,"Visiting families who do not usually access medical establishments to monitor on a regular basis certain conditions, such as progress with pregnancy, child growth and development, and environmental...",C_G,0.6,8.9,0.44
3253,Community health workers,"Distributing to households medical supplies for the prevention and treatment of endemic diseases such as malaria, pneumonia and diarrhoeal diseases, and instructing family and community members in...",Phi_U,0.7,8.9,0.012
3253,Community health workers,Conducting outreach efforts to groups who do not usually access medical establishments with information and basic medical supplies for prevention and management of certain health conditions for…,C_G,0.6,8.9,0.44
3253,Community health workers,Collecting data from households and communities who do not usually access medical establishments for purposes of patient monitoring and referral and reporting to meet health regulations.,C_G,0.6,8.9,0.44
3254,Dispensing opticians,"Assist clients in selecting frames according to style and color, and ensure that frames are coordinated with facial and eye measurements and optical prescriptions.",C_G,0.6,12.7,0.44
3254,Dispensing opticians,"Maintain records of customer prescriptions, work orders, and payments.",C_R,0.43,12.4,0.933
3254,Dispensing opticians,"Show customers how to insert, remove, and care for their contact lenses.",C_G,0.6,12.2,0.44
3254,Dispensing opticians,Prepare work orders and instructions for grinding lenses and fabricating eyeglasses.,C_R,0.6,11.9,0.782
3254,Dispensing opticians,"Assemble eyeglasses by cutting and edging lenses, and fitting the lenses into frames.",Phi_U,0.42,11.5,0.103
3254,Dispensing opticians,Examining and taking facial and eye measurements of clients for fitting of eyeglasses and other optical devices.,Phi_U,0.42,7.9,0.103
3254,Dispensing opticians,"Providing advice to clients with selection and maintenance of eyeglasses and frames, types of contact lenses and other optical devices for performance, safety, comfort and lifestyle.",C_G,0.6,7.9,0.44
3254,Dispensing opticians,"Interpreting optical prescriptions and preparing work order for optical laboratory for grinding and mounting of lenses in frames, preparation of contact lenses and other required work.",C_G,0.6,7.9,0.44
3254,Dispensing opticians,Verifying exactness of finished optical appliances and devices to the original prescription and fit of clients.,Phi_U,0.42,7.9,0.103
3254,Dispensing opticians,Dispense optical lenses based on a prescription from an ophthalmologist or optometrist for the correction of reduced visual acuity.,C_G,0.6,7.9,0.44
3258,Ambulance workers,"Decontaminate ambulance interior following treatment of patient with infectious disease, and report case to proper authorities.",Phi_U,0.52,10.2,0.049
3258,Ambulance workers,"Immobilize patient for placement on stretcher and ambulance transport, using backboard or other spinal immobilization device.",Phi_U,0.6,10.2,0.027
3258,Ambulance workers,"Observe, record, and report to physician the patient's condition or injury, the treatment provided, and reactions to drugs or treatment.",C_R,0.43,11.7,0.933
3258,Ambulance workers,"Perform emergency diagnostic and treatment procedures, such as stomach suction, airway management, or heart monitoring, during ambulance ride.",Phi_U,0.8,10.2,0.005
3258,Ambulance workers,"Assessing health status of persons involved in accidents, natural disasters and other emergency situations, and determining needs for immediate and specialized medical assistance.",C_G,0.8,10.2,0.137
3258,Ambulance workers,"Performing medical procedures and administering drugs and other therapies according to protocol for emergency medical treatment, including resuscitating and defibrillating patients and operating…",Phi_U,0.76,10.2,0.008
3258,Ambulance workers,"Monitoring changes in health status of patients during transport to and from medical, rehabilitation and other health care facilities.",C_G,0.6,17.0,0.44
3258,Ambulance workers,Providing information and training to community groups and essential service workers in first aid for initial care of an illness or injury.,C_G,0.6,10.2,0.44
3258,Ambulance workers,Attendng and/or patrolling large-scale public gatherings and other events where health emergencies are more likely to occur.,Phi_U,0.55,10.2,0.039
3314,Statistical Associates,"Compute and analyze data, using statistical formulas and computers or calculators.",C_G,0.6,13.2,0.44
3314,Statistical Associates,Design and create special programs for tasks such as statistical analysis and data entry and cleaning.,C_G,0.6,13.1,0.44
3314,Statistical Associates,Enter data into computers for use in analyses or reports.,C_R,0.6,16.6,0.782
3314,Statistical Associates,"Assisting in planning and performing statistical, mathematical, actuarial, and related calculations.",C_R,0.66,10.2,0.69
3314,Statistical Associates,Preparing detailed estimates of quantities and costs of materials and labour required for statistical census and survey operations.,C_R,0.66,10.7,0.69
3314,Statistical Associates,"Performing technical tasks connected with establishing, maintaining and using registers and sampling frames for census and survey operations.",S_E,0.48,10.2,0.261
3314,Statistical Associates,"Preparing statistical, mathematical, actuarial, accounting and other results for presentation in graphical or tabular form.",C_R,0.66,8.6,0.69
3314,Statistical Associates,"Applying knowledge of statistical, mathematical, actuarial, accounting and related principles and practices in order to identify and solve problems arising in the course of their work.",C_R,0.6,8.6,0.782
3314,Statistical Associates,Supervising the work of statistical clerks.,C_R,0.66,8.6,0.69
3315,Valuers and loss assessors,Write descriptions of the property being appraised.,C_G,0.6,10.1,0.44
3315,Valuers and loss assessors,"Document physical characteristics of property such as measurements, quality, and design.",Phi_U,0.6,10.0,0.027
3315,Valuers and loss assessors,Analyze information gathered by investigation and report findings and recommendations.,C_G,0.6,9.8,0.44
3315,Valuers and loss assessors,Pay and process claims within designated authority level.,C_R,0.43,9.8,0.933
3315,Valuers and loss assessors,Evaluate practicality of repair as opposed to payment of market value of vehicle before accident.,C_G,0.6,9.6,0.44
3315,Valuers and loss assessors,"Write and submit appraisal reports for property, such as jewelry, art, antiques, collectibles, and equipment.",C_G,0.6,9.6,0.44
3315,Valuers and loss assessors,"Prepare written reports that estimate property values, outline methods by which the estimations were made, and meet appraisal standards.",C_R,0.43,15.7,0.933
3315,Valuers and loss assessors,"Determining the quality or value of raw materials, real estate, industrial equipment, personal and household effects, works of art, gems and other objects.",C_G,0.6,6.1,0.44
3315,Valuers and loss assessors,Assessing the extent of damage or loss and liabilities of insurance companies and underwriters for losses covered by insurance policies.,C_G,0.7,7.1,0.261
3315,Valuers and loss assessors,Obtaining records of sales and value of similar items or property.,C_R,0.43,6.1,0.933
3315,Valuers and loss assessors,"Inspecting items or property to evaluate condition, size, and construction.",Phi_U,0.6,6.1,0.027
3333,Employment agents and contractors,Administer employee benefit plans.,C_R,0.43,21.6,0.933
3333,Employment agents and contractors,Review employment applications and job orders to match applicants with job requirements.,C_R,0.43,20.0,0.933
3333,Employment agents and contractors,Finding workers for vacant posts against a commission from the employer or worker.,C_R,0.43,16.1,0.933
3333,Employment agents and contractors,Discussing with enterprises/organizations the needed skills and other characteristics of the workers to be employed or contracted.,C_G,0.55,14.1,0.54
3333,Employment agents and contractors,"Finding workers with appropriate skills, etc., and undertaking the necessary formalities according to national or international regulations and requirements.",C_R,0.43,14.1,0.933
3333,Employment agents and contractors,Ensuring that the employment contracts meet legal requirements and signing them.,C_R,0.55,14.1,0.843
3339,Business services agents NEC,"Pay, or arrange for payment of, taxes and duties on shipments.",C_R,0.43,11.8,0.933
3339,Business services agents NEC,Calculate duty and tariff payments owed on shipments.,C_R,0.43,11.8,0.933
3339,Business services agents NEC,Prepare written reports of investigation findings.,C_G,0.55,11.5,0.54
3339,Business services agents NEC,"Request or compile necessary import documentation, such as customs invoices, certificates of origin, and cargo-control documents.",C_R,0.58,11.5,0.808
3339,Business services agents NEC,Collect payment for transportation and accommodations from customer.,C_R,0.43,11.3,0.933
3339,Business services agents NEC,Prepare and deliver sales presentations to new and existing customers to sell new advertising programs and to protect and increase existing advertising.,C_G,0.6,11.3,0.44
3339,Business services agents NEC,Obtaining information about services to be sold and needs of prospective buyers.,C_G,0.55,7.5,0.54
3339,Business services agents NEC,Negotiating contracts on behalf of seller or buyer and explaining terms of sale and payment to client.,C_G,0.6,8.6,0.44
3339,Business services agents NEC,Making sure that the business service purchased is made available to the buyer in the agreed format at the agreed time.,C_R,0.43,7.5,0.933
3339,Business services agents NEC,"Selling by auction various kinds of property, cars, commodities, livestock, art, jewellery and other objects.",C_G,0.6,7.5,0.44
3342,Legal secretaries,"Organize and maintain law libraries, documents, and case files.",C_R,0.28,16.5,0.979
3342,Legal secretaries,"Mail, fax, or arrange for delivery of legal correspondence to clients, witnesses, and court officials.",C_R,0.35,17.0,0.964
3342,Legal secretaries,"Prepare, proofread, or process legal documents, such as summonses, subpoenas, complaints, appeals, motions, or pretrial agreements.",C_R,0.58,14.7,0.808
3342,Legal secretaries,Review legal publications and perform database searches to identify laws and court decisions relevant to pending cases.,C_R,0.48,11.3,0.904
3342,Legal secretaries,"Preparing and processing legal documents and papers, such as deeds, wills, affidavits and briefs.",C_R,0.58,10.1,0.808
3342,Legal secretaries,Reviewing and proofreading documents and correspondence to ensure compliance with legal procedures.,C_R,0.48,10.1,0.904
3342,Legal secretaries,"Screening requests for meetings, scheduling and organizing meetings.",C_R,0.45,10.1,0.923
3342,Legal secretaries,"Assisting in the preparation of budgets, monitoring of expenditures, drafting of contracts and purchasing or acquisition orders.",C_G,0.6,10.1,0.44
3344,Medical secretaries,"Produce medical reports, correspondence, records, patient-care information, statistics, medical research, and administrative material.",C_G,0.7,11.6,0.261
3344,Medical secretaries,"Set up and maintain medical files and databases, including records such as x-ray, lab, and procedure reports, medical histories, diagnostic workups, admission and discharge summaries, and clinical...",C_R,0.28,11.4,0.979
3344,Medical secretaries,Transcribe recorded messages or practitioners' diagnoses or recommendations into patients' medical records.,C_R,0.5,11.4,0.889
3344,Medical secretaries,"Compile and record medical charts, reports, or correspondence, using typewriter or personal computer.",C_R,0.43,11.6,0.933
3344,Medical secretaries,"Schedule and confirm patient diagnostic appointments, surgeries, or medical consultations.",C_R,0.45,11.1,0.923
3344,Medical secretaries,Complete insurance or other claim forms.,C_R,0.6,13.0,0.782
3344,Medical secretaries,Scheduling and confirming medical appointments and communicating messages for medical staff.,C_R,0.45,7.5,0.923
3344,Medical secretaries,"Interviewing patients to complete forms, documents and case histories.",C_R,0.38,7.5,0.954
3344,Medical secretaries,Maintaining medical files and records and technical library.,C_R,0.28,7.5,0.979
3344,Medical secretaries,Preparing financial statements and billing procedures.,C_R,0.58,7.5,0.808
3353,Government social benefits,"Advising individuals and organizations on government laws, rules and regulations concerning government benefit programs and the determination and disbursement of payments or referral to services, a...",C_G,0.6,25.0,0.44
3353,Government social benefits,Examining applications and other relevant documents to determine type and amount of benefit which individuals are eligible to receive.,C_R,0.48,25.0,0.904
3353,Government social benefits,Assessing documentation and interviewing benefit recipients to ensure eligibility for continuing benefits or services.,C_G,0.48,25.0,0.673
3353,Government social benefits,"Performing related administrative tasks to maintain client records and prepare reports on determinations regarding eligibility, referral decisions, termination of benefits and abuse or fraud.",C_R,0.43,25.0,0.933
3355,Police inspectors & detectives,Photograph crime or accident scenes for evidence records.,Phi_U,0.43,11.9,0.096
3355,Police inspectors & detectives,"Record progress of investigation, maintain informational files on suspects, and submit reports to commanding officer or magistrate to authorize warrants.",C_R,0.28,11.8,0.979
3355,Police inspectors & detectives,"Prepare charges or responses to charges, or information for court cases, according to formalized procedures.",C_G,0.48,11.8,0.673
3355,Police inspectors & detectives,"Preserve, process, and analyze items of evidence obtained from crime scenes and suspects, placing them in proper containers and destroying evidence no longer needed.",Phi_U,0.6,11.8,0.027
3355,Police inspectors & detectives,Maintain records of evidence and write and review reports.,C_R,0.43,11.8,0.933
3355,Police inspectors & detectives,"Establishing contacts and sources of information about crimes planned or committed, in order to prevent crimes or identify suspected offenders.",S_E,0.48,8.9,0.261
3355,Police inspectors & detectives,"Obtaining and verifying evidence by examining crime and accident scenes for clues and physical evidence, interviewing witnesses and suspects and analyzing documents and computer files.",Phi_U,0.68,7.7,0.014
3355,Police inspectors & detectives,"Analyzing evidence in order to solve crimes, identify criminal activity and gather information for court cases.",C_G,0.6,7.7,0.44
3355,Police inspectors & detectives,"Establishing contacts and sources of information not readily available or apparent concerning establishments or the circumstances and behaviour of persons, usually with the aim of preventing a crime.",S_E,0.48,8.9,0.261
3355,Police inspectors & detectives,Testifying in courts of law or reporting to superiors about circumstances and results of investigations.,C_G,0.48,7.7,0.673
3413,Religious associate pros,Administer religious rites or ordinances.,Phi_U,0.6,14.5,0.027
3413,Religious associate pros,Develop or direct study courses or religious education programs within congregations.,S_E,0.48,13.8,0.261
3413,Religious associate pros,Plan or lead religious education programs.,S_E,0.48,13.8,0.261
3413,Religious associate pros,Preaching and propagating the teachings of a particular religious faith.,C_G,0.6,9.6,0.44
3413,Religious associate pros,Assisting at services of public worship and religious rites.,Phi_U,0.5,9.6,0.057
3413,Religious associate pros,"Providing religious education, spiritual guidance and moral support to individuals and communities.",C_G,0.6,9.6,0.44
3413,Religious associate pros,"Administering and participating in programs to provide food, clothing and shelter to those in need.",S_E,0.48,9.6,0.261
3413,Religious associate pros,Advising communities and individuals on proper behaviour and faith to preserve or improve well-being.,C_G,0.6,9.6,0.44
3413,Religious associate pros,Propagate the teachings of a particular religion.,C_G,0.6,9.6,0.44
3432,Interior designers and decorators,"Confer with client to determine factors affecting planning of interior environments, such as budget, architectural preferences, purpose, and function.",C_G,0.45,12.2,0.723
3432,Interior designers and decorators,"Advise client on interior design factors, such as space planning, layout and use of furnishings or equipment, and color coordination.",C_G,0.6,11.8,0.44
3432,Interior designers and decorators,Determining the objectives and constraints of the design brief by consulting with clients and stakeholders.,C_G,0.6,7.6,0.44
3432,Interior designers and decorators,"Researching and analysing spatial, functional, efficiency, safety and aesthetic requirements.",C_G,0.7,7.6,0.261
3432,Interior designers and decorators,Formulating design concepts for the interiors of buildings.,C_G,0.6,7.6,0.44
3432,Interior designers and decorators,"Preparing sketches, diagrams, illustrations and plans to communicate design concepts.",C_G,0.6,7.6,0.44
3432,Interior designers and decorators,"Negotiating design solutions with clients, management, suppliers and construction staff.",S_E,0.6,7.6,0.119
3432,Interior designers and decorators,"Selecting, specifying and recommending functional and aesthetic materials, furniture and products for interiors.",C_G,0.6,7.6,0.44
3432,Interior designers and decorators,Detailing and documenting selected design for construction.,C_G,0.6,7.6,0.44
3432,Interior designers and decorators,Coordinating the construction and the decoration of interiors.,C_G,0.6,7.6,0.44
3432,Interior designers and decorators,Designing and painting stage scenery.,Phi_U,0.58,7.6,0.031
3432,Interior designers and decorators,Designing and decorating show windows and other display areas to promote products and services.,C_G,0.6,7.6,0.44
3434,Chefs,"Instruct cooks or other workers in the preparation, cooking, garnishing, or presentation of food.",S_E,0.55,13.6,0.168
3434,Chefs,Supervise or coordinate activities of cooks or workers engaged in food preparation.,S_E,0.55,14.2,0.168
3434,Chefs,"Inspect supplies, equipment, or work areas to ensure conformance to established standards.",Phi_U,0.43,13.1,0.096
3434,Chefs,"Train workers in food preparation, and in service, sanitation, and safety procedures.",S_E,0.55,11.1,0.168
3434,Chefs,"Planning and developing recipes and menus, estimating food and labour costs, and ordering food supplies.",C_G,0.6,8.0,0.44
3434,Chefs,Monitoring quality of dishes at all stages of preparation and presentation.,Phi_U,0.55,8.0,0.039
3434,Chefs,"Discussing food preparation issues with managers, dieticians, kitchen and waiting staff.",S_E,0.43,8.0,0.345
3434,Chefs,Participating on the recruitment of kitchen staff and monitoring their performance.,S_E,0.55,8.0,0.168
3434,Chefs,"Preparing, seasoning and cooking speciality foods and complex dishes.",Phi_U,0.68,8.0,0.014
3434,Chefs,Explaining and enforcing hygiene and food safety regulations.,S_E,0.43,8.0,0.345
3511,ICT Operations Technicians,"Analyze network data to determine network usage, disk space availability, or server function.",C_G,0.6,14.0,0.44
3511,ICT Operations Technicians,Operating and controlling peripheral and related computer equipment.,C_R,0.43,10.5,0.933
3511,ICT Operations Technicians,"Entering commands, using computer terminal, and activating controls on computer and peripheral equipment to integrate and operate equipment.",C_R,0.43,12.5,0.933
3511,ICT Operations Technicians,Monitoring systems for equipment failure or errors in performance.,C_R,0.43,10.5,0.933
3511,ICT Operations Technicians,Notifying supervisor or maintenance technician of equipment malfunctions.,C_R,0.43,10.5,0.933
3511,ICT Operations Technicians,"Responding to program error messages by finding and correcting problems, escalating the problem to other staff or terminating the program.",C_R,0.43,10.5,0.933
3511,ICT Operations Technicians,"Reading job set-up instructions to determine equipment to be used, order of use, material such as disks and paper to be loaded, and control settings.",C_R,0.43,10.5,0.933
3511,ICT Operations Technicians,"Retrieving, separating and sorting program output as needed, and sending data to specified users.",C_R,0.43,10.5,0.933
3511,ICT Operations Technicians,"Loading peripheral equipment, such as printers, with selected materials for operating runs, or oversee loading of peripheral equipment by peripheral equipment operators.",Phi_U,0.3,10.5,0.231
3522,Telecommunications engineering,"Modify, maintain, or repair electronics equipment or systems to ensure proper functioning.",Phi_U,0.58,10.8,0.031
3522,Telecommunications engineering,"Read blueprints, wiring diagrams, schematic drawings, or engineering instructions for assembling electronics units, applying knowledge of electronic theory and components.",C_G,0.43,10.7,0.754
3522,Telecommunications engineering,"Design or modify engineering schematics for electrical transmission and distribution systems or for electrical installation in residential, commercial, or industrial buildings, using computer-aided...",C_G,0.6,10.2,0.44
3522,Telecommunications engineering,Review electrical engineering plans to ensure adherence to design specifications and compliance with applicable electrical codes and standards.,C_G,0.52,9.9,0.599
3522,Telecommunications engineering,Interpret test information to resolve design-related problems.,C_G,0.6,9.9,0.44
3522,Telecommunications engineering,"Assemble, test, or maintain circuitry or electronic components, according to engineering instructions, technical manuals, or knowledge of electronics, using hand or power tools.",Phi_U,0.55,9.7,0.039
3522,Telecommunications engineering,"Providing technical assistance connected with research and the development of telecommunications equipment, or testing prototypes.",C_G,0.7,7.8,0.261
3522,Telecommunications engineering,Studying technical material such as blue prints and sketches to determine the method of work to be adopted.,C_R,0.43,7.8,0.933
3522,Telecommunications engineering,"Preparing detailed estimates of quantities and costs of materials and labour required for the manufacture and installation of telecommunications equipment, according to the specifications given.",C_R,0.43,7.8,0.933
3522,Telecommunications engineering,"Providing technical supervision of the manufacture, utilization, maintenance and repair of telecommunications systems to ensure satisfactory performance and compliance with specifications and regul...",S_E,0.55,7.8,0.168
3522,Telecommunications engineering,Applying technical knowledge of telecommunications engineering principles and practices in order to identify and solve problems arising in the course of their work.,C_G,0.6,7.8,0.44
4110,General office clerks,"Operate office machines, such as photocopiers and scanners, facsimile machines, voice mail systems, and personal computers.",C_R,0.35,10.8,0.964
4110,General office clerks,Perform buying duties when necessary.,C_R,0.43,10.4,0.933
4110,General office clerks,Prepare purchase orders and send copies to suppliers and to departments originating requests.,C_R,0.43,10.2,0.933
4110,General office clerks,"Prepare, maintain, and review purchasing files, reports and price lists.",C_R,0.28,9.8,0.979
4110,General office clerks,"Contact suppliers to schedule or expedite deliveries and to resolve shortages, missed or late deliveries, and other problems.",C_R,0.43,9.8,0.933
4110,General office clerks,"Recording, preparing, sorting, classifying and filing information.",C_R,0.28,7.0,0.979
4110,General office clerks,"Sorting, opening and sending mail.",C_R,0.43,7.0,0.933
4110,General office clerks,Preparing reports and correspondence of a routine nature.,C_R,0.43,7.0,0.933
4110,General office clerks,Recording issue of equipment to staff.,C_R,0.43,7.0,0.933
4110,General office clerks,Responding to telephone or electronic enquiries or forwarding to appropriate person.,C_R,0.43,7.0,0.933
4110,General office clerks,"Checking figures, preparing invoices and recording details of financial transactions made.",C_R,0.43,7.0,0.933
4110,General office clerks,"Transcribing information onto computers, and proofreading and correcting copy.",C_R,0.43,7.0,0.933
4120,Secretaries (general),"Perform payroll functions, such as maintaining timekeeping information and processing and submitting payroll.",C_R,0.58,16.2,0.808
4120,Secretaries (general),"Set up and manage paper or electronic filing systems, recording information, updating paperwork, or maintaining documents, such as attendance records, correspondence, or other material.",C_R,0.28,15.3,0.979
4120,Secretaries (general),Using various computer software packages including spreadsheets to provide administrative support.,C_R,0.43,18.0,0.933
4120,Secretaries (general),Dealing with incoming or outgoing mail.,C_R,0.43,10.1,0.933
4120,Secretaries (general),"Scanning, recording and distributing mail, correspondence and documents.",C_R,0.28,10.1,0.979
4120,Secretaries (general),Screening requests for meetings or appointments and helping to organize meetings.,C_R,0.43,10.1,0.933
4120,Secretaries (general),Screening and recording leave and other staff-members' entitlements.,C_R,0.43,10.1,0.933
4120,Secretaries (general),Dealing with routine correspondence on their own initiative.,C_R,0.43,10.1,0.933
4132,Data entry clerks,"Locate and correct data entry errors, or report them to supervisors.",C_R,0.38,19.9,0.954
4132,Data entry clerks,"Compile, sort, and verify the accuracy of data before it is entered.",C_R,0.43,24.7,0.933
4132,Data entry clerks,"Read source documents such as canceled checks, sales reports, or bills, and enter data in specific data fields or onto tapes or disks for subsequent entry, using keyboards or scanners.",C_R,0.43,18.8,0.933
4132,Data entry clerks,"Receiving and registering invoices, forms, records and other documents for data capture.",C_R,0.43,12.2,0.933
4132,Data entry clerks,"Entering numerical data, codes and text from source material into computer-compatible storage and processing devices.",C_R,0.43,12.2,0.933
4132,Data entry clerks,Operating bookkeeping and calculating machines.,C_R,0.35,12.2,0.964
4212,Bookmakers,Inspect cards and equipment to be used in games to ensure that they are in good condition.,Phi_U,0.43,20.0,0.096
4212,Bookmakers,Stand behind a gaming table and deal the appropriate number of cards to each player.,Phi_U,0.43,19.2,0.096
4212,Bookmakers,Determining risks to decide odds and to hedge or refuse bets.,C_G,0.65,12.1,0.345
4212,Bookmakers,Preparing and issuing lists of approximate odds.,C_R,0.43,12.1,0.933
4212,Bookmakers,"Distributing cards, rolling dice or spinning a roulette wheel: (d) explaining and interpreting operating rules of a gambling establishment.",Phi_U,0.6,12.1,0.027
4212,Bookmakers,"Announcing winning numbers, paying winners and collecting payments from losers.",Phi_U,0.43,12.1,0.096
4212,Bookmakers,"Pay off bets on results of sporting or other events, or conduct games of chance in gambling establishments.",Phi_U,0.43,12.1,0.096
4213,Pawnbrokers and money-lenders,"Cash checks and pay out money after verifying that signatures are correct, that written and numerical amounts agree, and that accounts have sufficient funds.",C_R,0.58,11.7,0.808
4213,Pawnbrokers and money-lenders,Monitor bank vaults to ensure cash balances are correct.,C_R,0.43,11.7,0.933
4213,Pawnbrokers and money-lenders,"Count currency, coins, and checks received, by hand or using currency-counting machine, to prepare them for deposit or shipment to branch banks or the Federal Reserve Bank.",C_R,0.43,11.5,0.933
4213,Pawnbrokers and money-lenders,Prepare and verify cashier's checks.,C_R,0.43,11.2,0.933
4213,Pawnbrokers and money-lenders,"Process transactions, such as term deposits, retirement savings plan contributions, automated teller transactions, night deposits, and mail deposits.",C_R,0.43,11.2,0.933
4213,Pawnbrokers and money-lenders,"Analyze applicants' financial status, credit, and property evaluations to determine feasibility of granting loans.",C_G,0.6,11.0,0.44
4213,Pawnbrokers and money-lenders,"Evaluating articles offered as pledges, calculating interest, and lending money.",C_G,0.55,8.5,0.54
4213,Pawnbrokers and money-lenders,"Returning articles when the loan is paid or, in the event of non-payment, selling pledged articles.",C_R,0.43,7.3,0.933
4213,Pawnbrokers and money-lenders,Lending money as personal loans against success of future harvest and other similar undertakings.,C_G,0.6,8.5,0.44
4213,Pawnbrokers and money-lenders,Keeping a record of items received and money distributed and received.,C_R,0.43,7.3,0.933
4224,Hotel receptionists,"Greet, register, and assign rooms to guests of hotels or motels.",C_R,0.43,10.5,0.933
4224,Hotel receptionists,Contact housekeeping or maintenance staff when guests report problems.,C_R,0.43,10.5,0.933
4224,Hotel receptionists,"Verify customers' credit, and establish how the customer will pay for the accommodation.",C_R,0.43,10.2,0.933
4224,Hotel receptionists,Review accounts and charges with guests during the check out process.,C_R,0.58,11.0,0.808
4224,Hotel receptionists,"Record guest comments or complaints, referring customers to managers as necessary.",C_R,0.43,8.7,0.933
4224,Hotel receptionists,"Transmit and receive messages, using telephones or telephone switchboards.",C_R,0.43,9.8,0.933
4224,Hotel receptionists,"Answer inquiries pertaining to hotel services, guest registration, and travel directions, or make recommendations regarding shopping, dining, or entertainment.",C_R,0.43,8.5,0.933
4224,Hotel receptionists,Advise housekeeping staff when rooms have been vacated and are ready for cleaning.,C_R,0.3,8.4,0.975
4224,Hotel receptionists,"Maintaining an inventory of rooms available for occupancy, reservations and room assignments.",C_R,0.43,5.6,0.933
4224,Hotel receptionists,Providing information regarding hotel services and services available in the community.,C_R,0.43,5.6,0.933
4224,Hotel receptionists,Providing information about availability of accommodation and making room reservations.,C_R,0.43,5.6,0.933
4224,Hotel receptionists,Responding to guests? requests for housekeeping and maintenance services as well as complaints.,C_R,0.43,5.6,0.933
4227,Survey & Research Interviewers,Identify and report problems in obtaining valid data.,C_R,0.43,19.5,0.933
4227,Survey & Research Interviewers,"Compile, record, and code results or data from interview or survey, using computer or specified form.",C_R,0.43,15.3,0.933
4227,Survey & Research Interviewers,Identify and resolve inconsistencies in interviewees' responses by means of appropriate questioning or explanation.,C_G,0.55,16.5,0.54
4227,Survey & Research Interviewers,"Contact individuals to be interviewed at home, place of business, or field location, by telephone, mail, or in person.",C_R,0.43,16.3,0.933
4227,Survey & Research Interviewers,Asking questions following the outlines of questionnaires and surveys.,C_R,0.43,10.8,0.933
4227,Survey & Research Interviewers,Recording responses on paper or entering responses directly into a computer database through computer- assisted interviewing systems.,C_R,0.43,10.8,0.933
4227,Survey & Research Interviewers,Record their responses to survey.,C_R,0.43,10.8,0.933
4321,Stock clerks,"Document quantity, quality, type, weight, test result data, and value of materials or products to maintain shipping, receiving, and production records and files.",C_R,0.5,11.4,0.889
4321,Stock clerks,"Weigh or measure materials, equipment, or products to maintain relevant records, using volume meters, scales, rules, or calipers.",Phi_S,0.43,11.2,0.56
4321,Stock clerks,"Examine shipment contents and compare with records, such as manifests, invoices, or orders, to verify accuracy.",Phi_S,0.43,10.7,0.56
4321,Stock clerks,Operate equipment such as forklifts.,Phi_S,0.55,11.7,0.327
4321,Stock clerks,"Receive and count stock items, and record data manually or on computer.",Phi_S,0.43,10.3,0.56
4321,Stock clerks,Requisition and store shipping materials and supplies to maintain inventory of stock.,Phi_S,0.55,10.3,0.327
4321,Stock clerks,Arranging and controlling receipt and dispatch of goods and keeping relevant records.,Phi_S,0.43,7.7,0.56
4321,Stock clerks,"Maintaining stock records, verifying issue of goods, estimating needs and making requisitions of new stocks.",C_R,0.43,7.7,0.933
4321,Stock clerks,"Weighing goods received, issued, produced, or dispatched and maintaining relevant records.",Phi_S,0.43,11.2,0.56
4321,Stock clerks,Compiling inventories of furniture and other items received for storage.,Phi_S,0.43,7.7,0.56
4322,Production clerks,Distribute production schedules or work orders to departments.,C_R,0.55,11.1,0.843
4322,Production clerks,"Revise production schedules when required due to design changes, labor or material shortages, backlogs, or other interruptions, collaborating with management, marketing, sales, production, or engin...",S_E,0.45,9.4,0.31
4322,Production clerks,"Review documents, such as production schedules, work orders, or staffing tables, to determine personnel or materials requirements or material priorities.",C_R,0.45,9.1,0.923
4322,Production clerks,"Arrange for delivery, assembly, or distribution of supplies or parts to expedite flow of materials and meet production schedules.",S_E,0.45,8.7,0.31
4322,Production clerks,"Confer with establishment personnel, vendors, or customers to coordinate production or shipping activities and to resolve complaints or eliminate delays.",S_E,0.55,8.7,0.168
4322,Production clerks,Requisition and maintain inventories of materials or supplies necessary to meet production demands.,C_R,0.43,8.6,0.933
4322,Production clerks,"Plan production commitments or timetables for business units, specific programs, or jobs, using sales forecasts.",S_E,0.48,8.2,0.261
4322,Production clerks,"Compile and prepare documentation related to production sequences, transportation, personnel schedules, or purchase, maintenance, or repair orders.",S_E,0.45,8.0,0.31
4322,Production clerks,"Record production data, including volume produced, consumption of raw materials, or quality control measures.",C_R,0.4,7.5,0.947
4322,Production clerks,"Computing quantities, qualities and types of materials required by production programme.",C_R,0.45,7.5,0.923
4322,Production clerks,"Preparing production requirements schedules, ensuring that materials are available when needed, and keeping relevant records.",C_R,0.45,6.6,0.923
4322,Production clerks,Preparing or assisting in the preparation of production operation schedules on the basis of customers' orders and production capacity and performance.,S_E,0.45,6.6,0.31
4413,Coding & Proofing Clerks,Read corrected copies or proofs to ensure that all corrections have been made.,C_R,0.43,11.9,0.933
4413,Coding & Proofing Clerks,"Correct or record omissions, errors, or inconsistencies found.",C_R,0.43,11.7,0.933
4413,Coding & Proofing Clerks,"Route proofs with marked corrections to authors, editors, typists, or typesetters for correction or reprinting.",C_R,0.55,11.2,0.843
4413,Coding & Proofing Clerks,"Archive documents, conduct research, and read copy, using the internet and various computer programs.",C_G,0.55,10.0,0.54
4413,Coding & Proofing Clerks,"Read proof sheets aloud, calling out punctuation marks and spelling unusual words and proper names.",C_R,0.43,8.6,0.933
4413,Coding & Proofing Clerks,Converting information into codes and classifying information by codes for data-processing purposes.,C_R,0.43,7.8,0.933
4413,Coding & Proofing Clerks,"Comparing proofs of texts and related material prepared for printing with original material, correcting errors and marking texts for printer according to the established rules.",C_R,0.43,7.8,0.933
4413,Coding & Proofing Clerks,Sorting forms and marking them with identification numbers.,C_R,0.43,7.8,0.933
4413,Coding & Proofing Clerks,Sorting documents for filing or to collate sets of pages.,C_R,0.28,7.8,0.979
4413,Coding & Proofing Clerks,Addressing circulars and envelopes by hand.,C_R,0.43,7.8,0.933
4413,Coding & Proofing Clerks,Perform a number of miscellaneous clerical duties.,C_R,0.43,7.8,0.933
4415,Filing and copying clerks,"Perform general office activities, such as typing, answering telephones, operating office machines, processing mail, or securing confidential materials.",C_R,0.35,11.3,0.964
4415,Filing and copying clerks,"Keep records of materials filed or removed, using logbooks or computers and generate computerized reports.",C_R,0.43,12.5,0.933
4415,Filing and copying clerks,"Place original copies in feed trays, feed originals into feed rolls, or position originals on tables beneath camera lenses.",C_R,0.43,11.1,0.933
4415,Filing and copying clerks,"Sort, assemble, and proof completed work.",C_R,0.43,10.9,0.933
4415,Filing and copying clerks,"Set up and adjust machines, regulating factors such as speed, ink flow, focus, and number of copies.",C_R,0.35,10.6,0.964
4415,Filing and copying clerks,Track materials removed from files to ensure that borrowed files are returned.,C_R,0.28,10.6,0.979
4415,Filing and copying clerks,"Sorting or classifying materials according to guidelines such as content, purpose, user criteria, or chronological, alphabetical, or numerical order.",C_R,0.43,7.7,0.933
4415,Filing and copying clerks,"Filing material in drawers, cabinets and storage boxes.",C_R,0.28,7.7,0.979
4415,Filing and copying clerks,Locating and remove materials from files when requested.,C_R,0.28,8.8,0.979
4415,Filing and copying clerks,"Photocopying, scanning or faxing documents.",C_R,0.28,8.8,0.979
4416,Personnel clerks,"Process, verify, and maintain personnel related documentation, including staffing, recruitment, training, grievances, performance evaluations, classifications, and employee leaves of absence.",C_R,0.43,9.2,0.933
4416,Personnel clerks,Interview job applicants to obtain and verify information used to screen and evaluate them.,C_R,0.43,9.2,0.933
4416,Personnel clerks,Process and review employment applications to evaluate qualifications or eligibility of applicants.,C_R,0.43,9.0,0.933
4416,Personnel clerks,Inform job applicants of their acceptance or rejection of employment.,C_R,0.3,8.8,0.975
4416,Personnel clerks,Examine employee files to answer inquiries and provide information for personnel actions.,C_R,0.28,8.4,0.979
4416,Personnel clerks,"Updating information on, employment history, salaries, performance evaluations, qualifications and training and leave taken and accumulated.",C_R,0.3,7.8,0.975
4416,Personnel clerks,Initiating records for newly appointed workers and checking records for completeness.,C_R,0.43,6.8,0.933
4416,Personnel clerks,Processing applications for employment and promotions and advising applicants of results.,C_R,0.43,6.8,0.933
4416,Personnel clerks,Receiving and answering inquiries about employment entitlements and conditions.,C_R,0.45,6.8,0.923
4416,Personnel clerks,Sending out job applications and announcements of job openings and job examinations.,C_R,0.3,6.8,0.975
4416,Personnel clerks,"Maintaining and updating manual and computerized filing and registration systems, and compiling and preparing reports and documents relating to personnel activities.",C_R,0.28,6.8,0.979
4416,Personnel clerks,Storing and retrieving personnel records and files on request.,C_R,0.28,6.8,0.979
4416,Personnel clerks,Update personnel records such as information on transfers.,C_R,0.43,6.8,0.933
5111,Travel attendants & travel stewards,"Verify that first aid kits and other emergency equipment, including fire extinguishers and oxygen bottles, are in working order.",C_R,0.43,11.7,0.933
5111,Travel attendants & travel stewards,"Announce and demonstrate safety and emergency procedures, such as the use of oxygen masks, seat belts, and life jackets.",C_R,0.43,12.2,0.933
5111,Travel attendants & travel stewards,"Direct and assist passengers in emergency procedures, such as evacuating a plane following an emergency landing.",Phi_U,0.68,11.5,0.014
5111,Travel attendants & travel stewards,"Prepare passengers and aircraft for landing, following procedures.",Phi_U,0.7,10.0,0.012
5111,Travel attendants & travel stewards,Administer first aid to passengers in distress.,Phi_U,0.6,11.5,0.027
5111,Travel attendants & travel stewards,"Attend preflight briefings concerning weather, altitudes, routes, emergency procedures, crew coordination, lengths of flights, food and beverage services offered, and numbers of passengers.",S_E,0.6,10.5,0.119
5111,Travel attendants & travel stewards,"Greeting passengers entering aircraft or ships, checking tickets or boarding passes, and directing them to their seats or berths.",C_R,0.43,6.5,0.933
5111,Travel attendants & travel stewards,Assembling and serving pre-prepared meals and beverages.,Phi_U,0.43,6.5,0.096
5111,Travel attendants & travel stewards,Selling duty-free and other goods.,C_R,0.43,6.5,0.933
5111,Travel attendants & travel stewards,"Taking care of general needs and comfort of passengers, answering inquiries, and keeping cabins clean and tidy.",Phi_U,0.3,6.5,0.231
5111,Travel attendants & travel stewards,Preparing passengers and aircraft for take-off and landing.,Phi_U,0.7,6.5,0.012
5112,Transport conductors,Perform equipment safety checks prior to departure.,C_R,0.43,12.3,0.933
5112,Transport conductors,"Provide boarding assistance to elderly, sick, or injured people.",Phi_U,0.55,12.5,0.039
5112,Transport conductors,"Respond to passengers' questions, requests, or complaints.",Phi_S,0.55,11.7,0.327
5112,Transport conductors,Greet passengers boarding transportation equipment and announce routes and stops.,Phi_S,0.55,11.5,0.327
5112,Transport conductors,"Plan work assignments and equipment allocations to meet transportation, operations or production goals.",S_E,0.48,11.5,0.261
5112,Transport conductors,Open and close doors for passengers.,Phi_S,0.55,11.2,0.327
5112,Transport conductors,"Collecting and issuing tickets, passes or fares, and checking the validity of tickets issued previously.",C_R,0.43,7.3,0.933
5112,Transport conductors,Attending to sleeping-cars and their occupants on passenger trains.,Phi_S,0.55,7.3,0.327
5112,Transport conductors,Signalling to drivers to stop or proceed.,Phi_S,0.55,7.3,0.327
5112,Transport conductors,Taking appropriate action in case of emergencies or accidents.,Phi_S,0.55,7.3,0.327
5151,Housekeeping Supervisors,Plan and prepare employee work schedules.,S_E,0.45,16.0,0.31
5151,Housekeeping Supervisors,Issue supplies and equipment to workers.,C_R,0.35,13.3,0.964
5151,Housekeeping Supervisors,"Maintain required records of work hours, budgets, payrolls, and other information.",C_R,0.58,13.3,0.808
5151,Housekeeping Supervisors,"A) engaging, training, discharging organizing and supervising helpers, cleaners and other housekeeping staff.",S_E,0.48,8.2,0.261
5151,Housekeeping Supervisors,Purchasing or controlling the purchase of supplies.,S_E,0.48,8.2,0.261
5151,Housekeeping Supervisors,Supervising general welfare and conduct of individuals in institutions.,S_E,0.48,8.2,0.261
5151,Housekeeping Supervisors,"Sweeping or vacuum-cleaning, washing and polishing floors, furniture and other fixtures.",Phi_U,0.3,8.2,0.231
5151,Housekeeping Supervisors,"Making beds, cleaning bathrooms, supplying towels, soap and related items.",Phi_U,0.3,8.2,0.231
5151,Housekeeping Supervisors,"Cleaning kitchens and generally helping with kitchen work, including dishwashing.",Phi_U,0.3,8.2,0.231
5151,Housekeeping Supervisors,Restocking minibars and replenishing items such as drinking glasses and writing equipment.,Phi_U,0.3,8.2,0.231
5165,Driving instructors,Confer with other teachers and professionals to plan and schedule lessons promoting learning and development.,C_G,0.5,20.2,0.636
5165,Driving instructors,"Instructing students under actual driving conditions, and explaining and demonstrating the operation of brakes, clutch, gear selection, automatic transmission, signals and lights.",Phi_U,0.55,16.0,0.039
5165,Driving instructors,Teaching road craft and road safety.,C_G,0.6,16.0,0.44
5165,Driving instructors,Advising students when they are ready to undergo driving examination.,C_G,0.55,16.0,0.54
5165,Driving instructors,Advising on and teaching advanced driving techniques required for emergency situations.,Phi_U,0.65,16.0,0.018
5165,Driving instructors,Illustrating and explaining handling and mechanical operation of motor vehicles and driving techniques using blackboard diagrams and audiovisual aids.,C_G,0.5,16.0,0.636
5243,Door to door salespersons,Write and record orders for merchandise or enter orders into computers.,C_R,0.43,15.0,0.933
5243,Door to door salespersons,Giving details of various goods or services and of terms of sale by visiting clients and potential clients door to door.,Phi_U,0.43,10.6,0.096
5243,Door to door salespersons,Demonstrating or describing goods or services on offer.,Phi_U,0.43,10.6,0.096
5243,Door to door salespersons,Recording orders and transactions and placing orders received with suppliers.,C_R,0.43,10.6,0.933
5243,Door to door salespersons,Preparing invoices and sales contracts and accepting payment.,C_R,0.43,10.6,0.933
5243,Door to door salespersons,"Distributing letters, information sheets and other documents to clients.",Phi_U,0.43,10.6,0.096
5243,Door to door salespersons,Compiling lists of prospective clients and calling on them to obtain new business.,Phi_U,0.43,10.6,0.096
5243,Door to door salespersons,Travelling between sales areas and clients and transporting samples or goods for sale.,Phi_U,0.43,10.6,0.096
5243,Door to door salespersons,"Solicit business for an establishment, by approaching or visiting potential customers, usually residents in private homes, by going from door to door.",Phi_U,0.43,10.6,0.096
5244,Contact centre salespersons,"Contact businesses or private individuals by telephone to solicit sales for goods or services, or to request donations for charitable causes.",C_R,0.43,12.5,0.933
5244,Contact centre salespersons,"Maintain records of contacts, accounts, and orders.",C_R,0.35,12.3,0.964
5244,Contact centre salespersons,Telephone or write letters to respond to correspondence from customers or to follow up initial sales contacts.,C_G,0.52,12.0,0.599
5244,Contact centre salespersons,Schedule appointments for sales representatives to meet with prospective customers or for customers to attend sales presentations.,C_R,0.38,11.8,0.954
5244,Contact centre salespersons,"Promoting goods and services by telephone or electronic mail, following scripts and working form lists of contacts.",C_R,0.43,8.6,0.933
5244,Contact centre salespersons,"Creating interest in goods and services, and seeking a sale or agreement to see sales representatives.",C_G,0.6,8.6,0.44
5244,Contact centre salespersons,"Arranging processing and despatch of goods and services, information kits and brochures to customers.",C_R,0.43,8.6,0.933
5244,Contact centre salespersons,Recording notes for follow-up action and updating marketing databases to reflect changes to the status of each customer.,C_R,0.43,8.6,0.933
5244,Contact centre salespersons,Reporting competitor activities and issues raised by contacts for attention by managers.,C_R,0.43,8.6,0.933
5244,Contact centre salespersons,Maintaining statistics of calls made and successes achieved.,C_R,0.43,8.6,0.933
5246,Food service counter attendants,Clean up spilled food or drink or broken dishes and remove empty bottles and trash.,Phi_U,0.3,15.3,0.231
5246,Food service counter attendants,Serve customers in eating places that specialize in fast service and inexpensive carry-out food.,Phi_U,0.43,14.6,0.096
5246,Food service counter attendants,Serving food to customers at counters.,Phi_U,0.43,10.0,0.096
5246,Food service counter attendants,"Ascertaining the products desired by the customer, assisting customer in making a choice and taking orders.",C_R,0.43,10.0,0.933
5246,Food service counter attendants,"Cleaning, peeling, slicing and trimming foodstuffs using manual and electric appliances.",Phi_U,0.3,10.0,0.231
5246,Food service counter attendants,Preparing simple food items and reheating prepared meals.,Phi_U,0.43,10.0,0.096
5246,Food service counter attendants,Portioning and wrapping food or placing it directly on plates for service to patrons.,Phi_U,0.43,10.0,0.096
5246,Food service counter attendants,"Stocking refrigerators, salad and buffet bars and keeping records of the quantities of food used.",Phi_U,0.43,10.0,0.096
5246,Food service counter attendants,Receiving payment for food items purchased.,C_R,0.43,10.0,0.933
5419,Protective services workers NEC,"Direct or escort pedestrians across streets, stopping traffic, as necessary.",Phi_U,0.5,22.4,0.057
5419,Protective services workers NEC,"Patrol assigned areas by car, boat, airplane, horse, or on foot to enforce game, fish, or boating laws or to manage wildlife programs, lakes, or land.",Phi_U,0.65,22.4,0.018
5419,Protective services workers NEC,Patrolling beaches and swimming pools to prevent accidents and to rescue bathers from drowning.,Phi_U,0.76,13.8,0.008
5419,Protective services workers NEC,Monitoring traffic flow to locate safe gaps through which pedestrians can cross streets.,C_G,0.48,13.8,0.673
5419,Protective services workers NEC,"Responding to citizen complaints concerning stray domestic animals, livestock and wildlife, issuing warnings and citations to ownersand impounding lost, homeless and dangerous animals.",Phi_U,0.6,13.8,0.027
5419,Protective services workers NEC,Patrolling an assigned area to enforce parking regulations.,Phi_S,0.55,13.8,0.327
6310,Subsistence crop farmers,"Record information about crops, such as pesticide use, yields, or costs.",C_R,0.43,11.5,0.933
6310,Subsistence crop farmers,"Participate in the inspection, grading, sorting, storage, and post-harvest treatment of crops.",Phi_U,0.43,10.9,0.096
6310,Subsistence crop farmers,Harvest fruits and vegetables by hand.,Phi_U,0.43,10.5,0.096
6310,Subsistence crop farmers,Inform farmers or farm managers of crop progress.,C_R,0.35,10.1,0.964
6310,Subsistence crop farmers,"Preparing the soil, sowing, planting, tending and harvesting field crops.",Phi_U,0.55,8.1,0.039
6310,Subsistence crop farmers,"Growing vegetables, fruit and other tree and shrub crops.",Phi_U,0.42,8.1,0.103
6310,Subsistence crop farmers,Fetching water and gathering firewood.,Phi_U,0.42,8.1,0.103
6310,Subsistence crop farmers,Storing for later use and carrying out some processing of produce.,Phi_U,0.43,8.1,0.096
6310,Subsistence crop farmers,Building and maintaining houses and other shelters.,Phi_U,0.58,8.1,0.031
6310,Subsistence crop farmers,"Making tools, clothes and utensils for use by the household.",Phi_U,0.42,8.1,0.103
6310,Subsistence crop farmers,Selling some products at local markets.,Phi_U,0.42,8.1,0.103
6320,Subsistence livestock farmers,Feed and water livestock and monitor food and water supplies.,Phi_U,0.3,14.5,0.231
6320,Subsistence livestock farmers,"Herd livestock to pastures for grazing or to scales, trucks, or other enclosures.",Phi_U,0.43,11.4,0.096
6320,Subsistence livestock farmers,"Examine animals to detect illness, injury, or disease, and to check physical characteristics, such as rate of weight gain.",Phi_U,0.43,12.7,0.096
6320,Subsistence livestock farmers,"Mark livestock to identify ownership and grade, using brands, tags, paint, or tattoos.",Phi_U,0.58,10.5,0.031
6320,Subsistence livestock farmers,"Perform duties related to livestock reproduction, such as breeding animals within appropriate timeframes, performing artificial inseminations, and helping with animal births.",Phi_U,0.42,12.1,0.103
6320,Subsistence livestock farmers,Grooming and marking animals and shearing coats to collect hair or wool.,Phi_U,0.43,7.7,0.096
6320,Subsistence livestock farmers,"Raising, tending, feeding and milking animals or draining blood from them.",Phi_U,0.42,7.7,0.103
6320,Subsistence livestock farmers,Slaughtering and skinning animals and preparing them and their products for consumption or sale.,Phi_U,0.42,7.7,0.103
6320,Subsistence livestock farmers,Carrying out some processing of animal products.,Phi_U,0.43,7.7,0.096
6320,Subsistence livestock farmers,Building and maintaining houses and other shelters.,Phi_U,0.58,7.7,0.031
6330,Subsistence mixed crop & livestock,Feed and water livestock and monitor food and water supplies.,Phi_U,0.3,13.1,0.231
6330,Subsistence mixed crop & livestock,"Perform duties related to livestock reproduction, such as breeding animals within appropriate timeframes, performing artificial inseminations, and helping with animal births.",Phi_U,0.42,11.4,0.103
6330,Subsistence mixed crop & livestock,"Preparing the soil, sowing, planting, tending and harvesting field crops.",Phi_U,0.55,8.4,0.039
6330,Subsistence mixed crop & livestock,"Growing vegetables, fruit and other tree and shrub crops.",Phi_U,0.42,8.4,0.103
6330,Subsistence mixed crop & livestock,"Gathering wild fruits, medicinal and other plants.",Phi_U,0.43,8.4,0.096
6330,Subsistence mixed crop & livestock,"Breeding, tending and feeding animals and poultry mainly to obtain meat, eggs, milk, hair, skin or other products.",Phi_U,0.43,8.4,0.096
6330,Subsistence mixed crop & livestock,Fetching water and gathering firewood.,Phi_U,0.42,8.4,0.103
6330,Subsistence mixed crop & livestock,Storing produce for later use and carrying out some processing of produce.,Phi_U,0.43,8.4,0.096
6330,Subsistence mixed crop & livestock,Building and maintaining houses and other shelters.,Phi_U,0.58,8.4,0.031
6330,Subsistence mixed crop & livestock,"Making tools, clothes and utensils for use by the household.",Phi_U,0.42,8.4,0.103
6330,Subsistence mixed crop & livestock,Selling some products at local markets.,Phi_U,0.42,8.4,0.103
6340,Subsistence fishers,"Gathering wild fruits, roots, medicinal and other plants.",Phi_U,0.43,12.5,0.096
6340,Subsistence fishers,"Hunting or trapping animals mainly to obtain meat, milk, hair, skin or other products.",Phi_U,0.43,12.5,0.096
6340,Subsistence fishers,Fetching water and gathering firewood.,Phi_U,0.42,12.5,0.103
6340,Subsistence fishers,Catching fish and gathering other forms of aquatic life.,Phi_U,0.43,12.5,0.096
6340,Subsistence fishers,Storing or carrying out some processing of their produce.,Phi_U,0.43,12.5,0.096
6340,Subsistence fishers,Building and maintaining houses and other shelters.,Phi_U,0.58,12.5,0.031
6340,Subsistence fishers,"Making tools, clothes and utensils for use by the household.",Phi_U,0.42,12.5,0.103
6340,Subsistence fishers,Selling some products at local markets.,Phi_U,0.42,12.5,0.103
7114,Concrete placers,"Spread, level, or smooth concrete or terrazzo mixtures to form bases or finished surfaces, using rakes, shovels, hand or power trowels, hand or power screeds, or floats.",Phi_U,0.42,15.1,0.103
7114,Concrete placers,Check the forms that hold the concrete to see that they are properly constructed.,Phi_U,0.58,15.0,0.031
7114,Concrete placers,"Set the forms that hold concrete to the desired pitch and depth, and align them.",Phi_U,0.42,14.7,0.103
7114,Concrete placers,"Constructing and repairing reinforced concrete floors, walls, tanks, silos and other concrete structures.",Phi_U,0.58,10.7,0.031
7114,Concrete placers,Making shuttering or assembling prefabricated forms for moulding concrete.,Phi_U,0.42,10.7,0.103
7114,Concrete placers,Cementing openings in walls or casings for wells.,Phi_U,0.42,12.3,0.103
7114,Concrete placers,Finishing and smoothing surfaces of concrete structures.,Phi_U,0.42,10.7,0.103
7114,Concrete placers,"Applying a durable, smooth surfacing composed of cement, sand pigment and marble particles to floors, known as a terrazzo finish.",Phi_U,0.55,10.7,0.039
7121,Roofers,Inspect problem roofs to determine the best repair procedures.,Phi_U,0.58,9.9,0.031
7121,Roofers,Set up scaffolding to provide safe access to roofs.,Phi_U,0.58,9.8,0.031
7121,Roofers,"Install partially overlapping layers of material over roof insulation surfaces, using chalk lines, gauges on shingling hatchets, or lines on shingles.",Phi_U,0.58,9.6,0.031
7121,Roofers,"Install, repair, or replace single-ply roofing systems, using waterproof sheet materials such as modified plastics, elastomeric, or other asphaltic compositions.",Phi_U,0.58,9.5,0.031
7121,Roofers,"Cover roofs or exterior walls of structures with slate, asphalt, aluminum, wood, gravel, gypsum, or related materials, using brushes, knives, punches, hammers, or other tools.",Phi_U,0.58,9.3,0.031
7121,Roofers,Install vapor barriers or layers of insulation on flat roofs.,Phi_U,0.58,9.3,0.031
7121,Roofers,"Studying drawings, specifications and construction sites to determine materials required.",Phi_U,0.42,7.1,0.103
7121,Roofers,Covering roof frameworks with slate and pre-fabricated tiles to cover pitched roofs.,Phi_U,0.58,7.1,0.031
7121,Roofers,Laying a waterproof shield and fixing metallic or synthetic materials to a building?s frame.,Phi_U,0.58,7.1,0.031
7121,Roofers,Sizing and cutting roofing materials to fit around edges corners and protuberances such as chimney. (e) using natural materials such as thatching to provide roof coverings.,Phi_U,0.58,7.1,0.031
7121,Roofers,Creating temporary structures such as scaffolding and ladders.,Phi_U,0.6,7.1,0.027
7121,Roofers,Repair roofs on all types of buildings using one or more kinds of materials.,Phi_U,0.58,7.1,0.031
7123,Plasterers,"Cover surfaces such as windows, doors, or sidewalks to protect from splashing.",Phi_U,0.42,10.0,0.103
7123,Plasterers,Apply additional coats to fill in holes and make surfaces smooth.,Phi_U,0.42,9.8,0.103
7123,Plasterers,Seal joints between plasterboard or other wallboard to prepare wall surfaces for painting or papering.,Phi_U,0.58,9.8,0.031
7123,Plasterers,Clean job sites.,Phi_U,0.3,9.8,0.231
7123,Plasterers,"Read blueprints or other specifications to determine methods of installation, work procedures, or material or tool requirements.",C_G,0.42,9.7,0.769
7123,Plasterers,"Measure and mark surfaces to lay out work, according to blueprints or drawings, using tape measures, straightedges or squares, and marking devices.",Phi_U,0.42,9.7,0.103
7123,Plasterers,Mix mortar and plaster to desired consistency or direct workers who perform mixing.,Phi_U,0.42,9.5,0.103
7123,Plasterers,"Apply coats of plaster or stucco to walls, ceilings, or partitions of buildings, using trowels, brushes, or spray guns.",Phi_U,0.42,10.9,0.103
7123,Plasterers,"Measuring, marking and installing ornamental plaster panels, and casting and trimming ornamental plaster cornices.",Phi_U,0.58,6.9,0.031
7123,Plasterers,"Applying protective and decorative covering of cement, plaster and similar materials to exterior building surfaces.",Phi_U,0.58,6.9,0.031
7123,Plasterers,Making and installing decorative plaster fixtures of fibrous plaster.,Phi_U,0.58,6.9,0.031
7132,Spray painters and varnishers,Hold or position spray guns to direct spray onto articles.,Phi_U,0.58,9.4,0.031
7132,Spray painters and varnishers,Spray prepared surfaces with specified amounts of primers and decorative or finish coatings.,Phi_U,0.58,9.1,0.031
7132,Spray painters and varnishers,"Disassemble, clean, and reassemble sprayers or power equipment, using solvents, wire brushes, and cloths.",Phi_U,0.3,9.1,0.231
7132,Spray painters and varnishers,"Fill hoppers, reservoirs, troughs, or pans with material used to coat, paint, or spray, using conveyors or pails.",Phi_U,0.58,9.1,0.031
7132,Spray painters and varnishers,Thread or feed items or products through or around machine rollers and dryers.,P_A,0.4,9.1,0.943
7132,Spray painters and varnishers,Operate auxiliary machines or equipment used in coating or painting processes.,P_A,0.55,8.6,0.832
7132,Spray painters and varnishers,"Remove materials, parts, or workpieces from painting or coating machines, using hand tools.",Phi_U,0.58,8.6,0.031
7132,Spray painters and varnishers,"Determine paint flow, viscosity, and coating quality by performing visual inspections, or by using viscometers.",Phi_U,0.58,8.6,0.031
7132,Spray painters and varnishers,"Attach hoses or nozzles to machines, using wrenches and pliers, and make adjustments to obtain the proper dispersion of spray.",P_A,0.5,8.6,0.881
7132,Spray painters and varnishers,"Preparing surfaces to be coated using a variety of methods to remove grease, dirt and rust.",Phi_U,0.45,6.3,0.083
7132,Spray painters and varnishers,"Painting cars, buses, trucks and other vehicles, and applying varnish and other protective coatings.",Phi_U,0.58,7.2,0.031
7132,Spray painters and varnishers,"Applying paint as well as protective coatings of enamel or varnish on metal, wooden and other manufactured products, usually with a hand-spraying device.",Phi_U,0.58,6.3,0.031
7215,Riggers and cable splicers,Test rigging to ensure safety and reliability.,Phi_U,0.42,12.6,0.103
7215,Riggers and cable splicers,"Select gear, such as cables, pulleys, and winches, according to load weights and sizes, facilities, and work schedules.",S_E,0.45,11.7,0.31
7215,Riggers and cable splicers,"Install ground rigging for yarding lines, attaching chokers to logs and to the lines.",Phi_U,0.58,11.2,0.031
7215,Riggers and cable splicers,"Attach pulleys and blocks to fixed overhead structures, such as beams, ceilings, and gin pole booms, using bolts and clamps.",Phi_U,0.42,10.7,0.103
7215,Riggers and cable splicers,"Fabricate, set up, and repair rigging, supporting structures, hoists, and pulling gear, using hand and power tools.",Phi_U,0.58,10.6,0.031
7215,Riggers and cable splicers,"Estimating the size, shape and weight of objects to be moved and deciding on the type of equipment to move them.",C_G,0.42,8.4,0.769
7215,Riggers and cable splicers,"Installing and repairing cables, ropes, wires, pulleys and other tackle.",Phi_U,0.58,9.5,0.031
7215,Riggers and cable splicers,"Working as member of crew erecting and repairing derricks for drilling water, gas- and oil-wells.",Phi_U,0.58,8.4,0.031
7215,Riggers and cable splicers,"Lifting and monting scenery, lighting and other equipment in theatres and on film sets.",Phi_U,0.42,8.4,0.103
7215,Riggers and cable splicers,"Installing and maintaining communication towers, aerial cableways, funicular railways, ski lifts and similar infrastructure.",Phi_U,0.58,8.4,0.031
7312,Musical instrument makers & tuners,Align pads and keys on reed or wind instruments.,Phi_U,0.6,11.0,0.027
7312,Musical instrument makers & tuners,"Adjust string tensions to tune instruments, using hand tools and electronic tuning devices.",Phi_U,0.58,9.4,0.031
7312,Musical instrument makers & tuners,Play instruments to evaluate their sound quality and to locate any defects.,Phi_U,0.6,10.2,0.027
7312,Musical instrument makers & tuners,Disassemble instruments and parts for repair and adjustment.,Phi_U,0.58,8.9,0.031
7312,Musical instrument makers & tuners,"Repair or replace musical instrument parts and components, such as strings, bridges, felts, and keys, using hand and power tools.",Phi_U,0.58,10.2,0.031
7312,Musical instrument makers & tuners,"Reassemble instruments following repair, using hand tools and power tools and glue, hair, yarn, resin, or clamps, and lubricate instruments as necessary.",Phi_U,0.58,8.6,0.031
7312,Musical instrument makers & tuners,"Inspect instruments to locate defects, and to determine their value or the level of restoration required.",C_R,0.43,8.2,0.933
7312,Musical instrument makers & tuners,"String instruments, and adjust trusses and bridges of instruments to obtain specified string tensions and heights.",Phi_U,0.58,8.7,0.031
7312,Musical instrument makers & tuners,"Strike wood, fiberglass, or metal bars of instruments, and use tuned blocks, stroboscopes, or electronic tuners to evaluate tones made by instruments.",Phi_U,0.58,7.7,0.031
7312,Musical instrument makers & tuners,"Fabricating and assembling musical instruments and instrument parts of wood, ebonite, metal, leather and other materials.",Phi_U,0.6,5.7,0.027
7312,Musical instrument makers & tuners,Installing new drumheads in percussion instruments.,Phi_U,0.58,5.7,0.031
7312,Musical instrument makers & tuners,Tuning percussion instruments to required pitch by tightening or loosening cords holding leather pieces fixed atop or at both ends of instrument.,Phi_U,0.6,5.7,0.027
7313,Jewellery & precious metal workers,"Clean and polish metal items and jewelry pieces, using jewelers' tools, polishing wheels, and chemical baths.",P_A,0.65,9.9,0.69
7313,Jewellery & precious metal workers,"Create jewelry from materials such as gold, silver, platinum, and precious or semiprecious stones.",Phi_U,0.6,11.5,0.027
7313,Jewellery & precious metal workers,Immerse stones in prescribed chemical solutions to determine specific gravities and key properties of gemstones or substitutes.,Phi_U,0.7,9.7,0.012
7313,Jewellery & precious metal workers,"Examine assembled or finished products to ensure conformance to specifications, using magnifying glasses or precision measuring instruments.",P_A,0.65,11.1,0.69
7313,Jewellery & precious metal workers,"Examine gem surfaces and internal structures, using polariscopes, refractometers, microscopes, and other optical instruments, to differentiate between stones, to identify rare specimens, or to dete...",Phi_U,0.6,10.9,0.027
7313,Jewellery & precious metal workers,Casting jewellery and other non-ferrous metal articles by hand.,Phi_U,0.55,6.7,0.039
7313,Jewellery & precious metal workers,"Creating new jewellery designs and modifying existing designs, using computers as necessary.",C_G,0.6,6.7,0.44
7313,Jewellery & precious metal workers,Cutting designs in moulds or other materials to be used as models in the fabrication of metal and jewellery products.,Phi_U,0.65,6.7,0.018
7313,Jewellery & precious metal workers,"Altering existing jewellery mountings in order to reposition jewels or to adjust mountings. (e) repairing, reshaping and restyling old jewellery or precious metal ware following designs or instruct...",Phi_U,0.58,6.7,0.031
7313,Jewellery & precious metal workers,(h) cutting and polishing gems and setting them in jewellery articles.,Phi_U,0.55,6.7,0.039
7313,Jewellery & precious metal workers,"Engraving or embossing letters, designs or decorative lines on jewellery and precious metal ware.",Phi_U,0.6,6.7,0.027
7313,Jewellery & precious metal workers,"Grinding, drilling and finishing jewel bearings for use in precision instruments such as compasses and chronometers.",P_A,0.65,6.7,0.69
7314,Potters and related workers,Operate gas or electric kilns to fire pottery pieces.,P_A,0.65,10.5,0.69
7314,Potters and related workers,"Create functional or decorative objects by hand, using a variety of methods and materials.",Phi_U,0.6,10.9,0.027
7314,Potters and related workers,Adjust wheel speeds according to the feel of the clay as pieces enlarge and walls become thinner.,Phi_U,0.6,11.4,0.027
7314,Potters and related workers,"Position balls of clay in centers of potters' wheels, and start motors or pump treadles with feet to revolve wheels.",P_A,0.55,9.9,0.832
7314,Potters and related workers,"Press thumbs into centers of revolving clay to form hollows, and press on the inside and outside of emerging clay cylinders with hands and fingers, gradually raising and shaping clay to desired for...",Phi_U,0.6,11.1,0.027
7314,Potters and related workers,Making articles of pottery and porcelain.,Phi_U,0.6,6.6,0.027
7314,Potters and related workers,Making clay or plaster of Paris moulds.,P_A,0.55,6.6,0.832
7314,Potters and related workers,"Operating jigger machines to form ceramic ware, such as bowls, cups, plates, and saucers.",P_A,0.55,6.6,0.832
7314,Potters and related workers,"Adjusting and setting controls of pug mill that mixes, extrudes, cuts, and deposits clay charges in or over moulds as specified.",P_A,0.55,6.6,0.832
7314,Potters and related workers,"Smoothening surfaces of finished pieces, using rubber scrapers and wet sponges.",Phi_U,0.6,6.6,0.027
7314,Potters and related workers,Forming abrasive wheels by moulding and pressing an abrasive mixture by hand or by machine.,P_A,0.55,6.6,0.832
7314,Potters and related workers,"Examining finished ware for defects, verifying accuracy of shapes and sizes of objects, using callipers and templates.",C_R,0.43,6.6,0.933
7315,Glass makers,"Verify quality of finished workpieces by inspecting them, comparing them to templates, measuring their dimensions, or testing them in working machinery.",P_A,0.43,18.0,0.928
7315,Glass makers,"Grind, sand, clean, or polish objects or parts to correct defects or to prepare surfaces for further finishing, using hand tools and power tools.",Phi_U,0.55,17.7,0.039
7315,Glass makers,"Heat glass to pliable stage, using gas flames or ovens and rotating glass to heat it uniformly.",Phi_U,0.6,17.7,0.027
7315,Glass makers,"Inspect, weigh, and measure products to verify conformance to specifications, using instruments such as micrometers, calipers, magnifiers, or rulers.",P_A,0.43,17.7,0.928
7315,Glass makers,"Measure and mark equipment, objects, or parts to ensure grinding and polishing standards are met.",P_A,0.55,17.4,0.832
7315,Glass makers,"Polish glass, shape molten glass according to patterns.",Phi_U,0.55,11.5,0.039
7316,Sign writers,"Painting decorative free-hand designs on objects, such as pottery, glass, cigarette cases, lampshades.",Phi_U,0.58,10.4,0.031
7316,Sign writers,Transferring from paper transfers decorative or ornamental designs on articles.,Phi_U,0.5,10.0,0.057
7316,Sign writers,"Integrating and developing visual elements, such as line, space, mass, colour, and perspective, in order to produce desired effects such as the illustration of ideas, emotions, or moods.",C_G,0.6,10.0,0.44
7316,Sign writers,"Laying out and painting in one or more languages letters, figures, monograms and designs to make signs.",Phi_U,0.58,10.0,0.031
7316,Sign writers,Sketching or tracing design or lettering onto work piece or pattern material to prepare pattern or stencil.,Phi_U,0.5,10.0,0.057
7316,Sign writers,"Designing pattern or lettering to paint work pieces, such as signs, glassware, pottery, or zinc plates.",Phi_U,0.58,10.0,0.031
7316,Sign writers,Using software and routing equipment to produce 3D Carved images for application onto larger signage as well as engraved and inlaid signs.,Phi_S,0.55,10.0,0.327
7316,Sign writers,Designing and producing normal flat cut lettering or lettering that is shadowed with applied vinyl or lettering that is ready cut for application.,C_G,0.6,10.0,0.44
7316,Sign writers,"Writing, painting, or printing signs or show cards used for display or other purposes.",Phi_U,0.58,10.0,0.031
7316,Sign writers,"Cutting out letters and signs for display purposes from wallboard or cardboard, by hand or machines, such as electrically powered jigsaw or bandsaw.",Phi_U,0.6,10.0,0.027
7317,Handicraft workers in wood,"Create functional or decorative objects by hand, using a variety of methods and materials.",Phi_U,0.6,18.5,0.027
7317,Handicraft workers in wood,"Preparing wood, straw, rattan, reeds, stone, shells, or similar materials.",P_A,0.55,10.0,0.832
7317,Handicraft workers in wood,Carving floral and artistic designs on wooden surfaces for decorative purposes.,Phi_U,0.6,10.0,0.027
7317,Handicraft workers in wood,Painting free hand decorative designs on glass and pottery or porcelain ware.,Phi_U,0.58,10.0,0.031
7317,Handicraft workers in wood,"Carving, assembling, weaving, painting and decorating various articles for personal or household use such as salad bowls, serving-spoons, cutting-boards, trays, vases, jugs, baskets, straw hats…",Phi_U,0.58,10.0,0.031
7317,Handicraft workers in wood,"Carving, assembling, weaving and painting various decorative articles such as statues and other sculptures, chess pieces, jewellery, and similar objects.",Phi_U,0.58,10.0,0.031
7317,Handicraft workers in wood,"Making wicker furniture from peeled and softened rattan, reeds, rushes, willow branches and similar materials.",Phi_U,0.58,11.4,0.031
7317,Handicraft workers in wood,"Forming bottom of basket by interlacing strips of rattan, wood veneer or other material with framework of rods of material such as willow.",Phi_U,0.6,10.0,0.027
7317,Handicraft workers in wood,Inserting rods around edge of bottom between woven sections of bottom and bending them upright to serve as framework for sides.,Phi_U,0.6,10.0,0.027
7318,Handicraft workers in textile,"Construct, decorate, or repair leather products according to specifications, using sewing machines, needles and thread, leather lacing, glue, clamps, hand tools, or rivets.",Phi_U,0.58,13.6,0.031
7318,Handicraft workers in textile,"Spinning and dyeing with natural dyestuffs, wool, cotton and other fibres.",Phi_U,0.58,9.6,0.031
7318,Handicraft workers in textile,"Lace-making and weaving, knitting, or embroidering various garments and articles for household use.",Phi_U,0.58,9.6,0.031
7318,Handicraft workers in textile,"Preparing and dyeing hides with natural dyestuffs and making traditional footwear or handbags, belts and other accessories.",Phi_U,0.6,9.6,0.027
7318,Handicraft workers in textile,Spinning and winding yarn by hand.,Phi_U,0.55,9.6,0.039
7318,Handicraft workers in textile,Drawing warp threads into loom by hand.,Phi_U,0.6,9.6,0.027
7318,Handicraft workers in textile,"Weaving plain or figured cloth, tapestry, lace, carpet or other fabrics on hand looms.",Phi_U,0.58,9.6,0.031
7318,Handicraft workers in textile,Making carpets by using a knotting technique.,Phi_U,0.6,9.6,0.027
7318,Handicraft workers in textile,Knitting garments and other articles on hand-operated machine or by hand.,Phi_U,0.55,9.6,0.039
7318,Handicraft workers in textile,Crocheting or making braid by hand.,Phi_U,0.6,9.6,0.027
7321,Pre-press technicians,"Operate desktop publishing software and equipment to design, lay out, and produce camera-ready copy.",C_G,0.6,13.0,0.44
7321,Pre-press technicians,Proofread and perform quality control of text and images.,C_R,0.5,12.0,0.889
7321,Pre-press technicians,Operate and maintain laser plate-making equipment that converts electronic data to plates without the use of film.,P_A,0.6,11.6,0.769
7321,Pre-press technicians,"Operate presses to print proofs of plates, monitoring printing quality to ensure that it is adequate.",P_A,0.55,11.6,0.832
7321,Pre-press technicians,Select proper types of plates according to press run lengths.,P_A,0.55,11.3,0.832
7321,Pre-press technicians,"Operating graphic cameras and other photographic equipment to reproduce camera-ready copy onto films, plates and digital output devices.",P_A,0.6,9.0,0.769
7321,Pre-press technicians,"Using computer applications to generate images, text, layouts and impositions for print and other visual media displays.",C_G,0.6,7.9,0.44
7321,Pre-press technicians,"Carrying out digital and chemical proofing from digital systems, and negative and positive films.",P_A,0.6,7.9,0.769
7321,Pre-press technicians,"Evaluating printed proofs, checking and correcting them for quality.",C_R,0.43,7.9,0.933
7321,Pre-press technicians,"Preparing and exposing carbon tissue for laying on cylinders by transfer method, and developing images.",P_A,0.6,7.9,0.769
7323,Print finishing and binding workers,"Install or adjust bindery machine devices, such as knives, guides, rollers, rounding forms, creasing rams, or clamps, to accommodate sheets, signatures, or books of specified sizes.",P_A,0.55,10.9,0.832
7323,Print finishing and binding workers,"Lubricate, clean, or make minor repairs to machine parts to keep machines in working condition.",Phi_U,0.58,10.7,0.031
7323,Print finishing and binding workers,"Set up or operate machines that perform binding operations, such as pressing, folding, or trimming.",P_A,0.55,10.5,0.832
7323,Print finishing and binding workers,"Perform highly skilled hand finishing binding operations, such as grooving or lettering.",P_A,0.6,10.3,0.769
7323,Print finishing and binding workers,Setting up and supervising the operation of automatic binding and finishing equipment.,C_G,0.6,7.2,0.44
7323,Print finishing and binding workers,"Binding full, half and limp-bound books, and repairing bindings.",Phi_U,0.58,7.2,0.031
7323,Print finishing and binding workers,"Folding, collating and sewing signatures by machine and hand.",P_A,0.6,7.2,0.769
7323,Print finishing and binding workers,"Operating paper guillotines for pre-press and post-press paper cutting and trimming, and programming electronically operated units.",P_A,0.65,7.2,0.69
7323,Print finishing and binding workers,"Operating systems to insert printed material into newspapers, magazines and envelopes.",P_A,0.6,7.2,0.769
7323,Print finishing and binding workers,Embellishing printed products automatically and manually.,Phi_U,0.6,7.2,0.027
7323,Print finishing and binding workers,Operating photographic and electronic reproduction devices.,P_A,0.6,7.2,0.769
7323,Print finishing and binding workers,Finish printed products by hand or machine.,P_A,0.55,7.2,0.832
7413,Power Line Installers,"Adhere to safety practices and procedures, such as checking equipment regularly and erecting barriers around work areas.",Phi_U,0.43,10.4,0.096
7413,Power Line Installers,Open switches or attach grounding devices to remove electrical hazards from disturbed or fallen lines or to facilitate repairs.,Phi_U,0.58,9.8,0.031
7413,Power Line Installers,Climb poles or use truck-mounted buckets to access equipment.,Phi_U,0.42,9.5,0.103
7413,Power Line Installers,"Install, maintain, and repair electrical distribution and transmission systems, including conduits, cables, wires, and related equipment, such as transformers, circuit breakers, and switches.",Phi_U,0.58,8.1,0.031
7413,Power Line Installers,"Inspect and test power lines and auxiliary equipment to locate and identify problems, using reading and testing instruments.",C_R,0.43,9.4,0.933
7413,Power Line Installers,"String wire conductors and cables between poles, towers, trenches, pylons, and buildings, setting lines in place and using winches to adjust tension.",Phi_U,0.42,8.0,0.103
7413,Power Line Installers,"Attach cross-arms, insulators, and auxiliary equipment to poles prior to installing them.",Phi_U,0.58,7.9,0.031
7413,Power Line Installers,"Travel in trucks, helicopters, and airplanes to inspect lines for freedom from obstruction and adequacy of insulation.",Phi_U,0.55,7.7,0.039
7413,Power Line Installers,"Identify defective sectionalizing devices, circuit breakers, fuses, voltage regulators, transformers, switches, relays, or wiring, using wiring diagrams and electrical-testing instruments.",Phi_U,0.58,8.8,0.031
7413,Power Line Installers,Install watt-hour meters and connect service drops between power lines and consumers' facilities.,Phi_U,0.58,7.6,0.031
7413,Power Line Installers,"Test conductors, according to electrical diagrams and specifications, to identify corresponding conductors and to prevent incorrect connections.",Phi_U,0.58,7.4,0.031
7413,Power Line Installers,Installing and repairing overhead and underground electrical power and electrical traction lines.,Phi_U,0.58,5.4,0.031
7513,Dairy products makers,"Record production and test data for each food product batch, such as the ingredients used, temperature, test results, and time cycle.",C_R,0.43,20.3,0.933
7513,Dairy products makers,"Set up, operate, and tend equipment that cooks, mixes, blends, or processes ingredients in the manufacturing of food products, according to formulas or recipes.",Phi_U,0.43,16.6,0.096
7513,Dairy products makers,Boiling or pasteurizing milk to achieve specified butter fat content (b) separating cream from milk and churning cream into butter.,Phi_U,0.42,10.5,0.103
7513,Dairy products makers,Dumping measured amounts of starter and other ingredients into milk.,Phi_U,0.42,10.5,0.103
7513,Dairy products makers,"Curdling milk, heating curd until it reaches desired firmness, draining curd and placing cheese into moulds to press it into shape.",P_A,0.55,10.5,0.832
7513,Dairy products makers,Salting cheese and piercing or smearing cheese with cultured wash to develop mould growth.,Phi_U,0.5,10.5,0.057
7513,Dairy products makers,Placing and turning cheese blocks on shelves to cure cheese.,P_A,0.6,10.5,0.769
7513,Dairy products makers,"Monitoring product quality before packaging by inspecting, taking samples and adjusting treatment conditions when necessary.",P_A,0.43,10.5,0.928
7514,Fruit & Vegetable Preservers,"Read work orders, recipes, or formulas to determine cooking times and temperatures, and ingredient specifications.",C_R,0.4,11.1,0.947
7514,Fruit & Vegetable Preservers,"Record production and test data, such as processing steps, temperature and steam readings, cooking time, batches processed, and test results.",C_R,0.4,10.7,0.947
7514,Fruit & Vegetable Preservers,"Set temperature, pressure, and time controls, and start conveyers, machines, or pumps.",P_A,0.55,10.5,0.832
7514,Fruit & Vegetable Preservers,Remove cooked material or products from equipment.,Phi_U,0.43,10.5,0.096
7514,Fruit & Vegetable Preservers,"Collect and examine product samples during production to test them for quality, color, content, consistency, viscosity, acidity, or specific gravity.",P_A,0.55,10.3,0.832
7514,Fruit & Vegetable Preservers,"Operate auxiliary machines and equipment, such as grinders, canners, and molding presses, to prepare or further process products.",P_A,0.55,10.3,0.832
7514,Fruit & Vegetable Preservers,Extracting juices from various fruits.,P_A,0.45,7.1,0.917
7514,Fruit & Vegetable Preservers,"Extracting oils from oil-bearing seeds, nuts or fruits.",P_A,0.45,7.1,0.917
7514,Fruit & Vegetable Preservers,"Cooking, salting or drying fruit, vegetables and related foods.",Phi_U,0.43,8.4,0.096
7514,Fruit & Vegetable Preservers,"Mixing and adding ingredients such as pectin, sugar, spices and vinegar to assist preservation and enhance texture, appearance and flavour.",P_A,0.5,7.1,0.881
7514,Fruit & Vegetable Preservers,"Transferring preserved foods to sterile jars, bottles or other containers.",P_A,0.45,7.1,0.917
7515,Food & beverage tasters & graders,Inspect food products and processing procedures to determine whether products are safe to eat.,C_R,0.43,13.3,0.933
7515,Food & beverage tasters & graders,Place products in containers according to grade and mark grades on containers.,C_G,0.6,10.2,0.44
7515,Food & beverage tasters & graders,"Inspect agricultural commodities or related operations, as well as fish or logging operations, for compliance with laws and regulations governing health, quality, and safety.",Phi_U,0.43,10.2,0.096
7515,Food & beverage tasters & graders,Monitor the operations and sanitary conditions of slaughtering or meat processing plants.,P_A,0.55,10.0,0.832
7515,Food & beverage tasters & graders,"Discard inferior or defective products or foreign matter, and place acceptable products in containers for further processing.",C_R,0.43,9.9,0.933
7515,Food & beverage tasters & graders,"Grade and sort products according to factors such as color, species, length, width, appearance, feel, smell, and quality to ensure correct processing and usage.",P_A,0.43,9.9,0.928
7515,Food & beverage tasters & graders,Inspect the cleanliness and practices of establishment employees.,Phi_U,0.43,9.6,0.096
7515,Food & beverage tasters & graders,"Inspect or test horticultural products or livestock to detect harmful diseases, chemical residues, or infestations and to determine the quality of products or animals.",C_R,0.43,9.5,0.933
7515,Food & beverage tasters & graders,"Record grade or identification numbers on tags or on shipping, receiving, or sales sheets.",C_R,0.43,10.8,0.933
7515,Food & beverage tasters & graders,"Determining quality, acceptability to consumer tastes and approximate value of products and grading them into appropriate classes.",P_A,0.55,6.7,0.832
7516,Tobacco preparers & tobacco,Place products in containers according to grade and mark grades on containers.,P_A,0.6,13.8,0.769
7516,Tobacco preparers & tobacco,"Adjust machine components to regulate speeds, pressures, and temperatures, and amounts, dimensions, and flow of materials or ingredients.",P_A,0.55,13.8,0.832
7516,Tobacco preparers & tobacco,Press control buttons to activate machinery and equipment.,P_A,0.55,13.6,0.832
7516,Tobacco preparers & tobacco,"Inspect, weigh, and measure products to verify conformance to specifications, using instruments such as micrometers, calipers, magnifiers, or rulers.",P_A,0.43,13.6,0.928
7516,Tobacco preparers & tobacco,"Grading cured tobacco leaves by type, quality and locality where grown.",P_A,0.55,9.0,0.832
7516,Tobacco preparers & tobacco,Mixing tobacco leaves according to formula to obtain a blend of distinct flavour.,P_A,0.6,9.0,0.769
7516,Tobacco preparers & tobacco,Tending vacuum container which moistens tobacco for further processing.,P_A,0.43,9.0,0.928
7516,Tobacco preparers & tobacco,Removing midribs and stalks from tobacco leaves and shredding tobacco.,P_A,0.6,9.0,0.769
7516,Tobacco preparers & tobacco,"Making cigars, cigarettes, snuff and other tobacco products by hand or with simple machines.",Phi_U,0.6,9.0,0.027
7522,Cabinet-makers,Verify dimensions or check the quality or fit of pieces to ensure adherence to specifications.,P_A,0.45,12.0,0.917
7522,Cabinet-makers,"Fit, fasten, and assemble wood parts together to form patterns, models, or sections, using glue, nails, dowels, bolts, and screws.",P_A,0.55,10.6,0.832
7522,Cabinet-makers,"Produce or assemble components of articles, such as store fixtures, office equipment, cabinets, or high-grade furniture.",P_A,0.55,10.6,0.832
7522,Cabinet-makers,"Set up or operate machines, including power saws, jointers, mortisers, tenoners, molders, or shapers, to cut, mold, or shape woodstock or wood substitutes.",P_A,0.55,11.9,0.832
7522,Cabinet-makers,"Establish the specifications of articles to be constructed or repaired, or plan the methods or operations for shaping or assembling parts, based on blueprints, drawings, diagrams, or oral or writte...",P_A,0.55,11.9,0.832
7522,Cabinet-makers,"Attach parts or subassemblies together to form completed units, using glue, dowels, nails, screws, or clamps.",Phi_U,0.58,11.8,0.031
7522,Cabinet-makers,"Set up, operate, and adjust a variety of woodworking machines such as bandsaws and lathes to cut and shape sections, parts, and patterns, according to specifications.",P_A,0.55,10.0,0.832
7522,Cabinet-makers,"Making, restyling and repairing various wooden articles, such as cabinets, furniture, vehicles, scale models, sports equipment and other parts or products.",Phi_U,0.58,7.1,0.031
7522,Cabinet-makers,"Decorating furniture and fixtures by inlaying wood, applying veneer and carving designs.",Phi_U,0.6,7.1,0.027
7522,Cabinet-makers,Finishing surfaces of wooden articles or furniture.,P_A,0.6,7.1,0.769
7523,Woodworking Machine Operators,"Set up, program, operate, or tend computerized or manual woodworking machines, such as drill presses, lathes, shapers, routers, sanders, planers, or wood-nailing machines.",P_A,0.65,11.2,0.69
7523,Woodworking Machine Operators,Monitor operation of machines and make adjustments to correct problems and ensure conformance to specifications.,P_A,0.55,11.0,0.832
7523,Woodworking Machine Operators,Adjust machine tables or cutting devices and set controls on machines to produce specified cuts or operations.,P_A,0.55,11.0,0.832
7523,Woodworking Machine Operators,"Install and adjust blades, cutterheads, boring-bits, or sanding-belts, using hand tools and rules.",Phi_U,0.58,11.7,0.031
7523,Woodworking Machine Operators,"Change alignment and adjustment of sanding, cutting, or boring machine guides to prevent defects in finished products, using hand tools.",P_A,0.55,10.9,0.832
7523,Woodworking Machine Operators,"Select knives, saws, blades, cutter heads, cams, bits, or belts, according to workpiece, machine functions, or product specifications.",P_A,0.55,12.4,0.832
7523,Woodworking Machine Operators,"Woodcarving machines to fabricate or repair wooden parts for furniture, fixtures.",P_A,0.55,8.8,0.832
7523,Woodworking Machine Operators,"Operating preset special-purpose woodworking machines to fabricate wooden products such as coat hangers, mop handles, clothes pins and other products.",P_A,0.55,7.7,0.832
7523,Woodworking Machine Operators,Setting and adjusting various kinds of woodworking machines for operation by others.,P_A,0.55,7.7,0.832
7523,Woodworking Machine Operators,"Monitor automatic or semi-automatic woodworking machines, such as precision sawing, shaping, planning, boring, turning.",P_A,0.65,7.7,0.69
7532,Garment & patternmakers & cutters,"Create a master pattern for each size within a range of garment sizes, using charts, drafting instruments, computers, or grading devices.",P_A,0.6,10.8,0.769
7532,Garment & patternmakers & cutters,Input specifications into computers to assist with pattern design and pattern cutting.,C_R,0.45,9.0,0.923
7532,Garment & patternmakers & cutters,"Draw details on outlined parts to indicate where parts are to be joined, as well as the positions of pleats, pockets, buttonholes, and other features, using computers or drafting instruments.",C_G,0.6,10.2,0.44
7532,Garment & patternmakers & cutters,"Compute dimensions of patterns according to sizes, considering stretching of material.",C_G,0.6,10.0,0.44
7532,Garment & patternmakers & cutters,"Operate machines to cut multiple layers of fabric into parts for articles such as canvas goods, house furnishings, garments, hats, or stuffed toys.",P_A,0.55,8.7,0.832
7532,Garment & patternmakers & cutters,Test patterns by making and fitting sample garments.,Phi_U,0.42,9.8,0.103
7532,Garment & patternmakers & cutters,"Position and cut out master or sample patterns, using scissors and knives, or print out copies of patterns, using computers.",P_A,0.6,8.5,0.769
7532,Garment & patternmakers & cutters,"Trim excess material or cut threads off finished products, such as cutting loose ends of plastic off a manufactured toy for a smoother finish.",P_A,0.55,9.8,0.832
7532,Garment & patternmakers & cutters,Positioning templates or measuring materials to locate specified points of cuts or to obtain maximum yields and mark fabric accordingly.,P_A,0.55,5.8,0.832
7532,Garment & patternmakers & cutters,Laying out master pattern on fabric and cutting sample pattern.,P_A,0.6,5.8,0.769
7532,Garment & patternmakers & cutters,"Placing patterns on top of layers of fabric and cutting fabric following patterns, using electric or manual knives, cutters or computer numerically controlled cutting devices.",P_A,0.55,5.8,0.832
7532,Garment & patternmakers & cutters,Cutting fabric or fur pelts to make parts for garments and other fur articles.,P_A,0.6,5.8,0.769
7534,Upholsterers,"Fit, install, and secure material on frames, using hand tools, power tools, glue, cement, or staples.",Phi_U,0.58,10.9,0.031
7534,Upholsterers,"Measure and cut new covering materials, using patterns and measuring and cutting instruments, following sketches and design specifications.",Phi_U,0.52,10.7,0.049
7534,Upholsterers,"Make, restore, or create custom upholstered furniture, using hand tools and knowledge of fabrics and upholstery methods.",Phi_U,0.58,9.0,0.031
7534,Upholsterers,Operate sewing machines or sew upholstery by hand to seam cushions and join various sections of covering material.,Phi_U,0.52,10.0,0.049
7534,Upholsterers,"Sew rips or tears in material, or create tufting, using needles and thread.",Phi_U,0.6,9.7,0.027
7534,Upholsterers,"Design upholstery cover patterns and cutting plans, based on sketches, customer descriptions, or blueprints.",C_G,0.6,9.7,0.44
7534,Upholsterers,"Attach fasteners, grommets, buttons, buckles, ornamental trim, and other accessories to covers or frames, using hand tools.",Phi_U,0.42,9.5,0.103
7534,Upholsterers,"Discussing upholstery fabric, colour, and style with customers and providing cost estimate for upholstering furniture or other items.",C_G,0.58,6.1,0.48
7534,Upholsterers,"Installing, arranging and securing springs, padding and covering material to furniture frames.",Phi_U,0.58,6.1,0.031
7534,Upholsterers,"Laying out, cutting, fabricating and installing upholstery in aircrafts, motor vehicles, railway cars, boats and ships.",Phi_U,0.58,6.1,0.031
7534,Upholsterers,Repairing raw hide covering of artificial limbs.,Phi_U,0.58,6.1,0.031
7534,Upholsterers,"Renovating antique furniture using a variety of tools including ripping chisels, magnetic hammers and long needles.",Phi_U,0.42,6.1,0.103
7535,Pelt dressers,"Grade and sort products according to factors such as color, species, length, width, appearance, feel, smell, and quality to ensure correct processing and usage.",P_A,0.43,15.3,0.928
7535,Pelt dressers,"Sorting and grading pelts, hides and skins according to colour, shading, size and density.",P_A,0.6,10.4,0.769
7535,Pelt dressers,"Scraping particles of flesh, fat, or protective tissue from skins or pelts to clean and soften them.",Phi_U,0.3,10.4,0.231
7535,Pelt dressers,Removing hair from skin or hides soaked in lime water.,Phi_U,0.43,12.0,0.096
7535,Pelt dressers,Preparing hides by curing them with salt.,Phi_U,0.45,10.4,0.083
7535,Pelt dressers,"Removing long, coarse hair from pelts and trimming underlying hair to even length.",Phi_U,0.43,10.4,0.096
7535,Pelt dressers,Tanning and dressing pelts to improve lustre and beauty or restore natural appearance of pelts.,Phi_U,0.6,10.4,0.027
7535,Pelt dressers,Preparing bark and myrobalan liquor for treating hides or skins.,P_A,0.55,10.4,0.832
7535,Pelt dressers,Treating hides and skins in tanning solution to convert them into leather.,P_A,0.55,10.4,0.832
7541,Underwater divers,"Take appropriate safety precautions, such as monitoring dive lengths and depths and registering with authorities before diving expeditions begin.",C_G,0.55,11.0,0.54
7541,Underwater divers,"Check and maintain diving equipment, such as helmets, masks, air tanks, harnesses, or gauges.",Phi_U,0.55,10.7,0.039
7541,Underwater divers,"Communicate with workers on the surface while underwater, using signal lines or telephones.",Phi_U,0.42,10.4,0.103
7541,Underwater divers,"Descend into water with the aid of diver helpers, using scuba gear or diving suits.",Phi_U,0.42,9.5,0.103
7541,Underwater divers,Obtain information about diving tasks and environmental conditions.,C_G,0.5,9.5,0.636
7541,Underwater divers,"Supervise or train other divers, including hobby divers.",S_E,0.55,8.1,0.168
7541,Underwater divers,Inspect the condition of underwater steel or wood structures.,Phi_U,0.58,7.8,0.031
7541,Underwater divers,"Inspect and test docks, ships, buoyage systems, plant intakes or outflows, or underwater pipelines, cables, or sewers, using closed circuit television, still photography, and testing equipment.",Phi_U,0.7,7.8,0.012
7541,Underwater divers,"Operate underwater video, sonar, recording, or related equipment to investigate underwater structures or marine life.",Phi_U,0.55,7.5,0.039
7541,Underwater divers,Inspecting for suspected damage and making minor repairs to ships' hulls and underwater installations.,Phi_U,0.58,5.9,0.031
7541,Underwater divers,Drilling holes for underwater blasting.,Phi_U,0.65,5.9,0.018
7541,Underwater divers,Performing various underwater tasks connected with salvage work or recovering dead bodies.,Phi_U,0.6,5.9,0.027
7542,Shotfirers and blasters,Examine blast areas to determine amounts and kinds of explosive charges needed and to ensure that safety laws are observed.,C_G,0.65,11.4,0.345
7542,Shotfirers and blasters,"Insert, pack, and pour explosives, such as dynamite, ammonium nitrate, black powder, or slurries into blast holes; then shovel drill cuttings, admit water into boreholes, and tamp material to compa...",Phi_U,0.6,10.7,0.027
7542,Shotfirers and blasters,"Measure depths of drilled blast holes, using weighted tape measures.",Phi_U,0.42,10.5,0.103
7542,Shotfirers and blasters,"Connect electrical wire to primers, and cover charges or fill blast holes with clay, drill chips, sand, or other material.",Phi_U,0.58,12.4,0.031
7542,Shotfirers and blasters,"Assemble and position equipment, explosives, and blasting caps in holes at specified depths, or load perforating guns or torpedoes with explosives.",Phi_U,0.6,11.8,0.027
7542,Shotfirers and blasters,"Ensuring workplace safety and explosives handling, storage and transport procedures and regulations are followed.",S_E,0.6,7.0,0.119
7542,Shotfirers and blasters,"Planning and giving instructions for the lay out, depth and diameter of blast holes.",C_G,0.65,8.1,0.345
7542,Shotfirers and blasters,Determining quantity and type of explosives to be used.,C_G,0.65,7.0,0.345
7542,Shotfirers and blasters,"Assembling, or directing other workers to assemble, primer charges using detonators and explosive cartridges, and attaching electrical wires, fuses and detonating cords to primers.",Phi_U,0.58,7.0,0.031
7542,Shotfirers and blasters,"Connecting wires, fuses and detonator cords into series, testing electrical circuits and repairing malfunctions, and connecting series to blasting machines.",Phi_U,0.58,7.0,0.031
7542,Shotfirers and blasters,Declaring blast areas safe before and after detonation of explosives.,C_G,0.65,7.0,0.345
7544,Fumigators pest & weed controllers,Record work activities performed.,C_R,0.43,14.5,0.933
7544,Fumigators pest & weed controllers,"Fill sprayer tanks with water and chemicals, according to formulas.",Phi_U,0.42,13.5,0.103
7544,Fumigators pest & weed controllers,"Lift, push, and swing nozzles, hoses, and tubes to direct spray over designated areas.",Phi_U,0.42,13.1,0.103
7544,Fumigators pest & weed controllers,"Schedule work for crews, depending on work priorities, crew or equipment availability, or weather conditions.",S_E,0.42,11.3,0.364
7544,Fumigators pest & weed controllers,"Cover areas to specified depths with pesticides, applying knowledge of weather conditions, droplet sizes, elevation-to-distance ratios, and obstructions.",Phi_U,0.42,12.9,0.103
7544,Fumigators pest & weed controllers,"Monitor project activities to ensure that instructions are followed, deadlines are met, and schedules are maintained.",C_G,0.55,11.0,0.54
7544,Fumigators pest & weed controllers,Operating and monitoring equipment for spraying pests and weeds.,Phi_U,0.42,7.9,0.103
7544,Fumigators pest & weed controllers,Mixing chemicals according to instructions.,Phi_U,0.42,7.9,0.103
7544,Fumigators pest & weed controllers,"Spraying or releasing chemical solutions or toxic gases and setting traps to kill pests and vermin, such as mice, termites, and roaches.",Phi_U,0.42,7.9,0.103
8114,Cement & Stone Machine Ops,Read work orders to determine production specifications or information.,C_R,0.55,14.3,0.843
8114,Cement & Stone Machine Ops,"Operating extrusion, moulding, mixing, pumping, compacting, grinding and cutting machinery to manufacture and finish precast concrete and stone products.",P_A,0.55,10.5,0.832
8114,Cement & Stone Machine Ops,"Operating plant to produce cement, lime and clinker, including loading and unloading ingredients and operating continuous feed equipment such as pumps and conveyors.",P_A,0.52,9.4,0.863
8114,Cement & Stone Machine Ops,"Operating plant and machines which weigh and mix sand, gravel, cement, water and other ingredients to make concrete.",P_A,0.55,9.4,0.832
8114,Cement & Stone Machine Ops,"Cutting, grinding, drilling, sandblasting and polishing concrete products and stone blocks, slabs and products to the specifications for the job.",P_A,0.55,9.4,0.832
8114,Cement & Stone Machine Ops,"Checking production plans and specifications to determine and select materials, ingredients, procedures, components, settings and adjustments for extrusion, moulding, mixing and compacting machines.",P_A,0.55,9.4,0.832
8114,Cement & Stone Machine Ops,"Monitoring plant and machines during operation by observing instruments such as temperature and pressure gauges, and adjusting controls and reporting malfunctions as necessary.",P_A,0.55,9.4,0.832
8114,Cement & Stone Machine Ops,Collecting and examining samples of mixtures and finished products for conformity to specifications and adjusting machine settings accordingly.,P_A,0.55,9.4,0.832
8114,Cement & Stone Machine Ops,"Checking and maintaining production records, including information about quantities, dimensions and types of materials and goods produced.",C_R,0.43,9.4,0.933
8114,Cement & Stone Machine Ops,Arranging and assisting with plant and machinery maintenance and repair.,Phi_U,0.58,9.4,0.031
8122,Metal finishing,"Inspect coated or plated areas for defects, such as air bubbles or uneven coverage.",P_A,0.43,11.6,0.928
8122,Metal finishing,"Set up, operate, or tend plating or coating machines to coat metal or plastic products with chromium, zinc, copper, cadmium, nickel, or other metal to protect or decorate surfaces.",P_A,0.55,11.5,0.832
8122,Metal finishing,Maintain production records.,C_R,0.43,11.2,0.933
8122,Metal finishing,Spray prepared surfaces with specified amounts of primers and decorative or finish coatings.,P_A,0.55,11.0,0.832
8122,Metal finishing,"Operating and monitoring equipment which cleans metal articles in preparation for electroplating, galvanising, enamelling or similar processes.",P_A,0.55,8.8,0.832
8122,Metal finishing,Operating and monitoring hot-dip equipment used to coat iron and steel products.,P_A,0.55,7.6,0.832
8122,Metal finishing,Operating and monitoring machines which automatically coat wire with non ferrous metal.,P_A,0.55,7.6,0.832
8122,Metal finishing,Operating and monitoring equipment used to spray molten metal or other substances on metal products to provide a protective or decorative coating or to build up worn or damaged surfaces.,P_A,0.55,7.6,0.832
8122,Metal finishing,Operating and monitoring equipment used to impart a rust-resistant finish to metal articles by treating them with chemicals and heating them.,P_A,0.65,7.6,0.69
8122,Metal finishing,"Checking proper thickness of plating using micrometers, callipers or other devices recording data and writing production logs.",P_A,0.43,7.6,0.928
8122,Metal finishing,Preparing and mixing metalizing solutions according to formulas or specifications.,P_A,0.55,7.6,0.832
8131,Chemical Products Plant Operators,Control or operate equipment in which chemical changes or reactions take place during the processing of industrial or consumer products.,P_A,0.65,20.3,0.69
8131,Chemical Products Plant Operators,"Setting up, starting, controlling, adjusting and stopping machines and plant.",P_A,0.55,13.3,0.832
8131,Chemical Products Plant Operators,Monitoring reaction processes and transfers of products in conformance with safety procedures.,P_A,0.55,13.3,0.832
8131,Chemical Products Plant Operators,"Monitoring meters, gauges and electronic instrumentation on one or more chemical or formulation units, such as mixers, kettles, blenders, dryers, tabletting, encapsulation, granulation and coating...",P_A,0.65,13.3,0.69
8131,Chemical Products Plant Operators,"Measuring, weighing and loading chemical ingredients following formulation cards.",P_A,0.65,13.3,0.69
8131,Chemical Products Plant Operators,Taking samples and performing routine chemical and physical tests of products and recording production data.,P_A,0.65,13.3,0.69
8131,Chemical Products Plant Operators,Cleaning and performing minor repairs to machines and plant.,Phi_U,0.58,13.3,0.031
8141,Rubber products machine ops,Build semi-raw rubber treads onto buffed tire casings to prepare tires for vulcanization in recapping or retreading processes.,Phi_U,0.43,12.2,0.096
8141,Rubber products machine ops,"Adjust machine components to regulate speeds, pressures, and temperatures, and amounts, dimensions, and flow of materials or ingredients.",P_A,0.55,12.2,0.832
8141,Rubber products machine ops,Press control buttons to activate machinery and equipment.,P_A,0.55,12.0,0.832
8141,Rubber products machine ops,"Monitor equipment operation, gauges, and panel lights to detect deviations from standards.",P_A,0.55,12.0,0.832
8141,Rubber products machine ops,"Inspect, weigh, and measure products to verify conformance to specifications, using instruments such as micrometers, calipers, magnifiers, or rulers.",P_A,0.43,12.0,0.928
8141,Rubber products machine ops,Trim excess rubber and imperfections during retreading processes.,Phi_U,0.43,12.0,0.096
8141,Rubber products machine ops,"Operating and monitoring machines which knead, mix and blend rubber and rubber compounds for further processing.",P_A,0.55,11.6,0.832
8141,Rubber products machine ops,Examining outputs for defects and conformity to specifications.,P_A,0.55,8.0,0.832
8141,Rubber products machine ops,Locating defects and repairing worn and faulty tyres by vulcanising or other processes.,Phi_U,0.58,8.0,0.031
8142,Plastic products machine ops,"Verify conformance of machined work to specifications, using measuring instruments, such as calipers, micrometers, or fixed or telescoping gauges.",P_A,0.55,11.2,0.832
8142,Plastic products machine ops,Immerse workpieces in coating solutions or liquid metal or plastic for specified times.,P_A,0.55,10.8,0.832
8142,Plastic products machine ops,Monitor machine cycles and mill operation to detect jamming and to ensure that products conform to specifications.,P_A,0.55,10.6,0.832
8142,Plastic products machine ops,"Adjust and correct machine set-ups to reduce thicknesses, reshape products, and eliminate product defects.",P_A,0.55,10.6,0.832
8142,Plastic products machine ops,Move machine controls to lower tools to workpieces and to engage automatic feeds.,P_A,0.52,10.6,0.863
8142,Plastic products machine ops,Read work orders or blueprints to determine specified tolerances and sequences of operations for machine setup.,C_R,0.55,21.8,0.843
8142,Plastic products machine ops,Operating and monitoring machines which knead and blend compounds to obtain plastic materials.,P_A,0.55,10.2,0.832
8142,Plastic products machine ops,"Encasing uncoated wire, cord, cable and optic fibre in plastic.",P_A,0.55,7.1,0.832
8142,Plastic products machine ops,Examining outputs for defects and conformity to specifications.,P_A,0.55,7.1,0.832
8143,Paper products machine ops,"Adjust machine components according to specifications such as widths, lengths, and thickness of materials and amounts of glue, cement, or adhesive required.",P_A,0.55,12.6,0.832
8143,Paper products machine ops,Monitor machine operations to detect malfunctions and report or resolve problems.,P_A,0.55,14.8,0.832
8143,Paper products machine ops,"Observe operation of various machines to detect and correct machine malfunctions such as improper forming, glue flow, or pasteboard tension.",P_A,0.55,12.2,0.832
8143,Paper products machine ops,Perform test production runs and make adjustments as necessary to ensure that completed products meet standards and specifications.,P_A,0.55,12.2,0.832
8143,Paper products machine ops,"Install attachments to machines for gluing, folding, printing, or cutting.",P_A,0.58,12.2,0.796
8143,Paper products machine ops,Read work orders and communicate with coworkers to determine machine and equipment settings and adjustments and supply and product specifications.,C_R,0.55,12.0,0.843
8143,Paper products machine ops,"Place rolls of paper or cardboard on machine feed tracks, and thread paper through gluing, coating, and slitting rollers.",P_A,0.4,12.0,0.943
8143,Paper products machine ops,"Operating and monitoring machines which glue paper to cardboard, cut it to the required length or cut and crease cardboard or paperboard to form box blanks.",P_A,0.55,12.0,0.832
8153,Sewing machine operators,"Monitor machine operation to detect problems such as defective stitching, breaks in thread, or machine malfunctions.",P_A,0.55,13.8,0.832
8153,Sewing machine operators,"Place spools of thread, cord, or other materials on spindles, insert bobbins, and thread ends through machine guides and components.",P_A,0.55,11.8,0.832
8153,Sewing machine operators,Guide garments or garment parts under machine needles and presser feet to sew parts together.,P_A,0.55,11.8,0.832
8153,Sewing machine operators,"Start and operate or tend machines, such as single or double needle serging and flat-bed felling machines, to automatically join, reinforce, or decorate material or articles.",P_A,0.55,13.1,0.832
8153,Sewing machine operators,"Operating or tending sewing machines to perform garment sewing operations, such as joining, reinforcing, seaming or decorating garments or garment parts.",P_A,0.52,8.3,0.863
8153,Sewing machine operators,"Attaching buttons, hooks, zippers, fasteners, or other accessories to fabric, using feeding hoppers or clamp holders.",P_A,0.4,8.3,0.943
8153,Sewing machine operators,Tending semiautomatic sewing machines with multiple-sewing heads controlled by pattern chain that embroiders various designs on garments.,P_A,0.52,8.3,0.863
8153,Sewing machine operators,Operating fur sewing machines to join fur pelt strips to required size and shape and join pelts into garment sections or shells.,P_A,0.52,8.3,0.863
8153,Sewing machine operators,"Operating stitching machines to sew leather parts together for leather garments, handbags, gloves.",P_A,0.55,8.3,0.832
8153,Sewing machine operators,Performing equipment maintenance tasks such as replacing needles.,P_A,0.55,8.3,0.832
8157,Laundry machine operators,"Start washers, dry cleaners, driers, or extractors, and turn valves or levers to regulate machine processes and the volume of soap, detergent, water, bleach, starch, and other additives.",P_A,0.55,10.5,0.832
8157,Laundry machine operators,"Examine and sort into lots articles to be cleaned, according to color, fabric, dirt content, and cleaning technique required.",P_A,0.3,11.8,0.973
8157,Laundry machine operators,"Receive and mark articles for laundry or dry cleaning with identifying code numbers or names, using hand or machine markers.",Phi_U,0.3,9.9,0.231
8157,Laundry machine operators,"Mix and add detergents, dyes, bleaches, starches, and other solutions and chemicals to clean, color, dry, or stiffen articles.",P_A,0.65,9.4,0.69
8157,Laundry machine operators,Placing sorted articles into receptacles and onto conveyor belts for moving to repair and cleaning areas.,P_A,0.58,7.3,0.796
8157,Laundry machine operators,"Checking and removing stains from garments, and replacing buttons and making minor repairs.",Phi_U,0.58,7.3,0.031
8157,Laundry machine operators,"Loading and unloading washing machines, driers and extractors.",P_A,0.55,7.3,0.832
8157,Laundry machine operators,Adding cleaning agents and starches to articles.,P_A,0.3,7.3,0.973
8157,Laundry machine operators,Smoothing articles and guiding them through cleaning and pressing machines.,P_A,0.3,7.3,0.973
8157,Laundry machine operators,"Stopping and starting machines to untangle, straighten and remove articles.",P_A,0.55,7.3,0.832
8157,Laundry machine operators,Placing articles on shelves and hanging articles for delivery and collection.,Phi_U,0.42,7.3,0.103
8157,Laundry machine operators,Packaging articles and preparing orders for despatch.,P_A,0.42,7.3,0.933
8172,Wood processing plant ops,"Set up, operate, or tend saws or machines that cut or trim wood to specified dimensions, such as circular saws, band saws, multiple-blade sawing machines, scroll saws, ripsaws, or crozer machines.",P_A,0.55,17.2,0.832
8172,Wood processing plant ops,Examine logs or lumber to plan the best cuts.,P_A,0.55,17.2,0.832
8172,Wood processing plant ops,"Trim lumber to straighten rough edges or remove defects, using circular saws.",P_A,0.55,16.8,0.832
8172,Wood processing plant ops,Operating and monitoring log in-feed and conveyor systems.,P_A,0.52,11.7,0.863
8172,Wood processing plant ops,"Control automated lumber mill equipment for sawing timber logs into rough lumber, cutting veneer, making plywood.",P_A,0.55,13.6,0.832
8172,Wood processing plant ops,Operating and monitoring plywood core-laying machines and hot-plate plywood presses and machines which cut veneer.,P_A,0.55,11.7,0.832
8172,Wood processing plant ops,Cleaning and lubricating sawmill equipment.,Phi_U,0.3,11.7,0.231
8181,Glass & ceramics plant ops,Operate gas or electric kilns to fire pottery pieces.,P_A,0.65,11.7,0.69
8181,Glass & ceramics plant ops,Read work orders to determine production specifications or information.,C_R,0.55,11.3,0.843
8181,Glass & ceramics plant ops,Observe production or monitor equipment to ensure safe and efficient operation.,P_A,0.55,11.0,0.832
8181,Glass & ceramics plant ops,Mix or blend ingredients by starting machines and mixing for specified times.,P_A,0.55,11.0,0.832
8181,Glass & ceramics plant ops,"Heat glass to pliable stage, using gas flames or ovens and rotating glass to heat it uniformly.",P_A,0.55,11.0,0.832
8181,Glass & ceramics plant ops,Press control buttons to activate machinery and equipment.,P_A,0.55,11.0,0.832
8181,Glass & ceramics plant ops,"Monitor equipment operation, gauges, and panel lights to detect deviations from standards.",P_A,0.55,11.0,0.832
8181,Glass & ceramics plant ops,Operating and monitoring machines for making glaze or abrasives.,P_A,0.55,7.3,0.832
8181,Glass & ceramics plant ops,Operating and monitoring machines which extrude molten glass to form fibreglass filaments.,P_A,0.55,7.3,0.832
8181,Glass & ceramics plant ops,"Observing finished products to identify splits, cracks, breaks, colour and other imperfections.",P_A,0.55,7.3,0.832
8182,Steam engine & boiler ops,"Activate valves to maintain required amounts of water in boilers, to adjust supplies of combustion air, and to control the flow of fuel into burners.",P_A,0.55,10.8,0.832
8182,Steam engine & boiler ops,"Monitor boiler water, chemical, and fuel levels, and make adjustments to maintain required levels.",P_A,0.65,12.4,0.69
8182,Steam engine & boiler ops,"Observe and interpret readings on gauges, meters, and charts registering various aspects of boiler operation to ensure that boilers are operating properly.",C_R,0.55,10.6,0.843
8182,Steam engine & boiler ops,"Fire coal furnaces by hand or with stokers and gas- or oil-fed boilers, using automatic gas feeds or oil pumps.",P_A,0.65,12.1,0.69
8182,Steam engine & boiler ops,"Test boiler water quality or arrange for testing and take necessary corrective action, such as adding chemicals to prevent corrosion and harmful deposits.",P_A,0.55,11.9,0.832
8182,Steam engine & boiler ops,"Supervise the work of assistant stationary engineers, turbine operators, boiler tenders, or air conditioning and refrigeration operators and mechanics.",S_E,0.55,10.3,0.168
8182,Steam engine & boiler ops,"Clean and lubricate boilers and auxiliary equipment and make minor adjustments as needed, using hand tools.",Phi_U,0.3,9.9,0.231
8182,Steam engine & boiler ops,"Analyzing and recording instrument readings, troubleshooting and performing minor repairs to prevent equipment or system failure.",C_G,0.6,7.3,0.44
8182,Steam engine & boiler ops,Operating and maintaining off-loading liquid pumps and valves.,P_A,0.55,7.3,0.832
8182,Steam engine & boiler ops,"Operate various types of steam engines, boilers, turbines.",P_A,0.55,7.3,0.832
8183,Packaging Machine Operators,"Stop or reset machines when malfunctions occur, clear machine jams, and report malfunctions to a supervisor.",P_A,0.55,10.4,0.832
8183,Packaging Machine Operators,Observe machine operations to ensure quality and conformity of filled or packaged products to standards.,P_A,0.48,10.6,0.897
8183,Packaging Machine Operators,Remove finished packaged items from machine and separate rejected items.,P_A,0.4,10.5,0.943
8183,Packaging Machine Operators,"Monitor the production line, watching for problems such as pile-ups, jams, or glue that isn't sticking properly.",P_A,0.55,10.5,0.832
8183,Packaging Machine Operators,Start machine by engaging controls.,P_A,0.55,10.5,0.832
8183,Packaging Machine Operators,Tend or operate machine that packages product.,P_A,0.52,10.5,0.863
8183,Packaging Machine Operators,"Regulate machine flow, speed, or temperature.",P_A,0.55,10.3,0.832
8183,Packaging Machine Operators,Adjust machine components and machine tension and pressure according to size or processing angle of product.,P_A,0.55,10.3,0.832
8183,Packaging Machine Operators,"Operating and monitoring machines that weigh, wrap, seal and pack various products.",P_A,0.55,9.4,0.832
8183,Packaging Machine Operators,"Operating and monitoring machines that fill and seal tubes, bottles, cans, boxes, bags and other containers with products, such as food, beverages, paints, oils and lotions.",P_A,0.55,7.1,0.832
8212,Electronics Assemblers,"Operate or tend wire-coiling machines to wind wire coils used in electrical components such as resistors and transformers, and in electrical equipment and instruments such as bobbins and generators.",P_A,0.55,17.9,0.832
8212,Electronics Assemblers,"Read and interpret schematic drawings, diagrams, blueprints, specifications, work orders, or reports to determine materials requirements or assembly instructions.",C_G,0.6,18.0,0.44
8212,Electronics Assemblers,"Assemble electrical or electronic systems or support structures and install components, units, subassemblies, wiring, or assembly casings, using rivets, bolts, soldering or micro-welding equipment.",P_A,0.65,15.8,0.69
8212,Electronics Assemblers,Review work orders and specifications to determine materials needed and types of parts to be processed.,C_R,0.43,15.8,0.933
8212,Electronics Assemblers,"Assembling component parts and electrical and electronic systems and positioning, aligning and fastening units to assemblies, sub-assemblies, or frames using hand or power tools, soldering and micr...",P_A,0.65,10.8,0.69
8212,Electronics Assemblers,Recording production and operational data on specified forms.,C_R,0.43,10.8,0.933
8212,Electronics Assemblers,"Inspecting and testing completed components and assemblies, wiring installations and circuits and rejecting faulty assembly components.",P_A,0.43,10.8,0.928
8312,Railway Signal & Brake Operators,Observe train signals along routes and verify their meanings for engineers.,Phi_S,0.55,10.4,0.327
8312,Railway Signal & Brake Operators,"Signal locomotive engineers to start or stop trains when coupling or uncoupling cars, using hand signals, lanterns, or radio communication.",Phi_S,0.55,10.2,0.327
8312,Railway Signal & Brake Operators,"Signal engineers to begin train runs, stop trains, or change speed, using telecommunications equipment or hand signals.",Phi_S,0.55,10.0,0.327
8312,Railway Signal & Brake Operators,Pull or push track switches to reroute cars.,Phi_S,0.55,10.0,0.327
8312,Railway Signal & Brake Operators,Observe signals from other crew members so that work activities can be coordinated.,S_E,0.55,10.0,0.168
8312,Railway Signal & Brake Operators,"Confer with engineers regarding train routes, timetables, and cargoes, and to discuss alternative routes when there are rail defects or obstructions.",Phi_S,0.55,9.5,0.327
8312,Railway Signal & Brake Operators,Taking charge of and safeguarding freight train during run.,Phi_S,0.55,6.5,0.327
8312,Railway Signal & Brake Operators,Controlling flow of railway traffic over section of line by operating signals and switches from control panel or signal box.,Phi_S,0.55,7.4,0.327
8312,Railway Signal & Brake Operators,"Switching and coupling rolling stock in railway yards and sidings in accordance with orders about loading, unloading and make-up of trains.",Phi_S,0.55,6.5,0.327
8312,Railway Signal & Brake Operators,Making up trains for hauling by locomotive or cable and directing their movement along haulage ways in a mine or quarry.,Phi_S,0.55,6.5,0.327
8312,Railway Signal & Brake Operators,"Checking train systems and equipment such as air conditioning and heating systems, brakes and brake hoses prior to train run.",Phi_S,0.55,6.5,0.327
8312,Railway Signal & Brake Operators,"Make up trains in railway yards, make up trains for hauling in mines.",Phi_S,0.55,6.5,0.327
9122,Vehicle cleaners,"Apply paints, dyes, polishes, reconditioners, waxes, or masking materials to vehicles to preserve, protect, or restore color or condition.",Phi_U,0.58,9.1,0.031
9122,Vehicle cleaners,Clean and polish vehicle windows.,Phi_U,0.3,10.7,0.231
9122,Vehicle cleaners,Drive vehicles to or from workshops or customers' workplaces or homes.,Phi_S,0.55,8.9,0.327
9122,Vehicle cleaners,"Scrub, scrape, or spray machine parts, equipment, or vehicles, using scrapers, brushes, clothes, cleaners, disinfectants, insecticides, acid, abrasives, vacuums, or hoses.",Phi_U,0.42,8.9,0.103
9122,Vehicle cleaners,"Clean the plastic work inside cars, using paintbrushes.",Phi_U,0.3,8.9,0.231
9122,Vehicle cleaners,"Mix cleaning solutions, abrasive compositions, or other compounds, according to formulas.",Phi_U,0.3,8.6,0.231
9122,Vehicle cleaners,"Disassemble and reassemble machines or equipment or remove and reattach vehicle parts or trim, using hand tools.",Phi_U,0.42,8.4,0.103
9122,Vehicle cleaners,"Pre-soak or rinse machine parts, equipment, or vehicles by immersing objects in cleaning solutions or water, manually or using hoists.",Phi_U,0.3,8.3,0.231
9122,Vehicle cleaners,"Cleaning, washing and polishing cars and other vehicles, by hand or using hand-held power tools.",Phi_U,0.3,6.8,0.231
9122,Vehicle cleaners,Vacuuming vehicle interiors and dry cleaning carpets and upholstery.,Phi_U,0.3,7.8,0.231
9122,Vehicle cleaners,Washing tyres and wheel arches and blackening tyres.,Phi_U,0.3,6.8,0.231
9122,Vehicle cleaners,Emptying and cleaning compartments in vehicles.,Phi_U,0.3,6.8,0.231
9123,Window cleaners,Follow procedures for the use of chemical cleaners and power equipment to prevent damage to floors and fixtures.,Phi_U,0.42,18.9,0.103
9123,Window cleaners,"Mix water and detergents or acids in containers to prepare cleaning solutions, according to specifications.",Phi_U,0.3,18.1,0.231
9123,Window cleaners,"Clean windows, glass partitions, or mirrors, using soapy water or other cleaners, sponges, or squeegees.",Phi_U,0.3,17.1,0.231
9123,Window cleaners,Requisition supplies or equipment needed for cleaning and maintenance duties.,Phi_U,0.3,16.9,0.231
9123,Window cleaners,"Drive vans, industrial trucks, or other vehicles required to travel to, or to perform, cleaning work.",Phi_S,0.55,15.4,0.327
9123,Window cleaners,"Washing windows or other glass surfaces with water or various solutions, drying and polishing them.",Phi_U,0.3,13.6,0.231
9212,Livestock farm labourers,Feed and water livestock and monitor food and water supplies.,Phi_U,0.3,13.2,0.231
9212,Livestock farm labourers,"Perform duties related to livestock reproduction, such as breeding animals within appropriate timeframes, performing artificial inseminations, and helping with animal births.",Phi_U,0.42,14.1,0.103
9212,Livestock farm labourers,"Loading and unloading supplies, produce and other materials.",Phi_U,0.42,10.4,0.103
9212,Livestock farm labourers,"Feeding, watering, and cleaning animals and keeping their quarters clean.",Phi_U,0.3,10.4,0.231
9212,Livestock farm labourers,Monitoring livestock and reporting on their condition.,Phi_U,0.42,10.4,0.103
9212,Livestock farm labourers,Assisting with maintaining the health and welfare of livestock.,Phi_U,0.42,10.4,0.103
9212,Livestock farm labourers,"Assisting with herding, droving and separating livestock for milking, shearing transportation or slaughter and between pastures.",Phi_U,0.43,10.4,0.096
9212,Livestock farm labourers,"Raking, pitching, stacking and storing hay, straw and other types of animal feed and bedding (i) grading, sorting, packing produce into containers.",Phi_U,0.42,10.4,0.103
9212,Livestock farm labourers,"Performing minor repairs on fixtures, buildings and fences.",Phi_U,0.58,10.4,0.031
9215,Forestry labourers,Fight forest fires or perform prescribed burning tasks under the direction of fire suppression officers or forestry technicians.,Phi_U,0.7,12.2,0.012
9215,Forestry labourers,Maintain tallies of trees examined and counted during tree marking or measuring efforts.,C_R,0.35,10.1,0.964
9215,Forestry labourers,"Select tree seedlings, prepare the ground, or plant the trees in reforestation areas, using manual planting tools.",Phi_U,0.43,8.2,0.096
9215,Forestry labourers,Digging holes for tree planting.,Phi_U,0.43,8.7,0.096
9215,Forestry labourers,Stacking and loading logs and timber.,Phi_U,0.42,8.7,0.103
9215,Forestry labourers,Clearing undergrowth in forest stands and thinning young plantations.,Phi_U,0.42,8.7,0.103
9215,Forestry labourers,Maintaining look-out for fires in forests.,Phi_U,0.76,8.7,0.008
9215,Forestry labourers,"Removing major branches and tree tops, trimming branches and sawing trunks into logs.",Phi_U,0.42,8.7,0.103
9215,Forestry labourers,Operating and maintaining manual and hand held machine saws to fell trees and cut felled trees and branches into logs.,Phi_U,0.55,8.7,0.039
9215,Forestry labourers,"Collecting seeds, and planting seedlings.",Phi_U,0.43,8.7,0.096
9215,Forestry labourers,"Performing minor repairs and maintenance of forest roads, buildings, facilities, and equipment.",Phi_U,0.58,8.7,0.031
9216,Fishery and aquaculture labourers,Cleaning the sea-bed and feeding fish and molluscs that are being cultivated.,Phi_U,0.43,16.3,0.096
9216,Fishery and aquaculture labourers,"Gathering seaweed, sea mosses, clams and other molluscs.",Phi_U,0.42,16.3,0.103
9216,Fishery and aquaculture labourers,"Preparing nets, lines and other fishing tackle and other deck equipment.",Phi_U,0.43,16.3,0.096
9216,Fishery and aquaculture labourers,Operating fishing gear to catch fish and other marine life.,Phi_U,0.55,16.3,0.039
9216,Fishery and aquaculture labourers,"Cleaning, sorting and packing fish and seafood in ice and salt and stowing catch in hold.",Phi_U,0.43,18.4,0.096
9216,Fishery and aquaculture labourers,Handling mooring lines during docking.,Phi_U,0.42,16.3,0.103
9312,Civil engineering labourers,Flag motorists to warn them of obstacles or repair work ahead.,Phi_U,0.58,10.6,0.031
9312,Civil engineering labourers,"Repair or adjust track switches, using wrenches and replacement parts.",Phi_U,0.58,10.4,0.031
9312,Civil engineering labourers,Drive trucks to transport crews and equipment to work sites.,Phi_S,0.55,10.4,0.327
9312,Civil engineering labourers,"Clean and clear debris from culverts, catch basins, drop inlets, ditches, and other drain structures.",Phi_U,0.3,10.2,0.231
9312,Civil engineering labourers,"Haul and spread sand, gravel, and clay to fill washouts and repair road shoulders.",Phi_U,0.58,10.0,0.031
9312,Civil engineering labourers,"Inspect, clean, and repair drainage systems, bridges, tunnels, and other structures.",Phi_U,0.58,12.5,0.031
9312,Civil engineering labourers,Digging and filling holes and trenches using hand held tools.,Phi_U,0.42,7.2,0.103
9312,Civil engineering labourers,Shovelling and spreading gravel and related materials.,Phi_U,0.42,7.2,0.103
9312,Civil engineering labourers,Trimming and cutting rocks and concrete and bitumen surfaces using jack-hammers.,Phi_U,0.42,7.2,0.103
9312,Civil engineering labourers,"Loading and unloading construction materials, excavated material and equipment and transporting them around construction sites using wheelbarrows and hand trucks.",Phi_U,0.45,7.2,0.083
9312,Civil engineering labourers,Cleaning worksites and removing obstructions.,Phi_U,0.3,7.2,0.231
9321,Hand packers,"Examine and inspect containers, materials, or products to ensure that product quality and packing specifications are met.",C_R,0.43,10.5,0.933
9321,Hand packers,"Measure, weigh, and count products and materials.",P_A,0.55,13.9,0.832
9321,Hand packers,"Remove completed or defective products or materials, placing them on moving equipment, such as conveyors, or in specified areas, such as loading docks.",Phi_S,0.55,10.1,0.327
9321,Hand packers,"Seal containers or materials, using glues, fasteners, nails, and hand tools.",Phi_U,0.55,11.7,0.039
9321,Hand packers,"Assemble, line, and pad cartons, crates, and containers, using hand tools.",P_A,0.55,9.5,0.832
9321,Hand packers,"Obtain, move, and sort products, materials, containers, and orders, using hand tools.",P_A,0.4,9.5,0.943
9321,Hand packers,"Place or pour products or materials into containers, using hand tools and equipment, or fill containers from spouts or chutes.",Phi_U,0.55,9.4,0.039
9321,Hand packers,"Mark and label containers, container tags, or products, using marking tools.",P_A,0.55,9.4,0.832
9321,Hand packers,"Clean containers, materials, supplies, or work areas, using cleaning solutions and hand tools.",Phi_U,0.3,9.1,0.231
9321,Hand packers,"Filling bottles, cans, boxes, bags and other containers with products by hand.",Phi_U,0.45,7.0,0.083
9331,Hand and pedal vehicle drivers,"Load vehicles with listed goods, ensuring goods are loaded correctly and taking precautions with hazardous goods.",Phi_S,0.7,22.1,0.128
9331,Hand and pedal vehicle drivers,Unload and sort items collected along delivery routes.,Phi_S,0.4,20.8,0.618
9331,Hand and pedal vehicle drivers,"Loading or unloading goods, or assisting passengers in getting on or off a vehicle.",Phi_S,0.4,14.3,0.618
9331,Hand and pedal vehicle drivers,Moving vehicle in the desired direction with due regard to other traffic and traffic regulations.,Phi_S,0.55,14.3,0.327
9331,Hand and pedal vehicle drivers,Inspecting vehicle components to identify wear and damage.,C_R,0.43,14.3,0.933
9331,Hand and pedal vehicle drivers,"Maintaining vehicle, making minor repairs and installing replacement parts.",Phi_U,0.58,14.3,0.031
9411,Fast food preparers,"Clean food preparation equipment, work areas, and counters or tables.",Phi_U,0.3,9.7,0.231
9411,Fast food preparers,"Operate large-volume cooking equipment, such as grills, deep-fat fryers, or griddles.",P_A,0.5,12.0,0.881
9411,Fast food preparers,"Prepare specialty foods, such as pizzas, fish and chips, sandwiches, or tacos, following specific methods that usually require short preparation time.",Phi_U,0.43,10.8,0.096
9411,Fast food preparers,"Wash, cut, and prepare foods designated for cooking.",Phi_U,0.43,10.8,0.096
9411,Fast food preparers,"Prepare and serve beverages, such as coffee or fountain drinks.",P_A,0.45,9.3,0.917
9411,Fast food preparers,"Clean food preparation areas, cooking surfaces, and utensils.",Phi_U,0.43,10.6,0.096
9411,Fast food preparers,"Read food order slips or receive verbal instructions as to food required by patron, and prepare and cook food according to instructions.",Phi_U,0.43,9.3,0.096
9411,Fast food preparers,"Complete orders from steam tables, placing food on plates and serving customers at tables or counters.",Phi_U,0.43,9.3,0.096
9411,Fast food preparers,Taking and serving food and beverage orders in eating places that specialize in fast service and carry-out food.,Phi_U,0.43,6.0,0.096
9411,Fast food preparers,Ordering and taking delivery of fast food ingredients.,C_R,0.43,6.0,0.933
9411,Fast food preparers,Cook to order a limited range of foods or beverages that involve simple preparation processes.,Phi_U,0.43,6.0,0.096
9510,Street & service workers,Obtaining the materials necessary to perform services.,Phi_U,0.42,19.2,0.103
9510,Street & service workers,Approaching people on the street to offer services.,Phi_U,0.42,23.0,0.103
9510,Street & service workers,Cleaning and polishing car windows.,Phi_U,0.3,19.2,0.231
9510,Street & service workers,Assisting drivers to find a parking place and ensuring car is not damaged during driver?s absence.,Phi_U,0.42,19.2,0.103
9510,Street & service workers,Handing out leaflets and free newspapers.,Phi_U,0.42,19.2,0.103
9520,Street vendors (excluding food),Develop prospect lists.,C_G,0.6,12.5,0.44
9520,Street vendors (excluding food),Deliver merchandise and collect payment.,Phi_U,0.43,12.0,0.096
9520,Street vendors (excluding food),Write and record orders for merchandise or enter orders into computers.,C_R,0.43,12.0,0.933
9520,Street vendors (excluding food),"Circulate among potential customers or travel by foot, truck, automobile, or bicycle to deliver or sell merchandise or services.",Phi_U,0.55,10.9,0.039
9520,Street vendors (excluding food),Set up and display sample merchandise at parties or stands.,Phi_U,0.43,10.5,0.096
9520,Street vendors (excluding food),Stock carts or stands.,Phi_U,0.43,7.6,0.096
9520,Street vendors (excluding food),"Buying or receiving items for sale, or making simple items.",Phi_U,0.43,8.3,0.096
9520,Street vendors (excluding food),"Loading and unloading basket, tray, push-cart, bicycle, hand truck or other vehicle, to transport goods to the streets or public places such as stations or cinemas.",Phi_U,0.55,9.6,0.039
9520,Street vendors (excluding food),Displaying goods or calling out to attract customer?s attention.,Phi_U,0.43,8.3,0.096
9520,Street vendors (excluding food),Approaching potential customers on street and offering goods for sale.,Phi_U,0.43,8.3,0.096
9621,Messengers,Receive and mark baggage by completing and attaching claim checks.,Phi_U,0.43,13.3,0.096
9621,Messengers,"Record information, such as items received and delivered and recipients' responses to messages.",Phi_S,0.55,11.7,0.327
9621,Messengers,"Transfer luggage, trunks, and packages to and from rooms, loading areas, vehicles, or transportation terminals, by hand or using baggage carts.",Phi_S,0.4,11.5,0.618
9621,Messengers,"Walk, ride bicycles, drive vehicles, or use public conveyances to reach destinations to deliver messages or materials.",Phi_S,0.55,11.5,0.327
9621,Messengers,Sort items to be delivered according to the delivery route.,Phi_S,0.4,13.0,0.618
9621,Messengers,"Delivering messages, packages and other items within an establishment or between establishments, or elsewhere.",Phi_S,0.55,7.8,0.327
9621,Messengers,Performing the duties of a post-runner.,Phi_S,0.55,7.8,0.327
9621,Messengers,"Delivering various goods to and from enterprises, shops, households and other places.",Phi_S,0.55,7.8,0.327
9621,Messengers,"Carrying and delivering luggage at hotels, stations, airports, and elsewhere.",Phi_S,0.55,7.8,0.327
9621,Messengers,Planning and following the most efficient route.,Phi_S,0.55,7.8,0.327
9622,Odd job persons,"Prepare and maintain logs, reports, or other documentation of work performed.",C_R,0.38,15.7,0.954
9622,Odd job persons,"Perform routine maintenance, such as inspecting drives, motors, or belts, checking fluid levels, replacing filters, or doing other preventive maintenance actions.",Phi_U,0.42,13.5,0.103
9622,Odd job persons,"Adjust functional parts of devices or control instruments, using hand tools, levels, plumb bobs, or straightedges.",Phi_U,0.58,12.3,0.031
9622,Odd job persons,"Clean or lubricate vehicles, machinery, equipment, instruments, tools, work areas, and other objects, using hand tools, power tools, and cleaning equipment.",Phi_U,0.3,12.0,0.231
9622,Odd job persons,"Repairing broken windows, screens, doors, fences, barbecues, picnic tables, shelves, cupboards and other items.",Phi_U,0.58,9.3,0.031
9622,Odd job persons,Replacing defective items such as light bulbs.,Phi_U,0.42,9.3,0.103
9622,Odd job persons,"Repairing and painting interior and exterior surfaces such as walls, ceilings and fences.",Phi_U,0.58,9.3,0.031
9622,Odd job persons,Putting up handrails and grab rails.,Phi_U,0.42,9.3,0.103
9622,Odd job persons,Unloading coal or wood and putting it into cellars of private households or establishments.,Phi_U,0.42,9.3,0.103
9624,Water and firewood collectors,Cutting and collecting wood from forests for sale in market or as fuel or for own consumption.,Phi_U,0.42,14.3,0.103
9624,Water and firewood collectors,Visiting forests or fields to pick pieces of dried wood from ground and arranging them in heaps.,Phi_U,0.42,14.3,0.103
9624,Water and firewood collectors,Cutting decayed branches and trunks of trees using axe and hand -saw.,Phi_U,0.42,14.3,0.103
9624,Water and firewood collectors,Tying collected wood into small faggots and carrying them or transporting them on a cart to the market for sale or to village or household for use.,Phi_U,0.42,14.3,0.103
9624,Water and firewood collectors,"Drawing water from wells, rivers or ponds etc. for domestic use.",Phi_U,0.42,14.3,0.103
9624,Water and firewood collectors,"Collecting water in leather bags, buckets or other containers from taps, rivers, ponds or wells and delivering the water to work sites, the houses of clients or to own household for drinking, clean...",Phi_U,0.4,14.3,0.119
9624,Water and firewood collectors,Transport them on foot or using hand or animal carts.,Phi_U,0.42,14.3,0.103
1113,Village Chiefs & Headmen,Appoint department heads or managers and assign or delegate responsibilities to them.,S_E,0.62,20.3,0.103
1113,Village Chiefs & Headmen,Allocating the use of communal land and other resources among households in the community or village.,S_E,0.62,15.1,0.103
1113,Village Chiefs & Headmen,Collecting and distributing surplus production of the community or village.,Phi_U,0.48,15.1,0.067
1113,Village Chiefs & Headmen,Settling disputes between members of the community or village.,S_E,0.62,19.4,0.103
1113,Village Chiefs & Headmen,"Performing ceremonial duties in connection with births, marriages, deaths, harvests and other important occasions.",Phi_U,0.43,15.1,0.096
1113,Village Chiefs & Headmen,Representing the community or village on local or regional councils.,S_E,0.62,15.1,0.103
5161,Astrologers,Adhere to schedules to keep events running on time.,C_G,0.6,12.5,0.44
5161,Astrologers,Create itemized invoices to record amounts due for services rendered.,C_R,0.43,12.5,0.933
5161,Astrologers,Casting horoscopes of individuals at birth or later to recount past and forecast future events and conditions of their lives.,C_G,0.7,12.5,0.261
5161,Astrologers,"Interpreting characteristics of clients? palms, samples of playing cards, position of tea leaves or coffee remnants in a cup, shapes and patterns of bones of dead animals, etc.",C_G,0.6,12.5,0.44
5161,Astrologers,Forecasting future events on the basis of these interpretations.,C_G,0.7,12.5,0.261
5161,Astrologers,"Determining auspicious times for various human activities such as inaugurations, marriages, journeys and religious and other ceremonies.",C_G,0.6,12.5,0.44
5161,Astrologers,Giving warnings and advice on possible courses of action.,C_G,0.6,12.5,0.44
5161,Astrologers,Advising individuals on precautions to be taken to avoid evil influences.,C_G,0.6,12.5,0.44
6224,Hunters and trappers,"Direct fishing or hunting operations, and supervise crew members.",S_E,0.55,16.5,0.168
6224,Hunters and trappers,"Observe animals for signs of illness, injury, or unusual behavior, notifying veterinarians or managers as warranted.",Phi_U,0.42,16.1,0.103
6224,Hunters and trappers,"Select, bait, and set traps, and lay poison along trails, according to species, size, habits, and environs of birds or animals and reasons for trapping them.",Phi_U,0.42,15.8,0.103
6224,Hunters and trappers,"Treat animal illnesses or injuries, following experience or instructions of veterinarians.",Phi_U,0.42,15.4,0.103
6224,Hunters and trappers,"Setting traps to catch mammals, birds or reptiles.",Phi_U,0.42,11.0,0.103
6224,Hunters and trappers,"Killing trapped or free mammals, birds or reptiles with firearms or other weapons.",Phi_U,0.42,14.2,0.103
6224,Hunters and trappers,"Skinning and otherwise treating killed mammals, birds or reptiles to obtain desired products for sale or delivery.",Phi_U,0.42,11.0,0.103
9332,Animal-Drawn Vehicle Drivers,Harnessing animals and hitching them to vehicles or machinery.,Phi_S,0.55,22.2,0.327
9332,Animal-Drawn Vehicle Drivers,"Loading or unloading goods, or assisting passengers in getting on or off a vehicle.",Phi_S,0.4,19.5,0.618
9332,Animal-Drawn Vehicle Drivers,Driving animals in the desired direction with due regard to other traffic and traffic regulations.,Phi_S,0.55,19.5,0.327
9332,Animal-Drawn Vehicle Drivers,Driving animals to haul wagons in mines or quarries.,Phi_U,0.55,19.5,0.039
9332,Animal-Drawn Vehicle Drivers,"Maintaining vehicle or machinery, making minor repairs and installing replacement parts.",Phi_U,0.58,19.5,0.031
XCYBERSEC,Cybersecurity Analysts,"Identify security system weaknesses, using penetration tests.",C_G,0.65,10.7,0.345
XCYBERSEC,Cybersecurity Analysts,Coordinate monitoring of networks or systems for security breaches or intrusions.,S_E,0.55,10.3,0.168
XCYBERSEC,Cybersecurity Analysts,Perform risk assessments and execute tests of data processing system to ensure functioning of data processing activities and security measures.,S_E,0.48,9.7,0.261
XCYBERSEC,Cybersecurity Analysts,"Develop or install software, such as firewalls and data encryption programs, to protect sensitive information.",C_G,0.6,14.1,0.44
XCYBERSEC,Cybersecurity Analysts,"Monitor SIEM and endpoint telemetry to triage alerts, isolate malicious activity, and escalate verified incidents.",C_G,0.6,6.9,0.44
XCYBERSEC,Cybersecurity Analysts,"Run vulnerability assessments and prioritize remediation based on exploitability, asset criticality, and exposure.",C_G,0.6,6.9,0.44
XCYBERSEC,Cybersecurity Analysts,"Implement and audit access controls, privileged-account policies, and identity governance workflows.",C_G,0.6,6.9,0.44
XCYBERSEC,Cybersecurity Analysts,"Draft and test incident-response playbooks for phishing, ransomware, credential compromise, and data exfiltration.",C_G,0.6,6.9,0.44
XCYBERSEC,Cybersecurity Analysts,"Collect and preserve forensic artifacts from logs, hosts, and network captures to support root-cause analysis.",C_R,0.43,6.9,0.933
XCYBERSEC,Cybersecurity Analysts,Coordinate patch and hardening actions with infrastructure teams to reduce attack surface and control drift.,S_E,0.55,6.9,0.168
XCYBERSEC,Cybersecurity Analysts,"Map controls to security frameworks and document risk exceptions, treatment plans, and residual-risk status.",C_G,0.55,6.9,0.54
XCYBERSEC,Cybersecurity Analysts,Deliver security awareness briefings tied to observed threat patterns and control failures.,C_G,0.55,6.9,0.54
XCONTMOD,Content moderator / trust & safety,"Review user-generated content against platform policy taxonomies for violence, hate, fraud, and sexual-safety violations.",C_R,0.43,12.5,0.933
XCONTMOD,Content moderator / trust & safety,Escalate high-severity cases to specialist trust-and-safety queues with complete evidence and policy rationale.,C_R,0.43,12.5,0.933
XCONTMOD,Content moderator / trust & safety,"Apply enforcement actions such as removal, age-gating, account restriction, or warning workflows.",C_R,0.58,12.5,0.808
XCONTMOD,Content moderator / trust & safety,Annotate borderline cases to improve classifier training data and policy-consistency calibration.,C_R,0.43,12.5,0.933
XCONTMOD,Content moderator / trust & safety,Track moderation quality metrics and resolve reviewer disagreements through adjudication procedures.,C_G,0.55,12.5,0.54
XCONTMOD,Content moderator / trust & safety,Document emerging abuse patterns and propose policy updates for new evasion tactics.,C_G,0.6,12.5,0.44
XCONTMOD,Content moderator / trust & safety,"Handle sensitive content with wellness protocols, break schedules, and supervisor support channels.",C_R,0.43,12.5,0.933
XCONTMOD,Content moderator / trust & safety,Coordinate with legal/compliance teams on lawful-request processing and content-retention obligations.,S_E,0.55,12.5,0.168
2512-ml,AI / machine-learning engineer,"Conduct logical analyses of business, scientific, engineering, and other technical problems, formulating mathematical models of problems for solution by computers.",C_G,0.7,11.0,0.261
2512-ml,AI / machine-learning engineer,"Analyze, manipulate, or process large sets of data using statistical software.",C_G,0.6,17.0,0.44
2512-ml,AI / machine-learning engineer,Design feature pipelines that transform raw event data into validated training datasets with reproducible lineage.,C_G,0.6,9.0,0.44
2512-ml,AI / machine-learning engineer,"Train, tune, and evaluate machine-learning models using cross-validation and task-appropriate metrics.",C_G,0.7,9.0,0.261
2512-ml,AI / machine-learning engineer,"Deploy models to production inference services and optimize latency, throughput, and model-serving cost.",C_G,0.7,9.0,0.261
2512-ml,AI / machine-learning engineer,"Monitor model drift, data quality, and prediction performance, then trigger retraining or rollback workflows.",C_G,0.7,9.0,0.261
2512-ml,AI / machine-learning engineer,"Implement experiment tracking, model registry controls, and versioned release gates in ML CI/CD pipelines.",C_G,0.7,9.0,0.261
2512-ml,AI / machine-learning engineer,Collaborate with product and backend teams to integrate model outputs into user-facing workflows.,C_G,0.7,9.0,0.261
2512-ml,AI / machine-learning engineer,"Conduct error analysis to reduce bias, improve recall/precision tradeoffs, and harden edge-case behavior.",C_G,0.7,9.0,0.261
2512-ml,AI / machine-learning engineer,"Document model cards, assumptions, and operational constraints for governance and audit readiness.",C_G,0.7,9.0,0.261
2512-devops,DevOps / site reliability engineer,"Maintain and administer computer networks and related computing environments, including computer hardware, systems software, applications software, and all configurations.",S_E,0.5,12.3,0.231
2512-devops,DevOps / site reliability engineer,"Develop or direct software system testing or validation procedures, programming, or documentation.",C_G,0.48,11.1,0.673
2512-devops,DevOps / site reliability engineer,"Confer with systems analysts, engineers, programmers and others to design systems and to obtain information on project limitations and capabilities, performance requirements and interfaces.",C_G,0.6,8.4,0.44
2512-devops,DevOps / site reliability engineer,"Modify existing software to correct errors, adapt it to new hardware, or upgrade interfaces and improve performance.",C_G,0.55,9.5,0.54
2512-devops,DevOps / site reliability engineer,"Researching, analyzing and evaluating requirements for software applications and operating systems.",C_G,0.7,12.5,0.261
2512-devops,DevOps / site reliability engineer,Consulting with engineering staff to evaluate interface between hardware and software.,C_G,0.6,6.6,0.44
2512-devops,DevOps / site reliability engineer,"Assessing, developing, upgrading and documenting maintenance procedures for operating systems, communications environments and applications software.",C_G,0.6,6.6,0.44
2512-devops,DevOps / site reliability engineer,Consulting with customers concerning maintenance of software system.,C_G,0.6,6.6,0.44
2512-devops,DevOps / site reliability engineer,Build and maintain CI/CD pipelines with automated test gates and controlled production release stages.,S_E,0.48,6.6,0.261
2512-devops,DevOps / site reliability engineer,"Manage infrastructure as code for cloud environments, secrets, and environment-specific configurations.",C_G,0.6,6.6,0.44
2512-devops,DevOps / site reliability engineer,"Implement observability stacks for logs, metrics, tracing, and service-level objective alerting.",C_G,0.6,6.6,0.44
2512-devops,DevOps / site reliability engineer,"Coordinate incident response, postmortems, and reliability improvements for production services.",S_E,0.55,6.6,0.168
2166-ux,UX / UI designer,Key information into computer equipment to create layouts for client or supervisor.,C_G,0.6,10.2,0.44
2166-ux,UX / UI designer,"Develop graphics and layouts for product illustrations, company logos, and Web sites.",C_G,0.6,10.0,0.44
2166-ux,UX / UI designer,Confer with clients to discuss and determine layout design.,C_G,0.6,9.3,0.44
2166-ux,UX / UI designer,Determining the objectives and constraints of the design brief by consulting with clients and stakeholders.,C_G,0.6,6.6,0.44
2166-ux,UX / UI designer,Undertaking research and analysing functional communication requirements.,C_G,0.7,6.6,0.261
2166-ux,UX / UI designer,Formulating design concepts for the subject to be communicated.,C_G,0.6,6.6,0.44
2166-ux,UX / UI designer,"Preparing sketches, diagrams, illustrations and layouts to communicate design concepts.",C_G,0.6,6.6,0.44
2166-ux,UX / UI designer,"Designing complex graphics and animation to satisfy functional, aesthetic and creative requirements of the design brief.",C_G,0.8,6.6,0.137
2166-ux,UX / UI designer,"Creating two-dimensional and three-dimensional images depicting objects in motion or illustrating a process, using computer animation or modeling programs.",C_G,0.7,11.1,0.261
2166-ux,UX / UI designer,"Negotiating design solutions with clients, management, sales and production staff.",S_E,0.6,6.6,0.119
2166-ux,UX / UI designer,"Selecting, specifying or recommending functional and aesthetic materials and media for publication, delivery or display.",C_G,0.6,6.6,0.44
2166-ux,UX / UI designer,Detailing and documenting the selected design for production.,C_G,0.6,6.6,0.44
2166-ux,UX / UI designer,Supervising or carrying out production in the chosen media.,S_E,0.48,6.6,0.261
3153-uas,Drone / unmanned aircraft systems,"Check aircraft prior to flights to ensure that the engines, controls, instruments, and other systems are functioning properly.",C_R,0.7,11.6,0.618
3153-uas,Drone / unmanned aircraft systems,"Co-pilot aircraft or perform captain's duties, as required.",Phi_S,0.82,11.5,0.053
3153-uas,Drone / unmanned aircraft systems,Use instrumentation to pilot aircraft when visibility is poor.,Phi_S,0.82,11.5,0.053
3153-uas,Drone / unmanned aircraft systems,"Monitor engine operation, fuel consumption, and functioning of aircraft systems during flights.",C_R,0.7,11.2,0.618
3153-uas,Drone / unmanned aircraft systems,"Start engines, operate controls, and pilot airplanes to transport passengers, mail, or freight according to flight plans, regulations, and procedures.",Phi_S,0.7,10.8,0.128
3153-uas,Drone / unmanned aircraft systems,Flying and navigating aircraft in accordance with established control and operating procedures.,Phi_S,0.7,7.1,0.128
3153-uas,Drone / unmanned aircraft systems,Preparing and submitting flight plan or examining standard flight plan.,Phi_S,0.7,7.1,0.128
3153-uas,Drone / unmanned aircraft systems,"Controlling the operation of mechanical, electrical and electronic equipment and ensuring that all instruments and controls work properly.",Phi_S,0.55,8.1,0.327
3153-uas,Drone / unmanned aircraft systems,"Examining maintenance records and conducting inspections to ensure that aircraft are mechanically sound, maintenance has been performed and that all equipment is operational.",Phi_S,0.7,7.1,0.128
3153-uas,Drone / unmanned aircraft systems,Signing necessary certificates and maintaining official records of flight.,Phi_S,0.7,7.1,0.128
3153-uas,Drone / unmanned aircraft systems,Obtaining briefings and clearances before flights and maintaining contact with air traffic or flight control during flight.,Phi_S,0.7,7.1,0.128
2523-cloud,Cloud / platform engineer,Develop disaster recovery plans.,C_G,0.68,12.2,0.293
2523-cloud,Cloud / platform engineer,"Maintain and administer computer networks and related computing environments, including computer hardware, systems software, applications software, and all configurations.",S_E,0.5,13.8,0.231
2523-cloud,Cloud / platform engineer,"Monitor and analyze network performance and reports on data input or output to detect problems, identify inefficient use of computer resources, or perform capacity planning.",C_G,0.55,9.3,0.54
2523-cloud,Cloud / platform engineer,"Analyzing, developing, interpreting and evaluating complex system design and architecture specifications, data models and diagrams in the development, configuration and integration of computer syst...",C_G,0.8,7.1,0.137
2523-cloud,Cloud / platform engineer,"Monitoring network traffic, and activity, capacity and usage to ensure continued integrity and optimal network performance.",S_E,0.48,8.1,0.261
2523-cloud,Cloud / platform engineer,"Assessing and recommending improvements to network operations and integrated hardware, software, communications and operating systems.",C_G,0.6,7.1,0.44
2523-cloud,Cloud / platform engineer,Providing specialist skills in supporting and troubleshooting network problems and emergencies.,C_G,0.6,7.1,0.44
2523-cloud,Cloud / platform engineer,"Installing, configuring, testing, maintaining and administering new and upgraded networks, software database applications, servers and workstations.",C_G,0.6,7.1,0.44
2523-cloud,Cloud / platform engineer,"Preparing and maintaining procedures and documentation for network inventory, and recording diagnosis and resolution of network faults, enhancements and modifications to networks, and maintenance i...",C_G,0.55,7.1,0.54
2523-cloud,Cloud / platform engineer,Recommend strategies for network architecture.,C_G,0.7,7.1,0.261
2523-cloud,Cloud / platform engineer,"Design cloud network, compute, and storage architectures that meet security, resilience, and latency targets.",C_G,0.7,7.1,0.261
2523-cloud,Cloud / platform engineer,Provision and manage cloud resources using IaC tooling and policy-driven configuration baselines.,S_E,0.55,7.1,0.168
2120-actuary,Actuaries,"Design, review, and help administer insurance, annuity and pension plans, determining financial soundness and calculating premiums.",C_G,0.6,14.1,0.44
2120-actuary,Actuaries,"Studying, improving and developing mathematical, actuarial and statistical theories and techniques.",C_G,0.6,9.4,0.44
2120-actuary,Actuaries,"Advising on or applying mathematical principles, models and techniques to a wide range of tasks in the fields of engineering, natural, social or life sciences.",C_G,0.7,10.7,0.261
2120-actuary,Actuaries,"Conducting logical analyzes of management problems, especially in terms of input-output effectiveness, and formulating mathematical models of each problem usually for programming and solution by…",C_G,0.6,9.4,0.44
2120-actuary,Actuaries,"Designing and putting into operation pension schemes and life, health, social and other types of insurance systems.",C_G,0.6,9.4,0.44
2120-actuary,Actuaries,"Applying mathematics, statistics, probability and risk theory to assess potential financial impacts of future events.",C_G,0.6,9.4,0.44
2120-actuary,Actuaries,"Planning and organizing surveys and other statistical collections, and designing questionnaires.",C_G,0.6,9.4,0.44
2120-actuary,Actuaries,"Evaluating, processing, analyzing, and interpreting statistical data and preparing them for publication.",C_G,0.6,9.4,0.44
2120-actuary,Actuaries,Preparing scientific papers and reports.,C_G,0.6,9.4,0.44
2120-actuary,Actuaries,"Supervising the work of mathematical, actuarial and statistical assistants and statistical clerks.",S_E,0.55,9.4,0.168
2142-transportation,Transportation & traffic engineers,Plan alteration or modification of existing transportation structures to improve safety or function.,C_G,0.55,16.1,0.54
2142-transportation,Transportation & traffic engineers,Conducting research and developing new or improved theories and methods related to civil engineering.,C_G,0.7,13.3,0.261
2142-transportation,Transportation & traffic engineers,"Advising on and designing structures such as bridges, dams, docks, roads, airports, railways, canals, pipelines, waste-disposal and flood-control systems, and industrial and other large buildings.",C_G,0.6,11.5,0.44
2142-transportation,Transportation & traffic engineers,"Determining and specifying construction methods, materials and quality standards, and directing construction work.",C_G,0.6,11.5,0.44
2142-transportation,Transportation & traffic engineers,Establishing control systems to ensure efficient functioning of structures as well as safety and environmental protection.,S_E,0.55,11.5,0.168
2142-transportation,Transportation & traffic engineers,Organising and directing maintenance and repair of existing civil engineering structures.,S_E,0.58,13.3,0.137
2142-transportation,Transportation & traffic engineers,Analyzing the behaviour of soil and rock when placed under pressure by proposed structures and designing structural foundations.,C_G,0.6,11.5,0.44
2142-transportation,Transportation & traffic engineers,Analyzing the stability of structures and testing the behaviour and durability of materials used in their construction.,C_G,0.6,11.5,0.44
2144-automotive,Automotive engineers,Provide technical direction to other engineers or engineering support personnel.,S_E,0.6,12.1,0.119
2144-automotive,Automotive engineers,Conduct research studies to develop new concepts in the field of automotive engineering.,C_G,0.7,10.1,0.261
2144-automotive,Automotive engineers,"Research or implement green automotive technologies involving alternative fuels, electric or hybrid cars, or lighter or more fuel-efficient vehicles.",C_G,0.7,10.1,0.261
2144-automotive,Automotive engineers,Develop engineering specifications or cost estimates for automotive design concepts.,C_G,0.6,9.9,0.44
2144-automotive,Automotive engineers,Conduct automotive design reviews.,C_G,0.6,9.9,0.44
2144-automotive,Automotive engineers,"Advising on and designing machinery and tools for manufacturing, mining, construction, agricultural, and other industrial purposes.",C_G,0.6,8.0,0.44
2144-automotive,Automotive engineers,"Advising on and designing steam, internal combustion and other non-electric motors and engines used for propulsion of railway locomotives, road vehicles or aircraft, or for driving industrial or…",C_G,0.7,8.0,0.261
2144-automotive,Automotive engineers,"Advising on and designing airframes, undercarriages and other equipment for aircraft as well as suspension systems, brakes, vehicle bodies and other components of road vehicles.",C_G,0.6,8.0,0.44
2144-automotive,Automotive engineers,"Advising on and designing non-electrical parts of apparatus or products such as word processors, computers, precision instruments, cameras and projectors.",C_G,0.6,8.0,0.44
2144-automotive,Automotive engineers,"Establishing control standards and procedures to ensure efficient functioning and safety of machines, machinery, tools, motors, engines, industrial plant, equipment, or systems.",C_G,0.6,8.0,0.44
2144-automotive,Automotive engineers,"Ensuring that equipment, operation and maintenance comply with design specifications and safety standards.",C_G,0.52,8.0,0.599
2144-aerospace,Aerospace engineers,Formulate conceptual design of aeronautical or aerospace products or systems to meet customer requirements or conform to environmental regulations.,C_G,0.6,8.6,0.44
2144-aerospace,Aerospace engineers,"Write technical reports or other documentation, such as handbooks or bulletins, for use by engineering staff, management, or customers.",C_G,0.6,8.6,0.44
2144-aerospace,Aerospace engineers,"Direct or coordinate activities of engineering or technical personnel involved in designing, fabricating, modifying, or testing of aircraft or aerospace products.",S_E,0.55,8.4,0.168
2144-aerospace,Aerospace engineers,"Evaluate product data or design from inspections or reports for conformance to engineering principles, customer requirements, environmental regulations, or quality standards.",C_G,0.52,8.4,0.599
2144-aerospace,Aerospace engineers,"Develop design criteria for aeronautical or aerospace products or systems, including testing methods, production costs, quality standards, environmental standards, or completion dates.",C_G,0.72,11.9,0.231
2144-aerospace,Aerospace engineers,"Analyze project requests, proposals, or engineering data to determine feasibility, productibility, cost, or production time of aerospace or aeronautical products.",C_G,0.6,7.7,0.44
2144-aerospace,Aerospace engineers,Design or engineer filtration systems that reduce harmful emissions.,C_G,0.6,6.6,0.44
2144-aerospace,Aerospace engineers,"Advising on and designing machinery and tools for manufacturing, mining, construction, agricultural, and other industrial purposes.",C_G,0.6,6.6,0.44
2144-aerospace,Aerospace engineers,"Advising on and designing: hulls, superstructures and propulsion systems of ships.",C_G,0.6,6.6,0.44
2144-aerospace,Aerospace engineers,"Advising on and designing airframes, undercarriages and other equipment for aircraft as well as suspension systems, brakes, vehicle bodies and other components of road vehicles.",C_G,0.6,6.6,0.44
2144-aerospace,Aerospace engineers,"Advising on and designing non-electrical parts of apparatus or products such as word processors, computers, precision instruments, cameras and projectors.",C_G,0.6,6.6,0.44
2144-aerospace,Aerospace engineers,"Establishing control standards and procedures to ensure efficient functioning and safety of machines, machinery, tools, motors, engines, industrial plant, equipment, or systems.",C_G,0.6,6.6,0.44
2144-aerospace,Aerospace engineers,"Ensuring that equipment, operation and maintenance comply with design specifications and safety standards.",C_G,0.52,6.6,0.599
2149-biomedical,Biomedical engineers,"Evaluate the safety, efficiency, and effectiveness of biomedical equipment.",C_G,0.6,17.6,0.44
2149-biomedical,Biomedical engineers,"Design or develop medical diagnostic or clinical instrumentation, equipment, or procedures, using the principles of engineering and biobehavioral sciences.",C_G,0.6,16.2,0.44
2149-biomedical,Biomedical engineers,"Conduct research, along with life scientists, chemists, and medical scientists, on the engineering aspects of the biological systems of humans and animals.",C_G,0.7,15.9,0.261
2149-biomedical,Biomedical engineers,Adapt or design computer hardware or software for medical science uses.,C_G,0.6,15.9,0.44
2149-biomedical,Biomedical engineers,"Applying knowledge of engineering to the design, development, and evaluation of biological and health systems and products, such as artificial organs, prostheses, and instrumentation.",C_G,0.6,11.5,0.44
2149-biomedical,Biomedical engineers,"Designing devices used in various medical procedures, imaging systems such as magnetic resonance imaging, and devices for automating insulin injections or controlling body functions.",C_G,0.78,11.5,0.157
2149-biomedical,Biomedical engineers,Identifying potential hazards and introducing safety procedures and devices.,C_G,0.6,11.5,0.44
2149-robotics,Robotics engineers,"Supervise technologists, technicians, or other engineers.",C_G,0.6,33.8,0.44
2149-robotics,Robotics engineers,"Design software to control robotic systems for applications, such as military defense or manufacturing.",C_G,0.6,33.5,0.44
2149-robotics,Robotics engineers,"Integrate robotics with peripherals, such as welders, controllers, or other equipment.",C_G,0.6,32.7,0.44
2151-power,Power systems engineers,"Design, implement, maintain, or improve electrical instruments, equipment, facilities, components, products, or systems for commercial, industrial, or domestic purposes.",C_G,0.65,9.3,0.345
2151-power,Power systems engineers,"Direct or coordinate manufacturing, construction, installation, maintenance, support, documentation, or testing activities to ensure compliance with specifications, codes, or customer requirements.",S_E,0.55,8.9,0.168
2151-power,Power systems engineers,Operate computer-assisted engineering or design software or equipment to perform engineering tasks.,C_G,0.6,8.6,0.44
2151-power,Power systems engineers,"Confer with engineers, customers, or others to discuss existing or potential engineering projects or products.",C_G,0.6,8.4,0.44
2151-power,Power systems engineers,"Collect data relating to commercial or residential development, population, or power system interconnection to determine operating efficiency of electrical systems.",C_G,0.6,8.2,0.44
2151-power,Power systems engineers,Compile data and write reports regarding existing or potential electrical engineering studies or projects.,C_G,0.6,8.1,0.44
2151-power,Power systems engineers,"Advising on and designing power stations and systems which generate , transmit and distribute electrical power.",C_G,0.6,6.8,0.44
2151-power,Power systems engineers,"Supervising, controlling and monitoring the operation of electrical generation, transmission and distribution systems.",S_E,0.68,7.7,0.067
2151-power,Power systems engineers,"Advising on and designing systems for electrical motors, electrical traction and other equipment, or electrical domestic appliances.",C_G,0.6,6.8,0.44
2151-power,Power systems engineers,Specifying electrical installation and application in industrial and other buildings and objects.,C_G,0.6,6.8,0.44
2151-power,Power systems engineers,"Establishing control standards and procedures to monitor performance and safety of electrical generating and distribution systems, motors and equipment.",C_G,0.52,6.8,0.599
2151-power,Power systems engineers,"Determining manufacturing methods for electrical systems, as well as maintenance and repair of existing electrical systems, motors and equipment.",C_G,0.58,6.8,0.48
2151-power,Power systems engineers,"Advise on technological aspects of electrical engineering materials, products.",C_G,0.6,6.8,0.44
2152-control,Control systems engineers,"Design electronic components, software, products, or systems for commercial, industrial, medical, military, or scientific applications.",C_G,0.7,11.1,0.261
2152-control,Control systems engineers,Operate computer-assisted engineering or design software or equipment to perform electronics engineering tasks.,C_G,0.6,9.3,0.44
2152-control,Control systems engineers,"Evaluate project work to ensure effectiveness, technical adequacy, or compatibility in the resolution of complex electronics engineering problems.",C_G,0.55,9.1,0.54
2152-control,Control systems engineers,"Direct or coordinate activities concerned with manufacture, construction, installation, maintenance, operation, or modification of electronic equipment, products, or systems.",S_E,0.55,10.0,0.168
2152-control,Control systems engineers,"Confer with engineers, customers, vendors, or others to discuss existing or potential electronics engineering projects or products.",C_G,0.6,8.5,0.44
2152-control,Control systems engineers,"Develop or perform operational, maintenance, or testing procedures for electronic products, components, equipment, or systems.",C_G,0.6,9.0,0.44
2152-control,Control systems engineers,"Inspect electronic equipment, instruments, products, or systems to ensure conformance to specifications, safety standards, or applicable codes or regulations.",C_R,0.43,8.5,0.933
2152-control,Control systems engineers,"Advising on and designing electronic devices or components, circuits, semi-conductors, and systems.",C_G,0.6,6.9,0.44
2152-control,Control systems engineers,"Specifying production or installation methods, materials and quality standards and directing production or installation work of electronic products and systems.",S_E,0.48,6.9,0.261
2152-control,Control systems engineers,"Designing electronic circuits and components for use in fields such as aerospace guidance and propulsion control, acoustics, or instruments and controls.",C_G,0.6,6.9,0.44
2152-control,Control systems engineers,"Researching and advising on radar, telemetry and remote control systems, microwaves and other electronic equipment.",C_G,0.7,6.9,0.261
2152-control,Control systems engineers,Designing and developing signal processing algorithms and implementing these through appropriate choice of hardware and software.,C_G,0.6,6.9,0.44
2221-np,Nurse practitioners,Maintain complete and detailed records of patients' health care plans and prognoses.,C_R,0.43,14.1,0.933
2221-np,Nurse practitioners,"Develop treatment plans, based on scientific rationale, standards of care, and professional practice guidelines.",C_G,0.52,13.3,0.599
2221-np,Nurse practitioners,"Analyze and interpret patients' histories, symptoms, physical findings, or diagnostic information to develop appropriate diagnoses.",C_G,0.7,13.3,0.261
2221-np,Nurse practitioners,"Planning, providing and evaluating nursing care for patients according to the practice and standards of modern nursing.",Phi_U,0.52,8.1,0.049
2221-np,Nurse practitioners,Coordinating the care of patients in consultation with other health professionals and members of health teams.,S_E,0.55,10.6,0.168
2221-np,Nurse practitioners,"Planning and providing personal care, treatments and therapies including administerin medications, and monitoring responses to treatment or care plan.",Phi_U,0.48,8.1,0.067
2221-np,Nurse practitioners,"Cleaning wounds and applying surgical dressings and bandages (f) monitoring pain and discomfort experienced by patients and alleviating pain using a variety of therapies, including the use of pain-...",Phi_U,0.76,8.1,0.008
2221-np,Nurse practitioners,"Planning and participating in health education programmes, health promotion and nurse education activities in clinical and community settings.",C_G,0.48,8.1,0.673
2221-np,Nurse practitioners,"Answering questions from patients and families and providing information about prevention of ill-health, treatment and care.",C_G,0.7,8.1,0.261
2221-np,Nurse practitioners,Conducting research on nursing practices and procedures and disseminating findings such as through scientific papers and reports.,C_G,0.7,8.1,0.261
2261-orthodontist,Orthodontists,Diagnose teeth and jaw or other dental-facial abnormalities.,C_G,0.75,11.5,0.192
2261-orthodontist,Orthodontists,"Examine patients to assess abnormalities of jaw development, tooth position, and other dental-facial structures.",Phi_U,0.76,11.5,0.008
2261-orthodontist,Orthodontists,Advise patients to comply with treatment plans.,C_G,0.7,11.1,0.261
2261-orthodontist,Orthodontists,Coordinate orthodontic services with other dental and medical services.,S_E,0.55,10.7,0.168
2261-orthodontist,Orthodontists,"Diagnosing diseases, injuries, irregularities and malformations of teeth and associated structures in the mouth and jaw using a range of methods such as radiographs, salivary tests and medical hist...",C_G,0.7,6.9,0.261
2261-orthodontist,Orthodontists,"Providing preventative oral health care such as periodontal treatments, fluoride applications and oral health promotion.",Phi_U,0.7,6.9,0.012
2261-orthodontist,Orthodontists,Administering anesthetics to limit the amount of pain experienced by patients during procedures (d) prescribing medication for relief of ongoing pain after procedures (e) providing restorative oral...,Phi_U,0.7,6.9,0.012
2261-orthodontist,Orthodontists,"Providing surgical treatments such as extraction of teeth, biopsy of tissue, and performing orthodontic treatment.",Phi_U,0.76,6.9,0.008
2261-orthodontist,Orthodontists,Measuring and taking impressions of patients' jaws and teeth in order to determine the shape and size of dental prostheses.,Phi_U,0.76,6.9,0.008
2261-orthodontist,Orthodontists,"Designing , making, and fitting prosthodontic appliances such as space maintainers, bridges, and dentures, or writing fabrication instructions or prescriptions for dental prosthetic technicians.",Phi_U,0.76,6.9,0.008
2261-orthodontist,Orthodontists,Assisting in diagnosing general diseases having oral manifestations such as diabetes.,C_G,0.7,6.9,0.261
2261-orthodontist,Orthodontists,"Educating patients and families on dental hygiene, nutrition and other measures to take care of oral health.",C_G,0.5,6.9,0.636
2411-forensic,Forensic accountants,Prepare written reports of investigation findings.,C_G,0.6,10.5,0.44
2411-forensic,Forensic accountants,Prepare detailed reports on audit findings.,C_G,0.6,10.8,0.44
2411-forensic,Forensic accountants,"Report to management about asset utilization and audit results, and recommend changes in operations and financial activities.",C_G,0.6,10.6,0.44
2411-forensic,Forensic accountants,"Supervise auditing of establishments, and determine scope of investigation required.",C_G,0.66,10.6,0.327
2411-forensic,Forensic accountants,"Advising on, planning and installing budgetary, accounts controlling and other accounting policies and systems.",C_G,0.55,7.2,0.54
2411-forensic,Forensic accountants,"Preparing and certifying financial statements for presentation to management, shareholders and statutory or other bodies.",C_G,0.65,7.2,0.345
2411-forensic,Forensic accountants,"Preparing tax returns, advising on taxation problems and contesting disputed claims before tax officials.",C_G,0.6,7.2,0.44
2411-forensic,Forensic accountants,Preparing or reporting on profit forecasts and budgets.,C_G,0.7,7.2,0.261
2411-forensic,Forensic accountants,"Conducting financial investigations in such matters as suspected fraud, insolvency and bankruptcy.",C_G,0.65,7.2,0.345
2411-forensic,Forensic accountants,Auditing accounts and bookkeeping records.,C_G,0.6,7.2,0.44
2411-forensic,Forensic accountants,"Conducting investigations and advising management on financial aspects of productivity, stockholdings, sales, new products, etc.",C_G,0.6,7.2,0.44
2411-forensic,Forensic accountants,Devising and controlling a system to determine unit cost of products and services.,C_G,0.6,7.2,0.44
2411-tax,Tax accountants and preparers,Prepare or assist in preparing simple to complex tax returns for individuals or small businesses.,C_R,0.66,13.7,0.69
2411-tax,Tax accountants and preparers,"Review financial records, such as income statements and documentation of expenditures to determine forms needed to prepare tax returns.",C_R,0.58,13.5,0.808
2411-tax,Tax accountants and preparers,"Prepare and review federal, state, and local tax returns using complete client records and substantiation files.",C_R,0.58,9.1,0.808
2411-tax,Tax accountants and preparers,Apply due-diligence requirements for refundable credits and document compliance with preparer checklists.,C_R,0.58,9.1,0.808
2411-tax,Tax accountants and preparers,"Analyze tax positions, deductions, and credits to ensure filings align with current statutory guidance.",C_G,0.6,9.1,0.44
2411-tax,Tax accountants and preparers,Reconcile trial balances to tax workpapers and resolve book-to-tax adjustments before submission deadlines.,C_R,0.58,9.1,0.808
2411-tax,Tax accountants and preparers,Respond to tax authority notices and support clients through audit-document requests and representation steps.,C_G,0.66,9.1,0.327
2411-tax,Tax accountants and preparers,"Estimate quarterly tax payments and advise clients on withholding, cash-flow, and penalty-avoidance planning.",C_G,0.6,9.1,0.44
2411-tax,Tax accountants and preparers,"Maintain engagement documentation for return-signoff, preparer review, and quality-control procedures.",C_R,0.43,9.1,0.933
2411-tax,Tax accountants and preparers,"Monitor annual tax-law updates and update preparation workflows, templates, and client questionnaires.",C_R,0.58,9.1,0.808
2412-retirement,Retirement and estate planners,"Interview clients to determine their current income, expenses, insurance coverage, tax status, financial objectives, risk tolerance, or other information needed to develop a financial plan.",C_G,0.6,14.6,0.44
2412-retirement,Retirement and estate planners,Analyze financial information obtained from clients to determine strategies for meeting clients' financial objectives.,C_G,0.7,11.7,0.261
2412-retirement,Retirement and estate planners,"Review clients' accounts and plans regularly to determine whether life changes, economic changes, environmental concerns, or financial performance indicate a need for plan reassessment.",C_G,0.6,11.3,0.44
2412-retirement,Retirement and estate planners,"Manage client portfolios, keeping client plans up-to-date.",C_G,0.6,13.0,0.44
2412-retirement,Retirement and estate planners,"Recommend to clients strategies in cash management, insurance coverage, investment planning, or other areas to help them achieve their financial goals.",C_G,0.7,11.3,0.261
2412-retirement,Retirement and estate planners,Building and maintaining a client base.,C_R,0.43,7.6,0.933
2412-retirement,Retirement and estate planners,"Setting financial objectives, and developing and implementing strategies for achieving the financial objectives.",C_G,0.7,7.6,0.261
2412-retirement,Retirement and estate planners,Arranging to buy and sell stocks and bonds for clients.,C_G,0.43,7.6,0.754
2412-retirement,Retirement and estate planners,"Monitoring investment performance, and reviewing and revising investment plans based on modified needs and changes in markets.",C_G,0.6,7.6,0.44
2412-retirement,Retirement and estate planners,Recommending and arranging insurance cover for clients.,C_G,0.6,7.6,0.44
2424-instructional,Instructional designers,"Plan and conduct teacher training programs and conferences dealing with new classroom procedures, instructional materials and equipment, and teaching aids.",C_G,0.48,14.0,0.673
2424-instructional,Instructional designers,"Recommend, order, or authorize purchase of instructional materials, supplies, equipment, and visual aids designed to meet student educational needs and district standards.",C_G,0.52,13.4,0.599
2424-instructional,Instructional designers,"Research, evaluate, and prepare recommendations on curricula, instructional methods, and materials for school systems.",C_G,0.7,12.8,0.261
2424-instructional,Instructional designers,"Analyze performance data to determine effectiveness of instructional systems, courses, or instructional materials.",C_G,0.6,10.4,0.44
2424-instructional,Instructional designers,Identifying training needs and requirements of individuals and organizations.,C_G,0.6,18.2,0.44
2424-instructional,Instructional designers,Setting human resource development objectives and evaluating learning outcomes.,C_G,0.6,10.4,0.44
2424-instructional,Instructional designers,"Preparing and developing instructional training material and aids such as handbooks, visual aids, online tutorials, demonstration models, and supporting training reference documentation.",C_G,0.7,10.4,0.261
2424-instructional,Instructional designers,"Designing, coordinating, scheduling and conducting training and development programs that can be delivered in the form of individual and group instruction, and facilitating workshops, meetings…",C_G,0.55,10.4,0.54
2434-presales,ICT pre-sales & solutions engineers,Negotiate prices or terms of sales or service agreements.,C_G,0.6,10.5,0.44
2434-presales,ICT pre-sales & solutions engineers,Prepare and submit sales contracts for orders.,C_R,0.43,10.5,0.933
2434-presales,ICT pre-sales & solutions engineers,Visit establishments to evaluate needs or to promote product or service sales.,C_G,0.6,10.3,0.44
2434-presales,ICT pre-sales & solutions engineers,Create sales or service contracts for products or services.,C_G,0.6,10.3,0.44
2434-presales,ICT pre-sales & solutions engineers,Contact new or existing customers to discuss how specific products or services can meet their needs.,C_G,0.6,11.7,0.44
2434-presales,ICT pre-sales & solutions engineers,Identify resale opportunities and support them to achieve sales plans.,C_G,0.6,9.9,0.44
2434-presales,ICT pre-sales & solutions engineers,"Soliciting orders and selling goods to retail, industrial, wholesale and other establishments.",C_G,0.55,7.3,0.54
2434-presales,ICT pre-sales & solutions engineers,"Selling technical equipment, supplies and related services to business establishments or individuals.",C_G,0.55,7.3,0.54
2434-presales,ICT pre-sales & solutions engineers,Updating customer records and preparing sales reports.,C_R,0.43,7.3,0.933
2434-presales,ICT pre-sales & solutions engineers,"Arranging delivery of goods, installation of equipment and the provision of services.",C_R,0.43,7.3,0.933
2434-presales,ICT pre-sales & solutions engineers,Reporting customers' reactions and requirements to manufacturers.,C_R,0.43,7.3,0.933
2512-mobile,Mobile application developers,Analyze user needs and software requirements to determine feasibility of design within time and cost constraints.,C_G,0.6,9.0,0.44
2512-mobile,Mobile application developers,"Develop or direct software system testing or validation procedures, programming, or documentation.",C_G,0.48,11.2,0.673
2512-mobile,Mobile application developers,"Modify existing software to correct errors, adapt it to new hardware, or upgrade interfaces and improve performance.",C_G,0.55,9.4,0.54
2512-mobile,Mobile application developers,"Design, develop and modify software systems, using scientific analysis and mathematical models to predict and measure outcomes and consequences of design.",C_G,0.7,7.7,0.261
2512-mobile,Mobile application developers,"Consult with customers or other departments on project status, proposals, or technical issues, such as software system design or maintenance.",C_G,0.6,8.5,0.44
2512-mobile,Mobile application developers,"Researching, analyzing and evaluating requirements for software applications and operating systems.",C_G,0.7,14.0,0.261
2512-mobile,Mobile application developers,Consulting with engineering staff to evaluate interface between hardware and software.,C_G,0.6,6.7,0.44
2512-mobile,Mobile application developers,"Assessing, developing, upgrading and documenting maintenance procedures for operating systems, communications environments and applications software.",C_G,0.6,6.7,0.44
2512-mobile,Mobile application developers,Develop mobile app features for iOS and/or Android using platform SDKs and secure API integrations.,C_G,0.6,6.7,0.44
2512-mobile,Mobile application developers,"Optimize app startup time, memory usage, and battery performance across device profiles.",C_G,0.6,6.7,0.44
2512-mobile,Mobile application developers,"Implement offline sync, push notifications, and background processing with reliability safeguards.",C_G,0.6,6.7,0.44
2512-mobile,Mobile application developers,"Integrate analytics, crash reporting, and feature flags for iterative release management.",C_G,0.55,6.7,0.54
2519-embedded,Embedded systems developers,Monitor functioning of equipment to ensure system operates in conformance with specifications.,C_R,0.43,12.4,0.933
2519-embedded,Embedded systems developers,Analyze user needs and software requirements to determine feasibility of design within time and cost constraints.,C_G,0.6,12.4,0.44
2519-embedded,Embedded systems developers,Operate computer-assisted engineering or design software or equipment to perform electronics engineering tasks.,C_G,0.6,12.1,0.44
2519-embedded,Embedded systems developers,"Develop or direct software system testing or validation procedures, programming, or documentation.",C_G,0.48,17.0,0.673
2519-embedded,Embedded systems developers,"Confer with systems analysts, engineers, programmers and others to design systems and to obtain information on project limitations and capabilities, performance requirements and interfaces.",C_G,0.6,11.4,0.44
2519-embedded,Embedded systems developers,Installing software and hardware and configuring operating system software in preparation for testing.,C_R,0.58,9.2,0.808
2519-embedded,Embedded systems developers,Verifying that programmes function according to user requirements and established guidelines.,C_G,0.55,9.2,0.54
2519-embedded,Embedded systems developers,"Executing, analyzing and documenting results of software application tests and information and telecommunication systems tests.",C_G,0.6,16.3,0.44
2611-corporate,Corporate and in-house counsel,"Interpret laws, rulings and regulations for individuals and businesses.",C_G,0.6,14.3,0.44
2611-corporate,Corporate and in-house counsel,"Analyze the probable outcomes of cases, using knowledge of legal precedents.",C_G,0.7,11.4,0.261
2611-corporate,Corporate and in-house counsel,Gather evidence to formulate defense or to initiate legal actions by such means as interviewing clients and witnesses to ascertain the facts of a case.,C_G,0.7,13.0,0.261
2611-corporate,Corporate and in-house counsel,Evaluate findings and develop strategies and arguments in preparation for presentation of cases.,C_G,0.7,12.6,0.261
2611-corporate,Corporate and in-house counsel,"Prepare, draft, and review legal documents, such as wills, deeds, patent applications, mortgages, leases, and contracts.",C_G,0.8,10.7,0.137
2611-corporate,Corporate and in-house counsel,"Researching legal principles, statutes and previous court decisions related to specific cases.",C_G,0.7,7.6,0.261
2611-corporate,Corporate and in-house counsel,Accepting briefs and pleading in the higher court.,C_G,0.48,7.6,0.673
2611-corporate,Corporate and in-house counsel,Negotiating settlements in matters which involve legal disputes.,C_G,0.7,7.6,0.261
2611-corporate,Corporate and in-house counsel,Drafting legislation and preparing government regulations based on existing laws.,C_G,0.6,7.6,0.44
2611-corporate,Corporate and in-house counsel,"Drawing up legal documents such as contracts, real estate transactions and wills and preparing statements of legal opinions.",C_G,0.48,7.6,0.673
2611-litigation,Litigation attorneys,"Interpret laws, rulings and regulations for individuals and businesses.",C_G,0.6,14.2,0.44
2611-litigation,Litigation attorneys,Gather evidence to formulate defense or to initiate legal actions by such means as interviewing clients and witnesses to ascertain the facts of a case.,C_G,0.7,13.0,0.261
2611-litigation,Litigation attorneys,Evaluate findings and develop strategies and arguments in preparation for presentation of cases.,C_G,0.7,12.8,0.261
2611-litigation,Litigation attorneys,Present evidence to defend clients or prosecute defendants in criminal or civil litigation.,C_G,0.48,11.1,0.673
2611-litigation,Litigation attorneys,"Prepare, draft, and review legal documents, such as wills, deeds, patent applications, mortgages, leases, and contracts.",C_G,0.8,10.8,0.137
2611-litigation,Litigation attorneys,"Researching legal principles, statutes and previous court decisions related to specific cases.",C_G,0.7,7.6,0.261
2611-litigation,Litigation attorneys,Accepting briefs and pleading in the higher court.,C_G,0.48,7.6,0.673
2611-litigation,Litigation attorneys,Acting as prosecutor on behalf of the Government.,C_G,0.75,7.6,0.192
2611-litigation,Litigation attorneys,Negotiating settlements in matters which involve legal disputes.,C_G,0.7,7.6,0.261
2611-litigation,Litigation attorneys,"Drawing up legal documents such as contracts, real estate transactions and wills and preparing statements of legal opinions.",C_G,0.48,7.6,0.673
2611-ip,IP & Patent Attorneys,"Interpret laws, rulings and regulations for individuals and businesses.",C_G,0.6,12.1,0.44
2611-ip,IP & Patent Attorneys,"Analyze the probable outcomes of cases, using knowledge of legal precedents.",C_G,0.7,10.2,0.261
2611-ip,IP & Patent Attorneys,Evaluate findings and develop strategies and arguments in preparation for presentation of cases.,C_G,0.7,10.0,0.261
2611-ip,IP & Patent Attorneys,"Advise clients concerning business transactions, claim liability, advisability of prosecuting or defending lawsuits, or legal rights and obligations.",C_G,0.7,9.8,0.261
2611-ip,IP & Patent Attorneys,"Prepare, draft, and review legal documents, such as wills, deeds, patent applications, mortgages, leases, and contracts.",C_G,0.8,9.6,0.137
2611-ip,IP & Patent Attorneys,Draft patent applications and claims that capture novelty while preserving defensible claim scope across embodiments.,C_G,0.8,6.9,0.137
2611-ip,IP & Patent Attorneys,"Prosecute applications by responding to Office Actions, amending claims, and arguing patentability over cited prior art.",C_G,0.6,6.9,0.44
2611-ip,IP & Patent Attorneys,Conduct freedom-to-operate and infringement analyses against active patent portfolios before product launch.,C_G,0.8,6.9,0.137
2611-ip,IP & Patent Attorneys,Coordinate inventor interviews to convert technical disclosures into enablement-quality specifications and figures.,C_G,0.55,6.9,0.54
2611-ip,IP & Patent Attorneys,"Prepare and file continuation, divisional, and foreign-priority filings to maintain prosecution strategy timelines.",C_R,0.55,6.9,0.843
2611-ip,IP & Patent Attorneys,"Advise business teams on claim charts, licensing posture, and litigation risk tied to competitor patents.",C_G,0.8,6.9,0.137
2611-ip,IP & Patent Attorneys,"Manage docket deadlines for examination responses, maintenance fees, and international phase-entry requirements.",C_G,0.48,6.9,0.673
2641-copywriter,Content writers & copywriters,"Write articles, bulletins, sales letters, speeches, and other related informative, marketing and promotional material.",C_G,0.6,13.4,0.44
2641-copywriter,Content writers & copywriters,Collaborate with other writers on specific projects.,C_G,0.6,10.6,0.44
2641-copywriter,Content writers & copywriters,"Conduct research to obtain factual information and authentic detail, using sources such as newspaper accounts, diaries, and interviews.",C_G,0.7,12.3,0.261
2641-copywriter,Content writers & copywriters,"Conceiving, writing and editing novels, plays, scripts, poetry and other material for publication or presentation.",C_G,0.7,10.6,0.261
2641-copywriter,Content writers & copywriters,"Writing scripts and continuities and preparing programmes for stage, film, radio and television productions.",C_G,0.6,10.6,0.44
2641-copywriter,Content writers & copywriters,"Analyzing material, such as specifications, notes and drawings, and writing manuals, user guides and other documents to explain clearly and concisely the installation, operation and maintenance of...",C_G,0.6,10.6,0.44
2641-copywriter,Content writers & copywriters,"Writing brochures, handbooks and similar technical publications.",C_G,0.6,10.6,0.44
2641-copywriter,Content writers & copywriters,"Selecting material for publication, checking style, grammar and accuracy of content, arranging for any necessary revisions and checks proof copies before printing.",C_G,0.43,10.6,0.754
2641-copywriter,Content writers & copywriters,"Write books, scripts, storyboards, plays, essays, speeches, manuals, specifications.",C_G,0.6,10.6,0.44
2643-interpreter,Interpreters (live and conference),Compile information on content and context of information to be translated and on intended audience.,C_G,0.6,17.9,0.44
2643-interpreter,Interpreters (live and conference),"Educate students, parents, staff, and teachers about the roles and functions of educational interpreters.",C_G,0.6,13.3,0.44
2643-interpreter,Interpreters (live and conference),"Proofread, edit, and revise translated materials.",C_G,0.6,15.1,0.44
2643-interpreter,Interpreters (live and conference),Train and supervise other translators or interpreters.,S_E,0.55,12.6,0.168
2643-interpreter,Interpreters (live and conference),"Studying relationships between ancient parent languages and modern language groups, tracing the origin and evolution of words, grammar and language forms, and presenting findings.",C_G,0.6,9.9,0.44
2643-interpreter,Interpreters (live and conference),"Advising on or preparing language classification systems, grammars, dictionaries and similar materials.",C_G,0.6,9.9,0.44
2643-interpreter,Interpreters (live and conference),"Interpreting from a spoken or a signed language into another spoken or signed language , in particular at conferences, meetings and similar occasions, and ensuring that the correct meaning and, as...",C_G,0.72,11.4,0.231
2643-interpreter,Interpreters (live and conference),Developing methods for the use of computers and other instruments to improve productivity and quality of translation.,C_G,0.6,9.9,0.44
3256-ems,Paramedics & emergency medical,Coordinate work with other emergency medical team members or police or fire department personnel.,S_E,0.76,10.4,0.036
3256-ems,Paramedics & emergency medical,"Drive mobile intensive care unit to specified location, following instructions from emergency medical dispatcher.",Phi_S,0.55,9.4,0.327
3256-ems,Paramedics & emergency medical,"Maintain vehicles and medical and communication equipment, and replenish first aid equipment and supplies.",Phi_U,0.6,9.4,0.027
3256-ems,Paramedics & emergency medical,"Coordinate with treatment center personnel to obtain patients' vital statistics and medical history, to determine the circumstances of the emergency, and to administer emergency treatment.",S_E,0.68,9.4,0.067
3256-ems,Paramedics & emergency medical,Interviewing patients and their families to obtain information on their health status and medical history.,C_G,0.6,14.7,0.44
3256-ems,Paramedics & emergency medical,"Assisting medical doctors and other health professionals to examine and treat patients, including measuring and recording vital signs, administering medications, and performing routine clinical…",Phi_U,0.43,9.4,0.096
3256-ems,Paramedics & emergency medical,"Getting patients ready for examination and treatment, including explaining procedures and showing them to examination rooms.",C_G,0.7,9.4,0.261
3256-ems,Paramedics & emergency medical,"Preparing and handling medical instruments and supplies, including sterilizing instruments and disposing of contaminated supplies in accordance with safety procedures.",Phi_U,0.6,9.4,0.027
3256-ems,Paramedics & emergency medical,"Collecting blood, tissue or other specimens, and preparing them for laboratory testing.",Phi_U,0.6,9.4,0.027
3256-ems,Paramedics & emergency medical,"Recording information on patients' medical history, diagnostic testing and treatment procedures and results, and other information in medical records-keeping systems.",C_R,0.58,9.4,0.808
3322-pharma_sales,Pharmaceutical sales,Negotiate prices or terms of sales or service agreements.,C_G,0.6,10.5,0.44
3322-pharma_sales,Pharmaceutical sales,Prepare and submit sales contracts for orders.,C_R,0.43,10.5,0.933
3322-pharma_sales,Pharmaceutical sales,Visit establishments to evaluate needs or to promote product or service sales.,C_G,0.6,10.3,0.44
3322-pharma_sales,Pharmaceutical sales,Sell service contracts for technical or scientific products.,C_G,0.6,10.3,0.44
3322-pharma_sales,Pharmaceutical sales,"Quote prices, credit terms, or other bid specifications.",C_R,0.43,11.8,0.933
3322-pharma_sales,Pharmaceutical sales,"Complete expense reports, sales reports, or other paperwork.",C_R,0.43,9.5,0.933
3322-pharma_sales,Pharmaceutical sales,"Soliciting orders and selling goods to retail, industrial, wholesale and other establishments.",C_G,0.55,7.4,0.54
3322-pharma_sales,Pharmaceutical sales,"Selling equipment, supplies and related services to business establishments or individuals.",C_G,0.55,7.4,0.54
3322-pharma_sales,Pharmaceutical sales,"Providing prospective customers with information about the characteristics and functions of the products and equipment for sale, and demonstrating its use or qualities.",C_G,0.6,7.4,0.44
3322-pharma_sales,Pharmaceutical sales,Following up clients to ensure satisfaction with products purchased.,C_R,0.43,7.4,0.933
3322-pharma_sales,Pharmaceutical sales,Provide product specific information as required.,C_R,0.43,7.4,0.933
3343-executive,Executive assistants,Prepare responses to correspondence containing routine inquiries.,C_R,0.35,19.5,0.964
3343-executive,Executive assistants,Drafting administrative correspondence and minutes.,C_G,0.6,14.6,0.44
3343-executive,Executive assistants,"Obtaining, proposing and monitoring deadlines and follow-up dates.",C_G,0.52,22.3,0.599
3343-executive,Executive assistants,"Screening requests for meetings, scheduling and organizing meetings and travel arrangements.",C_R,0.45,14.6,0.923
3343-executive,Executive assistants,"Assisting in the preparation of budgets, monitoring of expenditures, drafting of contracts and purchasing or acquisition orders.",C_G,0.6,14.6,0.44
3343-executive,Executive assistants,Writing and answering business or technical letters and other similar correspondence.,C_G,0.6,14.6,0.44
3511-network,Network operations technicians,"Maintain and administer computer networks and related computing environments, including computer hardware, systems software, applications software, and all configurations.",C_R,0.43,13.8,0.933
3511-network,Network operations technicians,Analyze and report computer network security breaches or attempted breaches.,C_G,0.6,10.5,0.44
3511-network,Network operations technicians,"Install network software, including security or firewall software.",C_R,0.58,10.0,0.808
3511-network,Network operations technicians,"Evaluate local area network (LAN) or wide area network (WAN) performance data to ensure sufficient availability or speed, to identify network problems, or for disaster recovery purposes.",S_E,0.68,9.8,0.067
3511-network,Network operations technicians,"Analyze network data to determine network usage, disk space availability, or server function.",C_G,0.6,9.8,0.44
3511-network,Network operations technicians,Operating and controlling peripheral and related computer equipment.,C_R,0.43,7.5,0.933
3511-network,Network operations technicians,"Entering commands, using computer terminal, and activating controls on computer and peripheral equipment to integrate and operate equipment.",C_R,0.43,8.9,0.933
3511-network,Network operations technicians,Monitoring systems for equipment failure or errors in performance.,C_R,0.43,7.5,0.933
3511-network,Network operations technicians,Notifying supervisor or maintenance technician of equipment malfunctions.,C_R,0.43,7.5,0.933
3511-network,Network operations technicians,"Reading job set-up instructions to determine equipment to be used, order of use, material such as disks and paper to be loaded, and control settings.",C_G,0.43,7.5,0.754
3511-network,Network operations technicians,"Loading peripheral equipment, such as printers, with selected materials for operating runs, or oversee loading of peripheral equipment by peripheral equipment operators.",Phi_S,0.43,7.5,0.56
3512-helpdesk,Help desk & IT support specialists,Oversee the daily performance of computer systems.,C_R,0.43,13.7,0.933
3512-helpdesk,Help desk & IT support specialists,"Read technical manuals, confer with users, or conduct computer diagnostics to investigate and resolve problems or to provide technical assistance and support.",C_G,0.6,11.8,0.44
3512-helpdesk,Help desk & IT support specialists,"Set up equipment for employee use, performing or ensuring proper installation of cables, operating systems, or appropriate software.",Phi_U,0.43,13.4,0.096
3512-helpdesk,Help desk & IT support specialists,Answer user inquiries regarding computer software or hardware operation to resolve problems.,C_G,0.6,14.9,0.44
3512-helpdesk,Help desk & IT support specialists,"Install and perform minor repairs to hardware, software, or peripheral equipment, following design or installation specifications.",Phi_U,0.52,13.1,0.049
3512-helpdesk,Help desk & IT support specialists,Enter commands and observe system functioning to verify correct operations and detect errors.,C_R,0.43,12.3,0.933
3512-helpdesk,Help desk & IT support specialists,"Maintain records of daily data communication transactions, problems and remedial actions taken, or installation activities.",C_R,0.43,11.9,0.933
3512-helpdesk,Help desk & IT support specialists,"Consulting user guides, technical manuals and other documents to research and implement solutions.",C_G,0.55,9.0,0.54
5142-nail,Nail technicians,Apply undercoat and clear or colored polish onto nails with brush.,Phi_U,0.6,10.8,0.027
5142-nail,Nail technicians,"Prepare nail cuticles with water and oil, using cuticle knives to push back cuticles and scissors or nippers to trim cuticles.",Phi_U,0.6,10.6,0.027
5142-nail,Nail technicians,"Prepare customers' nails in soapy water, using swabs, files, and orange sticks.",Phi_U,0.28,10.6,0.261
5142-nail,Nail technicians,Schedule client appointments and accept payments.,C_R,0.3,11.0,0.975
5142-nail,Nail technicians,Advise clients on nail care and use of products and colors.,C_G,0.6,9.8,0.44
5142-nail,Nail technicians,Treat nails to repair or improve strength and resilience by wrapping.,Phi_U,0.58,9.5,0.031
5142-nail,Nail technicians,"Polish nails, using powdered polish and buffer.",Phi_U,0.6,8.9,0.027
5142-nail,Nail technicians,"Cleaning and applying creams, lotions and related products to face and parts of body.",Phi_U,0.3,7.2,0.231
5142-nail,Nail technicians,Applying make-up to clients of a beauty parlour or to actors and other performers.,Phi_U,0.6,7.2,0.027
5142-nail,Nail technicians,"Cleaning, shaping and polishing finger- and toe-nails and treating minor ailments of the human foot such as corns, calluses or deformed toe-nails.",Phi_U,0.3,7.2,0.231
5142-nail,Nail technicians,Attending to clients taking baths and administering elementary massage.,Phi_U,0.42,7.2,0.103
5142-esthetic,Estheticians & skincare specialists,"Select and apply cosmetic products, such as creams, lotions, and tonics.",Phi_U,0.42,18.1,0.103
5142-esthetic,Estheticians & skincare specialists,Provide facial and body massages.,Phi_U,0.42,17.7,0.103
5142-esthetic,Estheticians & skincare specialists,Applying make-up to clients of a beauty parlour or to actors and other performers.,Phi_U,0.6,10.7,0.027
5142-esthetic,Estheticians & skincare specialists,"Cleaning, shaping and polishing finger- and toe-nails and treating minor ailments of the human foot such as corns, calluses or deformed toe-nails.",Phi_U,0.3,10.7,0.231
5142-esthetic,Estheticians & skincare specialists,Attending to clients taking baths and administering elementary massage.,Phi_U,0.42,10.7,0.103
5142-esthetic,Estheticians & skincare specialists,"Using waxing, sugaring and depilation techniques to remove unwanted bodily hair.",Phi_U,0.43,10.7,0.096
5142-esthetic,Estheticians & skincare specialists,Advising clients on diet and exercise to assist in weight loss and slimming.,C_G,0.6,10.7,0.44
5142-esthetic,Estheticians & skincare specialists,Arranging appointments and collecting payments.,C_R,0.3,10.7,0.975
5142-makeup,Makeup artists,Clean supplies such as makeup brushes.,Phi_U,0.43,14.3,0.096
5142-makeup,Makeup artists,Assess performers' skin type to ensure that makeup will not cause break-outs or skin irritations.,Phi_U,0.43,12.4,0.096
5142-makeup,Makeup artists,"Attach prostheses to performers and apply makeup to create special features or effects, such as scars, aging, or illness.",Phi_U,0.43,11.9,0.096
5142-makeup,Makeup artists,Cleanse and tone the skin to prepare it for makeup application.,Phi_U,0.43,11.6,0.096
5142-makeup,Makeup artists,"Cleaning and applying creams, lotions and related products to face and parts of body.",Phi_U,0.3,8.3,0.231
5142-makeup,Makeup artists,Giving facial and body massage.,Phi_U,0.42,8.3,0.103
5142-makeup,Makeup artists,Applying make-up to clients of a beauty parlour or to actors and other performers.,Phi_U,0.6,8.3,0.027
5142-makeup,Makeup artists,"Cleaning, shaping and polishing finger- and toe-nails and treating minor ailments of the human foot such as corns, calluses or deformed toe-nails.",Phi_U,0.3,8.3,0.231
5142-makeup,Makeup artists,Attending to clients taking baths and administering elementary massage.,Phi_U,0.42,8.3,0.103
5142-makeup,Makeup artists,"Using waxing, sugaring and depilation techniques to remove unwanted bodily hair.",Phi_U,0.43,8.3,0.096
5411-wildland,Wildland firefighters,"Rescue survivors from burning buildings, accident sites, and water hazards.",Phi_U,0.76,12.5,0.008
5411-wildland,Wildland firefighters,"Respond to fire alarms and other calls for assistance, such as automobile and industrial accidents.",Phi_U,0.48,11.6,0.067
5411-wildland,Wildland firefighters,Drive and operate fire fighting vehicles and equipment.,Phi_U,0.65,11.4,0.018
5411-wildland,Wildland firefighters,Inspect fire sites after flames have been extinguished to ensure that there is no further danger.,C_R,0.43,9.9,0.933
5411-wildland,Wildland firefighters,"Maintain contact with fire dispatchers at all times to notify them of the need for additional firefighters and supplies, or to detail any difficulties encountered.",Phi_U,0.48,9.7,0.067
5411-wildland,Wildland firefighters,Collaborate with other firefighters as a member of a firefighting crew.,Phi_U,0.76,9.5,0.008
5411-wildland,Wildland firefighters,Conduct wildland firefighting training.,Phi_U,0.76,9.5,0.008
5411-wildland,Wildland firefighters,Controlling and extinguishing fires using manual and power equipment and firefighting chemicals.,Phi_U,0.76,6.5,0.008
5411-wildland,Wildland firefighters,Preventing or limiting the spread of dangerous substances in case of fires or accidents.,C_G,0.48,6.5,0.673
5411-wildland,Wildland firefighters,Informing the public about fire prevention.,C_G,0.48,6.5,0.673
5411-wildland,Wildland firefighters,"Assist in other emergencies, protect life.",Phi_U,0.68,6.5,0.014
7231-ev,Electric & hybrid vehicle techs,"Test drive vehicles and test components and systems, using equipment such as infrared engine analyzers, compression gauges, and computerized diagnostic devices.",Phi_S,0.55,9.9,0.327
7231-ev,Electric & hybrid vehicle techs,Test and adjust repaired systems to meet manufacturers' performance specifications.,Phi_U,0.58,9.8,0.031
7231-ev,Electric & hybrid vehicle techs,"Repair, reline, replace, and adjust brakes.",Phi_U,0.58,9.8,0.031
7231-ev,Electric & hybrid vehicle techs,Estimate costs of vehicle repair.,C_R,0.43,9.6,0.933
7231-ev,Electric & hybrid vehicle techs,Confer with customers to obtain descriptions of vehicle problems and to discuss work to be performed and future repair requirements.,C_G,0.5,9.4,0.636
7231-ev,Electric & hybrid vehicle techs,"Perform routine and scheduled maintenance services, such as oil changes, lubrications, and tune-ups.",Phi_U,0.42,9.3,0.103
7231-ev,Electric & hybrid vehicle techs,Detecting and diagnosing faults in engines and parts.,C_G,0.7,6.7,0.261
7231-ev,Electric & hybrid vehicle techs,"Fitting, examining, testing and servicing motor vehicle and motorcycle engines.",Phi_U,0.42,6.7,0.103
7231-ev,Electric & hybrid vehicle techs,Replacing engine components or complete engines.,Phi_U,0.42,6.7,0.103
7231-ev,Electric & hybrid vehicle techs,"Installing or adjusting motors and brakes, and adjusting steering or other parts of motor vehicles.",Phi_U,0.55,8.7,0.039
7231-ev,Electric & hybrid vehicle techs,"Performing scheduled maintenance services, such as oil changes, lubrications and engine tune-ups, to achieve smoother running of vehicles and ensure compliance with pollution regulations.",Phi_U,0.42,6.7,0.103
7231-ev,Electric & hybrid vehicle techs,Reassembling engines and parts after being repaired.,Phi_U,0.58,6.7,0.031
7411-solar,Solar PV installers,"Identify electrical, environmental, and safety hazards associated with photovoltaic (PV) installations.",Phi_U,0.58,10.1,0.031
7411-solar,Solar PV installers,"Identify installation locations with proper orientation, area, solar access, or structural integrity for photovoltaic (PV) arrays.",Phi_U,0.42,9.9,0.103
7411-solar,Solar PV installers,"Assemble solar modules, panels, or support structures, as specified.",Phi_U,0.42,9.9,0.103
7411-solar,Solar PV installers,Install required labels on solar system components and hardware.,Phi_U,0.58,9.7,0.031
7411-solar,Solar PV installers,"Determine materials, equipment, and installation sequences necessary to maximize installation efficiency.",Phi_U,0.42,9.7,0.103
7411-solar,Solar PV installers,"Installing, maintaining and repairing electrical wiring systems and related equipment in various buildings such as schools, hospitals, commercial establishments, residential buildings and other…",Phi_U,0.58,6.7,0.031
7411-solar,Solar PV installers,"Examining blueprints, wiring diagrams and specifications to determine sequences and methods of operation.",C_G,0.42,6.7,0.769
7411-solar,Solar PV installers,"Planning layout and installation of electrical wiring, equipment and fixtures, based on job specifications and relevant standards.",Phi_U,0.58,6.7,0.031
7411-solar,Solar PV installers,"Inspecting electrical systems, equipment, and components to identify hazards, defects, and the need for adjustment or repair.",Phi_U,0.58,10.5,0.031
7411-solar,Solar PV installers,"Selecting, cutting and connecting wire and cable to terminals and connectors.",Phi_U,0.42,6.7,0.103
7411-solar,Solar PV installers,Measuring and laying out installation reference points.,Phi_U,0.42,6.7,0.103
7411-solar,Solar PV installers,Positioning and installing electrical switchboards.,Phi_U,0.58,6.7,0.031
7411-evcharge,EV charging station installers,Prepare sketches or follow blueprints to determine the location of wiring or equipment and to ensure conformance to building and safety codes.,Phi_U,0.58,10.2,0.031
7411-evcharge,EV charging station installers,"Work from ladders, scaffolds, or roofs to install, maintain, or repair electrical wiring, equipment, or fixtures.",Phi_U,0.58,10.0,0.031
7411-evcharge,EV charging station installers,"Assemble, install, test, or maintain electrical or electronic wiring, equipment, appliances, apparatus, or fixtures, using hand tools or power tools.",Phi_U,0.58,9.8,0.031
7411-evcharge,EV charging station installers,"Plan layout and installation of electrical wiring, equipment, or fixtures, based on job specifications and local codes.",Phi_U,0.58,10.8,0.031
7411-evcharge,EV charging station installers,"Test electrical systems or continuity of circuits in electrical wiring, equipment, or fixtures, using testing devices, such as ohmmeters, voltmeters, or oscilloscopes, to ensure compatibility and s...",Phi_U,0.58,9.0,0.031
7411-evcharge,EV charging station installers,"Direct or train workers to install, maintain, or repair electrical wiring, equipment, or fixtures.",S_E,0.5,10.5,0.231
7411-evcharge,EV charging station installers,"Inspect electrical systems, equipment, or components to identify hazards, defects, or the need for adjustment or repair, and to ensure compliance with codes.",Phi_U,0.58,12.9,0.031
7411-evcharge,EV charging station installers,"Examining blueprints, wiring diagrams and specifications to determine sequences and methods of operation.",C_G,0.42,6.7,0.769
7411-evcharge,EV charging station installers,"Selecting, cutting and connecting wire and cable to terminals and connectors.",Phi_U,0.42,6.7,0.103
7411-evcharge,EV charging station installers,Measuring and laying out installation reference points.,Phi_U,0.42,6.7,0.103
7411-evcharge,EV charging station installers,Positioning and installing electrical switchboards.,Phi_U,0.58,6.7,0.031
9629,Elementary workers NEC,Greet patrons attending entertainment events.,C_R,0.43,13.7,0.933
9629,Elementary workers NEC,"Assign dressing room facilities, locker space, or clothing containers to patrons of athletic or bathing establishments.",C_R,0.35,15.5,0.964
9629,Elementary workers NEC,"Sell or collect admission tickets, passes, or facility memberships from patrons at entertainment events.",C_R,0.43,15.1,0.933
9629,Elementary workers NEC,"Examining tickets or passes to verify authenticity, using criteria such as colour and date issued.",C_R,0.43,9.3,0.933
9629,Elementary workers NEC,Guiding patrons to exits or providing other instructions or assistance in case of emergency.,Phi_U,0.55,9.3,0.039
9629,Elementary workers NEC,"Directing patrons to restroom, concession stands and telephones.",C_R,0.43,9.3,0.933
9629,Elementary workers NEC,Directing vehicle drivers to parking spaces.,Phi_U,0.43,9.3,0.096
9629,Elementary workers NEC,Patrolling parking areas in order to prevent vehicle damage and vehicle property thefts.,Phi_U,0.55,9.3,0.039
9629,Elementary workers NEC,"Calculating parking charges, and collecting fees from customers.",C_R,0.43,9.3,0.933
5164-livestock,Stable attendants & livestock,Feed and water animals according to schedules and feeding instructions.,Phi_U,0.3,10.7,0.231
5164-livestock,Stable attendants & livestock,"Provide treatment to sick or injured animals, or contact veterinarians to secure treatment.",Phi_U,0.42,10.2,0.103
5164-livestock,Stable attendants & livestock,"Do facility laundry and clean, organize, maintain, and disinfect animal quarters, such as pens and stables, and equipment, such as saddles and bridles.",Phi_U,0.48,11.0,0.067
5164-livestock,Stable attendants & livestock,Feed and water livestock and monitor food and water supplies.,Phi_U,0.3,9.9,0.231
5164-livestock,Stable attendants & livestock,Exercise animals to maintain their physical and mental health.,Phi_U,0.42,9.7,0.103
5164-livestock,Stable attendants & livestock,"Collect and record animal information, such as weight, size, physical condition, treatments received, medications given, and food intake.",Phi_U,0.43,11.3,0.096
5164-livestock,Stable attendants & livestock,Clean and disinfect surgical equipment.,P_A,0.35,10.8,0.961
5164-livestock,Stable attendants & livestock,Leading or carrying animals to treatment room and holding them during treatment.,Phi_U,0.42,6.6,0.103
5164-livestock,Stable attendants & livestock,"Labelling drugs, chemicals and other pharmaceutical preparations and replenishing stock.",C_R,0.35,6.6,0.964
5164-livestock,Stable attendants & livestock,"Training animals to develop and maintain desired animal behaviors for competition, entertainment, obedience, security, riding and other activities.",Phi_U,0.6,6.6,0.027
5164-livestock,Stable attendants & livestock,"Grooming animals by performing tasks such as washing, brushing, clipping, and trimming coats, cutting nails and cleaning ears.",Phi_U,0.43,6.6,0.096
